-- phpMyAdmin SQL Dump
-- version 5.1.3
-- https://www.phpmyadmin.net/
--
-- Host: localhost
-- Generation Time: May 06, 2022 at 09:49 AM
-- Server version: 10.4.21-MariaDB
-- PHP Version: 7.4.29

SET SQL_MODE = "NO_AUTO_VALUE_ON_ZERO";
START TRANSACTION;
SET time_zone = "+00:00";


/*!40101 SET @OLD_CHARACTER_SET_CLIENT=@@CHARACTER_SET_CLIENT */;
/*!40101 SET @OLD_CHARACTER_SET_RESULTS=@@CHARACTER_SET_RESULTS */;
/*!40101 SET @OLD_COLLATION_CONNECTION=@@COLLATION_CONNECTION */;
/*!40101 SET NAMES utf8mb4 */;

--
-- Database: `tu_theatre`
--

-- --------------------------------------------------------

--
-- Table structure for table `employee`
--

CREATE TABLE `employee` (
  `eID` varchar(13) NOT NULL,
  `Salary` float NOT NULL,
  `StartDate` date NOT NULL
) ENGINE=InnoDB DEFAULT CHARSET=utf8mb4;

--
-- Dumping data for table `employee`
--

INSERT INTO `employee` (`eID`, `Salary`, `StartDate`) VALUES
('1139600108126', 20000, '2020-04-08'),
('1500000000003', 50000, '2016-04-12'),
('1500000000004', 45000, '2018-07-11'),
('1500000000005', 55000, '2014-11-13'),
('3004266217422', 25000, '2022-04-30'),
('3200185600329', 30000, '2015-04-15');

-- --------------------------------------------------------

--
-- Table structure for table `emp_theatre`
--

CREATE TABLE `emp_theatre` (
  `eID` varchar(13) NOT NULL,
  `TheatreID` int(2) NOT NULL
) ENGINE=InnoDB DEFAULT CHARSET=utf8mb4;

--
-- Dumping data for table `emp_theatre`
--

INSERT INTO `emp_theatre` (`eID`, `TheatreID`) VALUES
('1139600108126', 4),
('1500000000003', 3),
('1500000000004', 4),
('1500000000005', 5),
('3004266217422', 1),
('3200185600329', 2);

-- --------------------------------------------------------

--
-- Table structure for table `film`
--

CREATE TABLE `film` (
  `FilmID` int(3) NOT NULL,
  `FilmName` varchar(100) NOT NULL,
  `FilmDescription` varchar(700) DEFAULT NULL,
  `FilmDuration` time NOT NULL,
  `FilmRating` float DEFAULT NULL
) ENGINE=InnoDB DEFAULT CHARSET=utf8mb4;

--
-- Dumping data for table `film`
--

INSERT INTO `film` (`FilmID`, `FilmName`, `FilmDescription`, `FilmDuration`, `FilmRating`) VALUES
(50, 'Spider-Man No Way Home', 'With Spider-Man\'s identity now revealed, Peter asks Doctor Strange for help. When a spell goes wrong, dangerous foes from other worlds start to appear, forcing Peter to discover what it truly means to be Spider-Man.', '02:28:00', 3),
(51, 'Avengers Endgame', 'After the devastating events of Avengers: Infinity War (2018), the universe is in ruins. With the help of remaining allies, the Avengers assemble once more in order to reverse Thanos\' actions and restore balance to the universe.', '03:01:00', 4.4),
(52, 'The Medium', 'A horrifying story of a shaman\'s inheritance in the Isan region of Thailand. What could be possessing a family member might not be the Goddess they make it out to be.', '02:10:00', 3.4),
(54, 'Doctor Strange', 'Dr. Stephen Strange casts a forbidden spell that opens the doorway to the multiverse, including alternate versions of himself, whose threat to humanity is too great for the combined forces of Strange, Wong, and Wanda Maximoff.', '02:06:00', 4.35),
(55, 'Fantastic Beasts The Secrets of Dumbledore', 'Professor Albus Dumbledore knows the powerful Dark wizard Gellert Grindelwald is moving to seize control of the wizarding world. Unable to stop him alone, he entrusts Magizoologist Newt Scamander to lead an intrepid team of wizards, witches and one brave Muggle baker on a dangerous mission, where they encounter old and new beasts and clash with Grindelwald\'s growing legion of followers. But with the stakes so high, how long can Dumbledore remain on the sidelines?', '02:22:00', 3.4),
(56, 'The Lost City', 'A reclusive romance novelist on a book tour with her cover model gets swept up in a kidnapping attempt that lands them both in a cutthroat jungle adventure.', '01:52:00', 3),
(57, 'Twenty One Pilots Cinema Experience', 'Journey inside the minds of GRAMMY Award winning duo Twenty One Pilots, as the epic Scaled And Icy album release celebration from 2021 comes to cinemas worldwide on May 19 with encores in select cinemas on May 22. Experience the psychedelic reimagined take on live theater and performance again, but this time on a massive scale.', '01:26:00', 0),
(58, 'Morbius', 'Biochemist Michael Morbius tries to cure himself of a rare blood disease, but he inadvertently infects himself with a form of vampirism instead.', '01:44:00', 4),
(59, 'Top Gun Maverick', 'After more than thirty years of service as one of the Navy\'s top aviators, Pete Mitchell is where he belongs, pushing the envelope as a courageous test pilot and dodging the advancement in rank that would ground him.', '02:11:00', 5),
(60, 'Jujutsu Kaisen Zero The Movie', 'Yuta Okkotsu, a high schooler who gains control of an extremely powerful Cursed Spirit and gets enrolled in the Tokyo Prefectural Jujutsu High School by Jujutsu Sorcerers to help him control his power and keep an eye on him.', '01:45:00', 3.4),
(61, 'Nope', 'The residents of a lonely gulch in inland California bear witness to an uncanny and chilling discovery.', '01:55:00', 3.5),
(62, 'Gold', 'In the not too distant future, a drifter (Zac Efron) travelling through the desert discovers the largest gold nugget ever found. He must guard it from thieves amid harsh conditions and wild dogs while waiting for his partner to return.', '01:37:00', 2.5),
(63, 'Minions The Rise of Gru', 'In 2017, DESPICABLE ME 3 grossed over $1 billion worldwide and broke the record for opening weekend and single-day gross in China. Next summer, ILLUMINATION will release the follow-up to the third-highest grossing animated film of all time worldwide with MINIONS: THE RISE OF GRU.', '01:30:00', 2),
(64, 'The Northman', 'From visionary director Robert Eggers comes The Northman, an action-filled epic that follows a young Viking prince on his quest to avenge his father\'s murder.', '02:17:00', 0),
(65, 'After Yang', 'In a near future, a family reckons with questions of love, connection, and loss after their A.I. helper unexpectedly breaks down.', '01:36:00', 4),
(66, 'The Black Phone', 'After being abducted by a child killer and locked in a soundproof basement, a 13-year-old boy starts receiving calls on a disconnected phone from the killer\'s previous victims.', '01:42:00', 5),
(67, 'Jurassic World Dominion', 'Four years after the destruction of Isla Nublar, dinosaurs now live--and hunt--alongside humans all over the world. This fragile balance will reshape the future and determine, once and for all, whether human beings are to remain the apex predators on a planet they now share with history\'s most fearsome creatures in a new Era', '02:26:00', 3),
(68, 'The Last 10 Years', 'Twenty-year-old Matsuri Takabayashi learns that she only has ten years to live due to an incurable disease. She decides to not dwell on her life and not to fall in love, but she meets Kazuto Manabe at a school reunion.', '02:04:00', 3.5),
(69, 'Everything Everywhere All at Once', 'An aging Chinese immigrant is swept up in an insane adventure, where she alone can save the world by exploring other universes connecting with the lives she could have led.', '02:19:00', 0),
(70, 'Shark Bait', 'A group of friends enjoying a weekend steal a couple of jetskis racing them out to sea, ending up in a horrific head-on collision. They struggle to find a way home with a badly injured friend while from the waters below predators lurk.', '01:27:00', 4.5);

-- --------------------------------------------------------

--
-- Table structure for table `filmgenre`
--

CREATE TABLE `filmgenre` (
  `FilmID` int(3) NOT NULL,
  `FilmGenre` varchar(100) NOT NULL
) ENGINE=InnoDB DEFAULT CHARSET=utf8mb4;

--
-- Dumping data for table `filmgenre`
--

INSERT INTO `filmgenre` (`FilmID`, `FilmGenre`) VALUES
(50, 'Action'),
(50, 'Fantasy'),
(51, 'Action'),
(51, 'Fantasy'),
(52, 'Horror'),
(52, 'Mystery'),
(52, 'Thriller'),
(54, 'Action'),
(54, 'Fantasy'),
(54, 'Mystery'),
(55, 'Fantasy'),
(55, 'Mystery'),
(56, 'Action'),
(56, 'Comedy'),
(57, 'Comedy'),
(58, 'Action'),
(58, 'Horror'),
(58, 'Thriller'),
(59, 'Action'),
(59, 'Thriller'),
(60, 'Action'),
(60, 'Fantasy'),
(61, 'Fantasy'),
(61, 'Horror'),
(61, 'Mystery'),
(62, 'Action'),
(62, 'Thriller'),
(63, 'Comedy'),
(64, 'Action'),
(64, 'Romance'),
(65, 'Fantasy'),
(65, 'Romance'),
(66, 'Horror'),
(66, 'Thriller'),
(67, 'Action'),
(67, 'Mystery'),
(67, 'Romance'),
(68, 'Romance'),
(69, 'Action'),
(69, 'Comedy'),
(70, 'Action'),
(70, 'Thriller');

-- --------------------------------------------------------

--
-- Table structure for table `member`
--

CREATE TABLE `member` (
  `mID` varchar(13) NOT NULL,
  `MemberType` varchar(1) NOT NULL
) ENGINE=InnoDB DEFAULT CHARSET=utf8mb4;

--
-- Dumping data for table `member`
--

INSERT INTO `member` (`mID`, `MemberType`) VALUES
('1500000000005', 'K'),
('1139400124857', 'N'),
('1500000000002', 'N'),
('3340100323251', 'N'),
('6990032970211', 'N'),
('3004266217422', 'O'),
('3240100573148', 'O'),
('1133450108126', 'S'),
('1139600108126', 'S'),
('1139600423166', 'S'),
('1233567890123', 'S'),
('1500000000001', 'S'),
('1500000000003', 'S'),
('1500000000004', 'S'),
('3200185600329', 'S');

-- --------------------------------------------------------

--
-- Table structure for table `membertype`
--

CREATE TABLE `membertype` (
  `MemberType` varchar(1) NOT NULL,
  `Discount` float NOT NULL
) ENGINE=InnoDB DEFAULT CHARSET=utf8mb4;

--
-- Dumping data for table `membertype`
--

INSERT INTO `membertype` (`MemberType`, `Discount`) VALUES
('K', 20),
('N', 0),
('O', 40),
('S', 30);

-- --------------------------------------------------------

--
-- Table structure for table `p_district`
--

CREATE TABLE `p_district` (
  `District` varchar(50) NOT NULL,
  `Amphurs` varchar(50) NOT NULL,
  `Province` varchar(50) NOT NULL,
  `Zipcode` varchar(5) NOT NULL
) ENGINE=InnoDB DEFAULT CHARSET=utf8mb4;

--
-- Dumping data for table `p_district`
--

INSERT INTO `p_district` (`District`, `Amphurs`, `Province`, `Zipcode`) VALUES
('กกกุง', 'เมืองสรวง', 'ร้อยเอ็ด', '45220'),
('กกดู่', 'เมืองเลย', 'เลย', '42000'),
('กกตูม', 'ดงหลวง', 'มุกดาหาร', '49140'),
('กกทอง', 'เมืองเลย', 'เลย', '42000'),
('กกปลาซิว', 'ภูพาน', 'สกลนคร', '47180'),
('กกสะทอน', 'ด่านซ้าย', 'เลย', '42120'),
('กกแก้วบูรพา', 'บางไทร', 'พระนครศรีอยุธยา', '13190'),
('กกแดง', 'นิคมคำสร้อย', 'มุกดาหาร', '49130'),
('กกแรต', 'กงไกรลาศ', 'สุโขทัย', '64170'),
('กกโก', 'เมืองลพบุรี', 'ลพบุรี', '15000'),
('กกโพธิ์', 'หนองพอก', 'ร้อยเอ็ด', '45210'),
('กง', 'กงไกรลาศ', 'สุโขทัย', '64170'),
('กงรถ', 'ห้วยแถลง', 'นครราชสีมา', '30240'),
('กงหรา', 'กงหรา', 'พัทลุง', '93180'),
('กบินทร์', 'กบินทร์บุรี', 'ปราจีนบุรี', '25110'),
('กบเจา', 'บางบาล', 'พระนครศรีอยุธยา', '13250'),
('กมลา', 'กะทู้', 'ภูเก็ต', '83150'),
('กมลาไสย', 'กมลาไสย', 'กาฬสินธุ์', '46130'),
('กรงปินัง', 'กรงปินัง', 'ยะลา', '95000'),
('กรอกสมบูรณ์', 'ศรีมหาโพธิ', 'ปราจีนบุรี', '25140'),
('กระจัน', 'อู่ทอง', 'สุพรรณบุรี', '72160'),
('กระจาย', 'ป่าติ้ว', 'ยโสธร', '35150'),
('กระจิว', 'ภาชี', 'พระนครศรีอยุธยา', '13140'),
('กระชอน', 'พิมาย', 'นครราชสีมา', '30110'),
('กระดังงา', 'บางคนที', 'สมุทรสงคราม', '75120'),
('กระตีบ', 'กำแพงแสน', 'นครปฐม', '73180'),
('กระทุ่มราย', 'หนองจอก', 'กรุงเทพมหานคร', '10530'),
('กระทุ่มล้ม', 'สามพราน', 'นครปฐม', '73220'),
('กระทุ่มแพ้ว', 'บ้านสร้าง', 'ปราจีนบุรี', '25150'),
('กระนวน', 'ซำสูง', 'ขอนแก่น', '40170'),
('กระบี่น้อย', 'เมืองกระบี่', 'กระบี่', '81000'),
('กระบี่ใหญ่', 'เมืองกระบี่', 'กระบี่', '81000'),
('กระสัง', 'เมืองบุรีรัมย์', 'บุรีรัมย์', '31000'),
('กระหวะ', 'มายอ', 'ปัตตานี', '94190'),
('กระหวัน', 'ขุนหาญ', 'ศรีสะเกษ', '33150'),
('กระหาด', 'จอมพระ', 'สุรินทร์', '32180'),
('กระออม', 'สำโรงทาบ', 'สุรินทร์', '32170'),
('กระเดียน', 'ตระการพืชผล', 'อุบลราชธานี', '34130'),
('กระเทียม', 'สังขะ', 'สุรินทร์', '32150'),
('กระเบื้อง', 'ชุมพลบุรี', 'สุรินทร์', '32190'),
('กระเบื้องนอก', 'เมืองยาง', 'นครราชสีมา', '30270'),
('กระเบื้องใหญ่', 'พิมาย', 'นครราชสีมา', '30110'),
('กระเสาะ', 'มายอ', 'ปัตตานี', '94140'),
('กระเสียว', 'สามชุก', 'สุพรรณบุรี', '72130'),
('กระแจะ', 'นายายอาม', 'จันทบุรี', '22170'),
('กระแชง', 'สามโคก', 'ปทุมธานี', '12160'),
('กระแสบน', 'แกลง', 'ระยอง', '21110'),
('กระแสสินธุ์', 'กระแสสินธุ์', 'สงขลา', '90270'),
('กระโด', 'ยะรัง', 'ปัตตานี', '94160'),
('กระโทก', 'โชคชัย', 'นครราชสีมา', '30190'),
('กระโพ', 'ท่าตูม', 'สุรินทร์', '32120'),
('กระโสบ', 'เมืองอุบลราชธานี', 'อุบลราชธานี', '34000'),
('กระโสม', 'ตะกั่วทุ่ง', 'พังงา', '82130'),
('กรับใหญ่', 'บ้านโป่ง', 'ราชบุรี', '70190'),
('กรุงชิง', 'นบพิตำ', 'นครศรีธรรมราช', '80160'),
('กรุงหยัน', 'ทุ่งใหญ่', 'นครศรีธรรมราช', '80240'),
('กรูด', 'พุนพิน', 'สุราษฎร์ธานี', '84130'),
('กร่ำ', 'แกลง', 'ระยอง', '21190'),
('กฤษณา', 'สีคิ้ว', 'นครราชสีมา', '30140'),
('กลอนโด', 'ด่านมะขามเตี้ย', 'กาญจนบุรี', '71260'),
('กลัดหลวง', 'ท่ายาง', 'เพชรบุรี', '76130'),
('กลันทา', 'เมืองบุรีรัมย์', 'บุรีรัมย์', '31000'),
('กลาง', 'เดชอุดม', 'อุบลราชธานี', '34160'),
('กลางดง', 'ปากช่อง', 'นครราชสีมา', '30320'),
('กลางหมื่น', 'เมืองกาฬสินธุ์', 'กาฬสินธุ์', '46000'),
('กลางเวียง', 'เวียงสา', 'น่าน', '55110'),
('กลางแดด', 'เมืองนครสวรรค์', 'นครสวรรค์', '60000'),
('กลางใหญ่', 'เขื่องใน', 'อุบลราชธานี', '34320'),
('กลาย', 'ท่าศาลา', 'นครศรีธรรมราช', '80160'),
('กล้วยกว้าง', 'ห้วยทับทัน', 'ศรีสะเกษ', '33210'),
('กล้วยแพะ', 'เมืองลำปาง', 'ลำปาง', '52000'),
('กวนวัน', 'เมืองหนองคาย', 'หนองคาย', '43000'),
('กวางโจน', 'ภูเขียว', 'ชัยภูมิ', '36110'),
('กองก๋อย', 'สบเมย', 'แม่ฮ่องสอน', '58110'),
('กองควาย', 'เมืองน่าน', 'น่าน', '55000'),
('กองดิน', 'แกลง', 'ระยอง', '22160'),
('กองทูล', 'หนองไผ่', 'เพชรบูรณ์', '67140'),
('กองนาง', 'ท่าบ่อ', 'หนองคาย', '43110'),
('กองแขก', 'แม่แจ่ม', 'เชียงใหม่', '50270'),
('กองโพน', 'นาตาล', 'อุบลราชธานี', '34170'),
('กอตอตือร๊ะ', 'รามัน', 'ยะลา', '95140'),
('กอลำ', 'ยะรัง', 'ปัตตานี', '94160'),
('กะดุนง', 'สายบุรี', 'ปัตตานี', '94110'),
('กะทุ่ม', 'มหาราช', 'พระนครศรีอยุธยา', '13150'),
('กะทูน', 'พิปูน', 'นครศรีธรรมราช', '80270'),
('กะทู้', 'กะทู้', 'ภูเก็ต', '83120'),
('กะบกเตี้ย', 'เนินขาม', 'ชัยนาท', '17130'),
('กะปง', 'กะปง', 'พังงา', '82170'),
('กะปาง', 'ทุ่งสง', 'นครศรีธรรมราช', '80310'),
('กะมัง', 'พระนครศรีอยุธยา', 'พระนครศรีอยุธยา', '13000'),
('กะมิยอ', 'เมืองปัตตานี', 'ปัตตานี', '94000'),
('กะรน', 'เมืองภูเก็ต', 'ภูเก็ต', '83100'),
('กะรุบี', 'กะพ้อ', 'ปัตตานี', '94230'),
('กะลาเส', 'สิเกา', 'ตรัง', '92150'),
('กะลุวอ', 'เมืองนราธิวาส', 'นราธิวาส', '96000'),
('กะลุวอเหนือ', 'เมืองนราธิวาส', 'นราธิวาส', '96000'),
('กะหรอ', 'นบพิตำ', 'นครศรีธรรมราช', '80160'),
('กะฮาด', 'เนินสง่า', 'ชัยภูมิ', '36130'),
('กะเฉด', 'เมืองระยอง', 'ระยอง', '21100'),
('กะเปอร์', 'กะเปอร์', 'ระนอง', '85120'),
('กะเปา', 'คีรีรัฐนิคม', 'สุราษฎร์ธานี', '84180'),
('กะเปียด', 'ฉวาง', 'นครศรีธรรมราช', '80260'),
('กะแดะ', 'กาญจนดิษฐ์', 'สุราษฎร์ธานี', '84160'),
('กะไหล', 'ตะกั่วทุ่ง', 'พังงา', '82130'),
('กังแอน', 'ปราสาท', 'สุรินทร์', '32140'),
('กันจุ', 'บึงสามพัน', 'เพชรบูรณ์', '67160'),
('กันตวจระมวล', 'ปราสาท', 'สุรินทร์', '32140'),
('กันตัง', 'กันตัง', 'ตรัง', '92110'),
('กันตังใต้', 'กันตัง', 'ตรัง', '92110'),
('กันทรอม', 'ขุนหาญ', 'ศรีสะเกษ', '33150'),
('กันทรารมย์', 'กระสัง', 'บุรีรัมย์', '31160'),
('กาญจนา', 'เมืองแพร่', 'แพร่', '54000'),
('กาตอง', 'ยะหา', 'ยะลา', '95120'),
('กาบัง', 'กาบัง', 'ยะลา', '95120'),
('กาบิน', 'กุดข้าวปุ้น', 'อุบลราชธานี', '34270'),
('กาบเชิง', 'กาบเชิง', 'สุรินทร์', '32210'),
('กายูคละ', 'แว้ง', 'นราธิวาส', '96160'),
('กายูบอเกาะ', 'รามัน', 'ยะลา', '95140'),
('การะเกด', 'เชียรใหญ่', 'นครศรีธรรมราช', '80190'),
('กาลอ', 'รามัน', 'ยะลา', '95140'),
('กาลิซา', 'ระแงะ', 'นราธิวาส', '96130'),
('กาลูปัง', 'รามัน', 'ยะลา', '95140'),
('กาวะ', 'สุไหงปาดี', 'นราธิวาส', '96140'),
('กาหลง', 'เมืองสมุทรสาคร', 'สมุทรสาคร', '74000'),
('กาฬสินธุ์', 'เมืองกาฬสินธุ์', 'กาฬสินธุ์', '46000'),
('กาเกาะ', 'เมืองสุรินทร์', 'สุรินทร์', '32000'),
('กาเยาะมาตี', 'บาเจาะ', 'นราธิวาส', '96170'),
('กำปัง', 'โนนไทย', 'นครราชสีมา', '30220'),
('กำพวน', 'สุขสำราญ', 'ระนอง', '85120'),
('กำพี้', 'บรบือ', 'มหาสารคาม', '44130'),
('กำเนิดนพคุณ', 'บางสะพาน', 'ประจวบคีรีขันธ์', '77140'),
('กำแพง', 'อุทุมพรพิสัย', 'ศรีสะเกษ', '33120'),
('กำแพงดิน', 'สามง่าม', 'พิจิตร', '66220'),
('กำแพงเซา', 'เมืองนครศรีธรรมราช', 'นครศรีธรรมราช', '80280'),
('กำแพงเพชร', 'รัตภูมิ', 'สงขลา', '90180'),
('กำแพงแสน', 'กำแพงแสน', 'นครปฐม', '73140'),
('กำแมด', 'กุดชุม', 'ยโสธร', '35140'),
('กำโลน', 'ลานสกา', 'นครศรีธรรมราช', '80230'),
('กื้ดช้าง', 'แม่แตง', 'เชียงใหม่', '50150'),
('กุง', 'ศิลาลาด', 'ศรีสะเกษ', '33160'),
('กุงเก่า', 'ท่าคันโท', 'กาฬสินธุ์', '46190'),
('กุฎี', 'ผักไห่', 'พระนครศรีอยุธยา', '13120'),
('กุฎโง้ง', 'พนัสนิคม', 'ชลบุรี', '20140'),
('กุดกว้าง', 'หนองเรือ', 'ขอนแก่น', '40210'),
('กุดกุง', 'คำเขื่อนแก้ว', 'ยโสธร', '35110'),
('กุดขอนแก่น', 'ภูเวียง', 'ขอนแก่น', '40150'),
('กุดขาคีม', 'รัตนบุรี', 'สุรินทร์', '32130'),
('กุดค้าว', 'กุฉินารายณ์', 'กาฬสินธุ์', '46110'),
('กุดจอก', 'หนองมะโมง', 'ชัยนาท', '17120'),
('กุดจับ', 'กุดจับ', 'อุดรธานี', '41250'),
('กุดจิก', 'สูงเนิน', 'นครราชสีมา', '30380'),
('กุดฉิม', 'ธาตุพนม', 'นครพนม', '48110'),
('กุดชมภู', 'พิบูลมังสาหาร', 'อุบลราชธานี', '34110'),
('กุดชุม', 'กุดชุม', 'ยโสธร', '35140'),
('กุดชุมแสง', 'หนองบัวแดง', 'ชัยภูมิ', '36210'),
('กุดดินจี่', 'นากลาง', 'หนองบัวลำภู', '39350'),
('กุดดู่', 'โนนสัง', 'หนองบัวลำภู', '39140'),
('กุดตาเพชร', 'ลำสนธิ', 'ลพบุรี', '15190'),
('กุดตุ้ม', 'เมืองชัยภูมิ', 'ชัยภูมิ', '36000'),
('กุดธาตุ', 'หนองนาคำ', 'ขอนแก่น', '40150'),
('กุดนกเปล้า', 'เมืองสระบุรี', 'สระบุรี', '18000'),
('กุดน้อย', 'สีคิ้ว', 'นครราชสีมา', '30140'),
('กุดน้ำใส', 'ค้อวัง', 'ยโสธร', '35160'),
('กุดบง', 'โพนพิสัย', 'หนองคาย', '43120'),
('กุดบาก', 'กุดบาก', 'สกลนคร', '47180'),
('กุดประทาย', 'เดชอุดม', 'อุบลราชธานี', '34160'),
('กุดปลาค้าว', 'เขาวง', 'กาฬสินธุ์', '46160'),
('กุดปลาดุก', 'เมืองอำนาจเจริญ', 'อำนาจเจริญ', '37000'),
('กุดป่อง', 'เมืองเลย', 'เลย', '42000'),
('กุดผึ้ง', 'สุวรรณคูหา', 'หนองบัวลำภู', '39270'),
('กุดพิมาน', 'ด่านขุนทด', 'นครราชสีมา', '30210'),
('กุดยม', 'ภูเขียว', 'ชัยภูมิ', '36110'),
('กุดยาลวน', 'ตระการพืชผล', 'อุบลราชธานี', '34130'),
('กุดรัง', 'กุดรัง', 'มหาสารคาม', '44130'),
('กุดลาด', 'เมืองอุบลราชธานี', 'อุบลราชธานี', '34000'),
('กุดสระ', 'เมืองอุดรธานี', 'อุดรธานี', '41000'),
('กุดสะเทียน', 'ศรีบุญเรือง', 'หนองบัวลำภู', '39180'),
('กุดสิมคุ้มใหม่', 'เขาวง', 'กาฬสินธุ์', '46160'),
('กุดหมากไฟ', 'หนองวัวซอ', 'อุดรธานี', '41220'),
('กุดหวาย', 'ศีขรภูมิ', 'สุรินทร์', '32110'),
('กุดหว้า', 'กุฉินารายณ์', 'กาฬสินธุ์', '46110'),
('กุดเค้า', 'มัญจาคีรี', 'ขอนแก่น', '40160'),
('กุดเชียงหมี', 'เลิงนกทา', 'ยโสธร', '35120'),
('กุดเพียขอม', 'ชนบท', 'ขอนแก่น', '40180'),
('กุดเมืองฮาม', 'ยางชุมน้อย', 'ศรีสะเกษ', '33190'),
('กุดเรือ', 'ทุ่งศรีอุดม', 'อุบลราชธานี', '34160'),
('กุดเรือคำ', 'วานรนิวาส', 'สกลนคร', '47120'),
('กุดเลาะ', 'เกษตรสมบูรณ์', 'ชัยภูมิ', '36120'),
('กุดเสลา', 'กันทรลักษ์', 'ศรีสะเกษ', '33110'),
('กุดแข้', 'เมืองมุกดาหาร', 'มุกดาหาร', '49000'),
('กุดแห่', 'เลิงนกทา', 'ยโสธร', '35120'),
('กุดโดน', 'ห้วยเม็ก', 'กาฬสินธุ์', '46170'),
('กุดโบสถ์', 'เสิงสาง', 'นครราชสีมา', '30330'),
('กุดใส้จ่อ', 'กันทรวิชัย', 'มหาสารคาม', '44150'),
('กุดไห', 'กุดบาก', 'สกลนคร', '47180'),
('กุตาไก้', 'ปลาปาก', 'นครพนม', '48160'),
('กุมภวาปี', 'กุมภวาปี', 'อุดรธานี', '41110'),
('กุยบุรี', 'กุยบุรี', 'ประจวบคีรีขันธ์', '77150'),
('กุยเหนือ', 'กุยบุรี', 'ประจวบคีรีขันธ์', '77150'),
('กุรุคุ', 'เมืองนครพนม', 'นครพนม', '48000'),
('กุศกร', 'ตระการพืชผล', 'อุบลราชธานี', '34130'),
('กุสุมาลย์', 'กุสุมาลย์', 'สกลนคร', '47210'),
('กุแหระ', 'ทุ่งใหญ่', 'นครศรีธรรมราช', '80240'),
('กุ่มหัก', 'หนองแค', 'สระบุรี', '18140'),
('กู่', 'ปรางค์กู่', 'ศรีสะเกษ', '33170'),
('กู่กาสิงห์', 'เกษตรวิสัย', 'ร้อยเอ็ด', '45150'),
('กู่จาน', 'คำเขื่อนแก้ว', 'ยโสธร', '35110'),
('กู่ทอง', 'เชียงยืน', 'มหาสารคาม', '44160'),
('กู่สวนแตง', 'บ้านใหม่ไชยพจน์', 'บุรีรัมย์', '31120'),
('กู่สันตรัตน์', 'นาดูน', 'มหาสารคาม', '44180'),
('ก่อเอ้', 'เขื่องใน', 'อุบลราชธานี', '34150'),
('ก้อ', 'ลี้', 'ลำพูน', '51110'),
('ก้อนแก้ว', 'คลองเขื่อน', 'ฉะเชิงเทรา', '24000'),
('ก้านเหลือง', 'นางรอง', 'บุรีรัมย์', '31110'),
('ก้ามปู', 'พยัคฆภูมิพิสัย', 'มหาสารคาม', '44110'),
('ขนงพระ', 'ปากช่อง', 'นครราชสีมา', '30130'),
('ขนวน', 'หนองนาคำ', 'ขอนแก่น', '40150'),
('ขนอนหลวง', 'บางปะอิน', 'พระนครศรีอยุธยา', '13160'),
('ขนอม', 'ขนอม', 'นครศรีธรรมราช', '80210'),
('ขนาบนาก', 'ปากพนัง', 'นครศรีธรรมราช', '80140'),
('ขนุน', 'กันทรลักษ์', 'ศรีสะเกษ', '33110'),
('ขมิ้น', 'เมืองกาฬสินธุ์', 'กาฬสินธุ์', '46000'),
('ขยาย', 'บางปะหัน', 'พระนครศรีอยุธยา', '13220'),
('ขลุง', 'ขลุง', 'จันทบุรี', '22110'),
('ขวัญเมือง', 'บางปะหัน', 'พระนครศรีอยุธยา', '13220'),
('ขวาว', 'เสลภูมิ', 'ร้อยเอ็ด', '45120'),
('ขวาวใหญ่', 'ศีขรภูมิ', 'สุรินทร์', '32110'),
('ขอนคลาน', 'ทุ่งหว้า', 'สตูล', '91120'),
('ขอนยูง', 'กุดจับ', 'อุดรธานี', '41250'),
('ขอนหาด', 'ชะอวด', 'นครศรีธรรมราช', '80180'),
('ขอนแก่น', 'เมืองร้อยเอ็ด', 'ร้อยเอ็ด', '45000'),
('ขอนแตก', 'สังขะ', 'สุรินทร์', '32150'),
('ขะยูง', 'อุทุมพรพิสัย', 'ศรีสะเกษ', '33120'),
('ขะเนจื้อ', 'แม่ระมาด', 'ตาก', '63140'),
('ขันเงิน', 'หลังสวน', 'ชุมพร', '86110'),
('ขัวก่าย', 'วานรนิวาส', 'สกลนคร', '47120'),
('ขัวมุง', 'สารภี', 'เชียงใหม่', '50140'),
('ขัวเรียง', 'ชุมแพ', 'ขอนแก่น', '40130'),
('ขั้นไดใหญ่', 'เมืองยโสธร', 'ยโสธร', '35000'),
('ขามทะเลสอ', 'ขามทะเลสอ', 'นครราชสีมา', '30280'),
('ขามป้อม', 'เขมราฐ', 'อุบลราชธานี', '34170'),
('ขามสมบูรณ์', 'คง', 'นครราชสีมา', '30260'),
('ขามสะแกแสง', 'ขามสะแกแสง', 'นครราชสีมา', '30290'),
('ขามเฒ่า', 'โนนสูง', 'นครราชสีมา', '30160'),
('ขามเฒ่าพัฒนา', 'กันทรวิชัย', 'มหาสารคาม', '44150'),
('ขามเปี้ย', 'ตระการพืชผล', 'อุบลราชธานี', '34130'),
('ขามเรียง', 'กันทรวิชัย', 'มหาสารคาม', '44150'),
('ขามใหญ่', 'เมืองอุบลราชธานี', 'อุบลราชธานี', '34000'),
('ขี้เหล็ก', 'เมืองอุบลราชธานี', 'อุบลราชธานี', '34000'),
('ขึ่ง', 'เวียงสา', 'น่าน', '55110'),
('ขุนกระทิง', 'เมืองชุมพร', 'ชุมพร', '86190'),
('ขุนคง', 'หางดง', 'เชียงใหม่', '50230'),
('ขุนควร', 'ปง', 'พะเยา', '56140'),
('ขุนซ่อง', 'แก่งหางแมว', 'จันทบุรี', '22160'),
('ขุนตัดหวาย', 'จะนะ', 'สงขลา', '90130'),
('ขุนทอง', 'บัวใหญ่', 'นครราชสีมา', '30120'),
('ขุนทะเล', 'ลานสกา', 'นครศรีธรรมราช', '80230'),
('ขุนน่าน', 'เฉลิมพระเกียรติ', 'น่าน', '55220'),
('ขุนฝาง', 'เมืองอุตรดิตถ์', 'อุตรดิตถ์', '53000'),
('ขุนพิทักษ์', 'ดำเนินสะดวก', 'ราชบุรี', '70130'),
('ขุนยวม', 'ขุนยวม', 'แม่ฮ่องสอน', '58140'),
('ขุนศรี', 'ไทรน้อย', 'นนทบุรี', '11150'),
('ขุนหาญ', 'ขุนหาญ', 'ศรีสะเกษ', '33150'),
('ขุนแก้ว', 'นครชัยศรี', 'นครปฐม', '73120'),
('ขุนแม่ลาน้อย', 'แม่ลาน้อย', 'แม่ฮ่องสอน', '58120'),
('ขุนโขลน', 'พระพุทธบาท', 'สระบุรี', '18120'),
('ขุมทอง', 'ลาดกระบัง', 'กรุงเทพมหานคร', '10520'),
('ขุมเงิน', 'เมืองยโสธร', 'ยโสธร', '35000'),
('ขุย', 'ลำทะเมนชัย', 'นครราชสีมา', '30270'),
('ขุหลุ', 'ตระการพืชผล', 'อุบลราชธานี', '34130'),
('ข่วงเปา', 'จอมทอง', 'เชียงใหม่', '50160'),
('ข่อยสูง', 'ตรอน', 'อุตรดิตถ์', '53140'),
('ข้าวงาม', 'วังน้อย', 'พระนครศรีอยุธยา', '13170'),
('ข้าวปุ้น', 'กุดข้าวปุ้น', 'อุบลราชธานี', '34270'),
('ข้าวสาร', 'บ้านผือ', 'อุดรธานี', '41160'),
('ข้าวเม่า', 'อุทัย', 'พระนครศรีอยุธยา', '13210'),
('คชสิทธิ์', 'หนองแค', 'สระบุรี', '18250'),
('คณฑี', 'เมืองกำแพงเพชร', 'กำแพงเพชร', '62000'),
('คมบาง', 'เมืองจันทบุรี', 'จันทบุรี', '22000'),
('ครน', 'สวี', 'ชุมพร', '86130'),
('ครบุรี', 'ครบุรี', 'นครราชสีมา', '30250'),
('ครบุรีใต้', 'ครบุรี', 'นครราชสีมา', '30250'),
('ครึ่ง', 'เชียงของ', 'เชียงราย', '57140'),
('คลองกระจง', 'สวรรคโลก', 'สุโขทัย', '64110'),
('คลองกระจัง', 'ศรีเทพ', 'เพชรบูรณ์', '67170'),
('คลองกระบือ', 'ปากพนัง', 'นครศรีธรรมราช', '80140'),
('คลองกระแชง', 'เมืองเพชรบุรี', 'เพชรบุรี', '76000'),
('คลองกวาง', 'นาทวี', 'สงขลา', '90160'),
('คลองกิ่ว', 'บ้านบึง', 'ชลบุรี', '20220'),
('คลองกุ่ม', 'บึงกุ่ม', 'กรุงเทพมหานคร', '10240'),
('คลองขนาก', 'วิเศษชัยชาญ', 'อ่างทอง', '14110'),
('คลองขนาน', 'เหนือคลอง', 'กระบี่', '81130'),
('คลองขลุง', 'คลองขลุง', 'กำแพงเพชร', '62120'),
('คลองขวาง', 'ภาษีเจริญ', 'กรุงเทพมหานคร', '10160'),
('คลองขาม', 'ยางตลาด', 'กาฬสินธุ์', '46120'),
('คลองขุด', 'ท่าใหม่', 'จันทบุรี', '22120'),
('คลองข่อย', 'ปากเกร็ด', 'นนทบุรี', '11120'),
('คลองควาย', 'สามโคก', 'ปทุมธานี', '12160'),
('คลองคะเชนทร์', 'เมืองพิจิตร', 'พิจิตร', '66000'),
('คลองคูณ', 'ตะพานหิน', 'พิจิตร', '66110'),
('คลองจั่น', 'บางกะปิ', 'กรุงเทพมหานคร', '10240'),
('คลองจิก', 'บางปะอิน', 'พระนครศรีอยุธยา', '13160'),
('คลองจินดา', 'สามพราน', 'นครปฐม', '73110'),
('คลองจุกกระเฌอ', 'เมืองฉะเชิงเทรา', 'ฉะเชิงเทรา', '24000'),
('คลองฉนวน', 'เวียงสระ', 'สุราษฎร์ธานี', '84190'),
('คลองฉนาก', 'เมืองสุราษฎร์ธานี', 'สุราษฎร์ธานี', '84000'),
('คลองชะอุ่น', 'พนม', 'สุราษฎร์ธานี', '84250'),
('คลองชักพระ', 'ตลิ่งชัน', 'กรุงเทพมหานคร', '10170'),
('คลองชีล้อม', 'กันตัง', 'ตรัง', '92110'),
('คลองด่าน', 'บางบ่อ', 'สมุทรปราการ', '10550'),
('คลองตะเกรา', 'ท่าตะเกียบ', 'ฉะเชิงเทรา', '24160'),
('คลองตะเคียน', 'พระนครศรีอยุธยา', 'พระนครศรีอยุธยา', '13000'),
('คลองตัน', 'คลองเตย', 'กรุงเทพมหานคร', '10110'),
('คลองตันเหนือ', 'วัฒนา', 'กรุงเทพมหานคร', '10110'),
('คลองตาคต', 'โพธาราม', 'ราชบุรี', '70120'),
('คลองตาล', 'ศรีสำโรง', 'สุโขทัย', '64120'),
('คลองตำหรุ', 'เมืองชลบุรี', 'ชลบุรี', '20000'),
('คลองต้นไทร', 'คลองสาน', 'กรุงเทพมหานคร', '10600'),
('คลองถนน', 'สายไหม', 'กรุงเทพมหานคร', '10220'),
('คลองทราย', 'สากเหล็ก', 'พิจิตร', '66160'),
('คลองทรายขาว', 'กงหรา', 'พัทลุง', '93180'),
('คลองทับจันทร์', 'อรัญประเทศ', 'สระแก้ว', '27120'),
('คลองท่อมเหนือ', 'คลองท่อม', 'กระบี่', '81120'),
('คลองท่อมใต้', 'คลองท่อม', 'กระบี่', '81120'),
('คลองนกกระทุง', 'บางเลน', 'นครปฐม', '73130'),
('คลองนครเนื่องเขต', 'เมืองฉะเชิงเทรา', 'ฉะเชิงเทรา', '24000'),
('คลองนา', 'เมืองฉะเชิงเทรา', 'ฉะเชิงเทรา', '24000'),
('คลองนารายณ์', 'เมืองจันทบุรี', 'จันทบุรี', '22000'),
('คลองนิยมยาตรา', 'บางบ่อ', 'สมุทรปราการ', '10560'),
('คลองน้อย', 'บ้านแพรก', 'พระนครศรีอยุธยา', '13240'),
('คลองน้ำเค็ม', 'แหลมสิงห์', 'จันทบุรี', '22190'),
('คลองน้ำใส', 'อรัญประเทศ', 'สระแก้ว', '27120'),
('คลองน้ำไหล', 'คลองลาน', 'กำแพงเพชร', '62180'),
('คลองบางบอน', 'บางบอน', 'กรุงเทพมหานคร', '10150'),
('คลองบางพราน', 'บางบอน', 'กรุงเทพมหานคร', '10150'),
('คลองบ้านโพธิ์', 'บ้านโพธิ์', 'ฉะเชิงเทรา', '24140'),
('คลองประสงค์', 'เมืองกระบี่', 'กระบี่', '81000'),
('คลองประเวศ', 'บ้านโพธิ์', 'ฉะเชิงเทรา', '24140'),
('คลองปราบ', 'บ้านนาสาร', 'สุราษฎร์ธานี', '84120'),
('คลองปาง', 'รัษฎา', 'ตรัง', '92160'),
('คลองปูน', 'แกลง', 'ระยอง', '21170'),
('คลองพน', 'คลองท่อม', 'กระบี่', '81170'),
('คลองพระยาบันลือ', 'ลาดบัวหลวง', 'พระนครศรีอยุธยา', '13230'),
('คลองพระอุดม', 'ปากเกร็ด', 'นนทบุรี', '11120'),
('คลองพลู', 'หนองใหญ่', 'ชลบุรี', '20190'),
('คลองพา', 'ท่าชนะ', 'สุราษฎร์ธานี', '84170'),
('คลองพิไกร', 'พรานกระต่าย', 'กำแพงเพชร', '62110'),
('คลองมะพลับ', 'ศรีนคร', 'สุโขทัย', '64180'),
('คลองมะเดื่อ', 'กระทุ่มแบน', 'สมุทรสาคร', '74110'),
('คลองมานิง', 'เมืองปัตตานี', 'ปัตตานี', '94000'),
('คลองม่วง', 'ปากช่อง', 'นครราชสีมา', '30130'),
('คลองยา', 'อ่าวลึก', 'กระบี่', '81110'),
('คลองยาง', 'สวรรคโลก', 'สุโขทัย', '64110'),
('คลองรี', 'สทิงพระ', 'สงขลา', '90190'),
('คลองลานพัฒนา', 'คลองลาน', 'กำแพงเพชร', '62180'),
('คลองลุ', 'กันตัง', 'ตรัง', '92110'),
('คลองวัว', 'เมืองอ่างทอง', 'อ่างทอง', '14000'),
('คลองวาฬ', 'เมืองประจวบคีรีขันธ์', 'ประจวบคีรีขันธ์', '77000'),
('คลองศก', 'พนม', 'สุราษฎร์ธานี', '84250'),
('คลองสมบูรณ์', 'คลองขลุง', 'กำแพงเพชร', '62120'),
('คลองสระ', 'กาญจนดิษฐ์', 'สุราษฎร์ธานี', '84160'),
('คลองสระบัว', 'พระนครศรีอยุธยา', 'พระนครศรีอยุธยา', '13000'),
('คลองสวน', 'บางบ่อ', 'สมุทรปราการ', '10560'),
('คลองสวนพลู', 'พระนครศรีอยุธยา', 'พระนครศรีอยุธยา', '13000'),
('คลองสอง', 'คลองหลวง', 'ปทุมธานี', '12120'),
('คลองสองต้นนุ่น', 'ลาดกระบัง', 'กรุงเทพมหานคร', '10520'),
('คลองสะแก', 'นครหลวง', 'พระนครศรีอยุธยา', '13260'),
('คลองสาน', 'คลองสาน', 'กรุงเทพมหานคร', '10600'),
('คลองสาม', 'คลองหลวง', 'ปทุมธานี', '12120'),
('คลองสามประเวศ', 'ลาดกระบัง', 'กรุงเทพมหานคร', '10520'),
('คลองสิบ', 'หนองจอก', 'กรุงเทพมหานคร', '10530'),
('คลองสิบสอง', 'หนองจอก', 'กรุงเทพมหานคร', '10530'),
('คลองสี่', 'คลองหลวง', 'ปทุมธานี', '12120'),
('คลองหก', 'คลองหลวง', 'ปทุมธานี', '12120'),
('คลองหนึ่ง', 'คลองหลวง', 'ปทุมธานี', '12120'),
('คลองหรัง', 'นาหม่อม', 'สงขลา', '90310'),
('คลองหลวงแพ่ง', 'เมืองฉะเชิงเทรา', 'ฉะเชิงเทรา', '24000'),
('คลองหลา', 'คลองหอยโข่ง', 'สงขลา', '90110'),
('คลองหอยโข่ง', 'คลองหอยโข่ง', 'สงขลา', '90230'),
('คลองหาด', 'คลองหาด', 'สระแก้ว', '27260'),
('คลองหิน', 'อ่าวลึก', 'กระบี่', '81110'),
('คลองหินปูน', 'วังน้ำเย็น', 'สระแก้ว', '27210'),
('คลองห้า', 'คลองหลวง', 'ปทุมธานี', '12120'),
('คลองอุดมชลจร', 'เมืองฉะเชิงเทรา', 'ฉะเชิงเทรา', '24000'),
('คลองอู่ตะเภา', 'หาดใหญ่', 'สงขลา', '90110'),
('คลองเกตุ', 'โคกสำโรง', 'ลพบุรี', '15120'),
('คลองเกลือ', 'ปากเกร็ด', 'นนทบุรี', '11120'),
('คลองเขม้า', 'เหนือคลอง', 'กระบี่', '81130'),
('คลองเขิน', 'เมืองสมุทรสงคราม', 'สมุทรสงคราม', '75000'),
('คลองเขื่อน', 'คลองเขื่อน', 'ฉะเชิงเทรา', '24000'),
('คลองเคียน', 'ตะกั่วทุ่ง', 'พังงา', '82130'),
('คลองเจ็ด', 'คลองหลวง', 'ปทุมธานี', '12120'),
('คลองเจ้าคุณสิงห์', 'วังทองหลาง', 'กรุงเทพมหานคร', '10310'),
('คลองเฉลิม', 'กงหรา', 'พัทลุง', '93180'),
('คลองเตย', 'คลองเตย', 'กรุงเทพมหานคร', '10110'),
('คลองเตยเหนือ', 'วัฒนา', 'กรุงเทพมหานคร', '10110'),
('คลองเปรง', 'เมืองฉะเชิงเทรา', 'ฉะเชิงเทรา', '24000'),
('คลองเปียะ', 'จะนะ', 'สงขลา', '90130'),
('คลองเมือง', 'จักราช', 'นครราชสีมา', '30230'),
('คลองเรือ', 'วิหารแดง', 'สระบุรี', '18150'),
('คลองเส', 'ถ้ำพรรณรา', 'นครศรีธรรมราช', '80260'),
('คลองแดน', 'ระโนด', 'สงขลา', '90140'),
('คลองแม่ลาย', 'เมืองกำแพงเพชร', 'กำแพงเพชร', '62000'),
('คลองแห', 'หาดใหญ่', 'สงขลา', '90110'),
('คลองโคน', 'เมืองสมุทรสงคราม', 'สมุทรสงคราม', '75000'),
('คลองโยง', 'พุทธมณฑล', 'นครปฐม', '73170'),
('คลองใหญ่', 'โป่งน้ำร้อน', 'จันทบุรี', '22140'),
('คลองใหม่', 'สามพราน', 'นครปฐม', '73110'),
('คลองไก่เถื่อน', 'คลองหาด', 'สระแก้ว', '27260'),
('คลองไทร', 'ท่าฉาง', 'สุราษฎร์ธานี', '84150'),
('คลองไผ่', 'สีคิ้ว', 'นครราชสีมา', '30340'),
('คลัง', 'เมืองนครศรีธรรมราช', 'นครศรีธรรมราช', '80000'),
('คลีกลิ้ง', 'ศิลาลาด', 'ศรีสะเกษ', '33160'),
('ควน', 'ปะนาเระ', 'ปัตตานี', '94190'),
('ควนกรด', 'ทุ่งสง', 'นครศรีธรรมราช', '80110'),
('ควนกลาง', 'พิปูน', 'นครศรีธรรมราช', '80270'),
('ควนกาหลง', 'ควนกาหลง', 'สตูล', '91130'),
('ควนขนุน', 'ควนขนุน', 'พัทลุง', '93110'),
('ควนขัน', 'เมืองสตูล', 'สตูล', '91000'),
('ควนชะลิก', 'หัวไทร', 'นครศรีธรรมราช', '80170'),
('ควนชุม', 'ร่อนพิบูลย์', 'นครศรีธรรมราช', '80130'),
('ควนทอง', 'ขนอม', 'นครศรีธรรมราช', '80210'),
('ควนธานี', 'กันตัง', 'ตรัง', '92110'),
('ควนปริง', 'เมืองตรัง', 'ตรัง', '92000'),
('ควนพัง', 'ร่อนพิบูลย์', 'นครศรีธรรมราช', '80130'),
('ควนมะพร้าว', 'เมืองพัทลุง', 'พัทลุง', '93000'),
('ควนรู', 'รัตภูมิ', 'สงขลา', '90180'),
('ควนลัง', 'หาดใหญ่', 'สงขลา', '90110'),
('ควนศรี', 'บ้านนาสาร', 'สุราษฎร์ธานี', '84270'),
('ควนสตอ', 'ควนโดน', 'สตูล', '91160'),
('ควนสุบรรณ', 'บ้านนาสาร', 'สุราษฎร์ธานี', '84120'),
('ควนหนองคว้า', 'จุฬาภรณ์', 'นครศรีธรรมราช', '80130'),
('ควนหนองหงษ์', 'ชะอวด', 'นครศรีธรรมราช', '80180'),
('ควนเกย', 'ร่อนพิบูลย์', 'นครศรีธรรมราช', '80130'),
('ควนเมา', 'รัษฎา', 'ตรัง', '92160'),
('ควนโดน', 'ควนโดน', 'สตูล', '91160'),
('ควนโนรี', 'โคกโพธิ์', 'ปัตตานี', '94180'),
('ควนโพธิ์', 'เมืองสตูล', 'สตูล', '91140'),
('ควนโส', 'ควนเนียง', 'สงขลา', '90220'),
('ควร', 'ปง', 'พะเยา', '56140'),
('คอกกระบือ', 'เมืองสมุทรสาคร', 'สมุทรสาคร', '74000'),
('คอกควาย', 'บ้านไร่', 'อุทัยธานี', '61140'),
('คอกช้าง', 'สระใคร', 'หนองคาย', '43100'),
('คอทราย', 'ค่ายบางระจัน', 'สิงห์บุรี', '16150'),
('คอนกาม', 'ยางชุมน้อย', 'ศรีสะเกษ', '33190'),
('คอนฉิม', 'แวงใหญ่', 'ขอนแก่น', '40330'),
('คอนสวรรค์', 'คอนสวรรค์', 'ชัยภูมิ', '36140'),
('คอนสาย', 'ตระการพืชผล', 'อุบลราชธานี', '34130'),
('คอนสาร', 'คอนสาร', 'ชัยภูมิ', '36180'),
('คอรุม', 'พิชัย', 'อุตรดิตถ์', '53120'),
('คอลอตันหยง', 'หนองจิก', 'ปัตตานี', '94170'),
('คอหงส์', 'หาดใหญ่', 'สงขลา', '90110'),
('คอแลน', 'บุณฑริก', 'อุบลราชธานี', '34230'),
('คอโค', 'เมืองสุรินทร์', 'สุรินทร์', '32000'),
('คันธารราษฎร์', 'กันทรวิชัย', 'มหาสารคาม', '44150'),
('คันธุลี', 'ท่าชนะ', 'สุราษฎร์ธานี', '84170'),
('คันนายาว', 'คันนายาว', 'กรุงเทพมหานคร', '10230'),
('คันโช้ง', 'วัดโบสถ์', 'พิษณุโลก', '65160'),
('คันไร่', 'สิรินธร', 'อุบลราชธานี', '34350'),
('คานหาม', 'อุทัย', 'พระนครศรีอยุธยา', '13210'),
('คาละแมะ', 'ศีขรภูมิ', 'สุรินทร์', '32110'),
('คำขวาง', 'วารินชำราบ', 'อุบลราชธานี', '34190'),
('คำครั่ง', 'เดชอุดม', 'อุบลราชธานี', '34160'),
('คำชะอี', 'คำชะอี', 'มุกดาหาร', '49110'),
('คำด้วง', 'บ้านผือ', 'อุดรธานี', '41160'),
('คำตากล้า', 'คำตากล้า', 'สกลนคร', '47250'),
('คำนาดี', 'เมืองบึงกาฬ', 'บึงกาฬ', '38000'),
('คำน้ำสร้าง', 'กุดชุม', 'ยโสธร', '35140'),
('คำน้ำแซบ', 'วารินชำราบ', 'อุบลราชธานี', '34190'),
('คำบก', 'คำชะอี', 'มุกดาหาร', '49110'),
('คำบง', 'บ้านผือ', 'อุดรธานี', '41160'),
('คำบ่อ', 'วาริชภูมิ', 'สกลนคร', '47150'),
('คำป่าหลาย', 'เมืองมุกดาหาร', 'มุกดาหาร', '49000'),
('คำผง', 'โนนนารายณ์', 'สุรินทร์', '32130'),
('คำพระ', 'หัวตะพาน', 'อำนาจเจริญ', '37240'),
('คำพราน', 'วังม่วง', 'สระบุรี', '18220'),
('คำพอุง', 'โพธิ์ชัย', 'ร้อยเอ็ด', '45230'),
('คำพี้', 'นาแก', 'นครพนม', '48130'),
('คำม่วง', 'เขาสวนกวาง', 'ขอนแก่น', '40280'),
('คำสร้างเที่ยง', 'สามชัย', 'กาฬสินธุ์', '46180'),
('คำสะอาด', 'สว่างแดนดิน', 'สกลนคร', '47110'),
('คำหยาด', 'โพธิ์ทอง', 'อ่างทอง', '14120'),
('คำหว้า', 'ตาลสุม', 'อุบลราชธานี', '34330'),
('คำอาฮวน', 'เมืองมุกดาหาร', 'มุกดาหาร', '49000'),
('คำเขื่อนแก้ว', 'สิรินธร', 'อุบลราชธานี', '34350'),
('คำเจริญ', 'ตระการพืชผล', 'อุบลราชธานี', '34130'),
('คำเตย', 'ไทยเจริญ', 'ยโสธร', '35120'),
('คำเนียม', 'กันทรารมย์', 'ศรีสะเกษ', '33130'),
('คำเลาะ', 'ไชยวาน', 'อุดรธานี', '41290'),
('คำเหมือดแก้ว', 'ห้วยเม็ก', 'กาฬสินธุ์', '46170'),
('คำแก้ว', 'โซ่พิสัย', 'บึงกาฬ', '38170'),
('คำแคน', 'มัญจาคีรี', 'ขอนแก่น', '40160'),
('คำแมด', 'ซำสูง', 'ขอนแก่น', '40170'),
('คำโคกสูง', 'วังสามหมอ', 'อุดรธานี', '41280'),
('คำโตนด', 'ประจันตคาม', 'ปราจีนบุรี', '25130'),
('คำโพน', 'ปทุมราชวงศา', 'อำนาจเจริญ', '37110'),
('คำใหญ่', 'ห้วยเม็ก', 'กาฬสินธุ์', '46170'),
('คำไผ่', 'ไทยเจริญ', 'ยโสธร', '35120'),
('คำไหล', 'ศรีเมืองใหม่', 'อุบลราชธานี', '34250'),
('คำไฮ', 'พนมไพร', 'ร้อยเอ็ด', '45140'),
('คำไฮใหญ่', 'ดอนมดแดง', 'อุบลราชธานี', '34000'),
('คีรีราษฎร์', 'พบพระ', 'ตาก', '63160'),
('คีรีวง', 'ปลายพระยา', 'กระบี่', '81160'),
('คีรีเขต', 'ธารโต', 'ยะลา', '95150'),
('คึกคัก', 'ตะกั่วป่า', 'พังงา', '82190'),
('คึมชาด', 'หนองสองห้อง', 'ขอนแก่น', '40190'),
('คึมใหญ่', 'เมืองอำนาจเจริญ', 'อำนาจเจริญ', '37000'),
('คือเวียง', 'ดอกคำใต้', 'พะเยา', '56120'),
('คุยบ้านโอง', 'พรานกระต่าย', 'กำแพงเพชร', '62110'),
('คุยม่วง', 'บางระกำ', 'พิษณุโลก', '65240'),
('คุระ', 'คุระบุรี', 'พังงา', '82150'),
('คุริง', 'ท่าแซะ', 'ชุมพร', '86140'),
('คุ้งกระถิน', 'เมืองราชบุรี', 'ราชบุรี', '70000'),
('คุ้งตะเภา', 'เมืองอุตรดิตถ์', 'อุตรดิตถ์', '53000'),
('คุ้งน้ำวน', 'เมืองราชบุรี', 'ราชบุรี', '70000'),
('คุ้งพยอม', 'บ้านโป่ง', 'ราชบุรี', '70110'),
('คุ้งลาน', 'บางปะอิน', 'พระนครศรีอยุธยา', '13160'),
('คุ้งสำเภา', 'มโนรมย์', 'ชัยนาท', '17110'),
('คุ้มเก่า', 'เขาวง', 'กาฬสินธุ์', '46160'),
('คู', 'จะนะ', 'สงขลา', '90130'),
('คูขวาง', 'ลาดหลุมแก้ว', 'ปทุมธานี', '12140'),
('คูขาด', 'คง', 'นครราชสีมา', '30260'),
('คูขุด', 'สทิงพระ', 'สงขลา', '90190'),
('คูคต', 'ลำลูกกา', 'ปทุมธานี', '12130'),
('คูคำ', 'ซำสูง', 'ขอนแก่น', '40170'),
('คูซอด', 'เมืองศรีสะเกษ', 'ศรีสะเกษ', '33000'),
('คูตัน', 'กาบเชิง', 'สุรินทร์', '32210'),
('คูบ', 'น้ำเกลี้ยง', 'ศรีสะเกษ', '33130'),
('คูบัว', 'เมืองราชบุรี', 'ราชบุรี', '70000'),
('คูบางหลวง', 'ลาดหลุมแก้ว', 'ปทุมธานี', '12140'),
('คูสะคาม', 'วานรนิวาส', 'สกลนคร', '47120'),
('คูหา', 'สะบ้าย้อย', 'สงขลา', '90210'),
('คูหาสวรรค์', 'ภาษีเจริญ', 'กรุงเทพมหานคร', '10160'),
('คูหาใต้', 'รัตภูมิ', 'สงขลา', '90180'),
('คูเต่า', 'หาดใหญ่', 'สงขลา', '90110'),
('คูเมือง', 'คูเมือง', 'บุรีรัมย์', '31190'),
('คู้ฝั่งเหนือ', 'หนองจอก', 'กรุงเทพมหานคร', '10530'),
('คู้ยายหมี', 'สนามชัยเขต', 'ฉะเชิงเทรา', '24160'),
('คู้ลำพัน', 'ศรีมโหสถ', 'ปราจีนบุรี', '25190'),
('คู้สลอด', 'ลาดบัวหลวง', 'พระนครศรีอยุธยา', '13230'),
('ค่ายบกหวาน', 'เมืองหนองคาย', 'หนองคาย', '43100'),
('ค้อทอง', 'เขื่องใน', 'อุบลราชธานี', '34150'),
('ค้อน้อย', 'สำโรง', 'อุบลราชธานี', '34360'),
('ค้อวัง', 'ค้อวัง', 'ยโสธร', '35160'),
('ค้อเขียว', 'วาริชภูมิ', 'สกลนคร', '47150'),
('ค้อเหนือ', 'เมืองยโสธร', 'ยโสธร', '35000'),
('ค้อใต้', 'สว่างแดนดิน', 'สกลนคร', '47110'),
('ค้อใหญ่', 'กู่แก้ว', 'อุดรธานี', '41130'),
('ค้างพลู', 'โนนไทย', 'นครราชสีมา', '30220'),
('ฆอเลาะ', 'แว้ง', 'นราธิวาส', '96160'),
('ฆะมัง', 'ชุมแสง', 'นครสวรรค์', '60120'),
('ฆ้องชัยพัฒนา', 'ฆ้องชัย', 'กาฬสินธุ์', '46130'),
('งอบ', 'ทุ่งช้าง', 'น่าน', '55130'),
('งัวบา', 'วาปีปทุม', 'มหาสารคาม', '44120'),
('งิม', 'ปง', 'พะเยา', '56140'),
('งิ้ว', 'ปักธงชัย', 'นครราชสีมา', '30150'),
('งิ้วงาม', 'เสาไห้', 'สระบุรี', '18160'),
('งิ้วด่อน', 'เมืองสกลนคร', 'สกลนคร', '47000'),
('งิ้วราย', 'เมืองลพบุรี', 'ลพบุรี', '15000'),
('จ.ป.ร.', 'กระบุรี', 'ระนอง', '85110'),
('จตุจักร', 'จตุจักร', 'กรุงเทพมหานคร', '10900'),
('จระเข้', 'หนองเรือ', 'ขอนแก่น', '40240'),
('จระเข้หิน', 'ครบุรี', 'นครราชสีมา', '30250'),
('จรัส', 'บัวเชด', 'สุรินทร์', '32230'),
('จริม', 'ท่าปลา', 'อุตรดิตถ์', '53150'),
('จรเข้บัว', 'ลาดพร้าว', 'กรุงเทพมหานคร', '10230'),
('จรเข้มาก', 'ประโคนชัย', 'บุรีรัมย์', '31140'),
('จรเข้ร้อง', 'ไชโย', 'อ่างทอง', '14140'),
('จรเข้สามพัน', 'อู่ทอง', 'สุพรรณบุรี', '71170'),
('จรเข้เผือก', 'ด่านมะขามเตี้ย', 'กาญจนบุรี', '71260'),
('จรเข้ใหญ่', 'บางปลาม้า', 'สุพรรณบุรี', '72150'),
('จวบ', 'เจาะไอร้อง', 'นราธิวาส', '96130'),
('จองคำ', 'เมืองแม่ฮ่องสอน', 'แม่ฮ่องสอน', '58000'),
('จองถนน', 'เขาชัยสน', 'พัทลุง', '93130'),
('จอมจันทร์', 'เวียงสา', 'น่าน', '55110'),
('จอมทอง', 'จอมทอง', 'กรุงเทพมหานคร', '10150'),
('จอมบึง', 'จอมบึง', 'ราชบุรี', '70150'),
('จอมประทัด', 'วัดเพลง', 'ราชบุรี', '70170'),
('จอมปลวก', 'บางคนที', 'สมุทรสงคราม', '75120'),
('จอมพระ', 'จอมพระ', 'สุรินทร์', '32180'),
('จอมพล', 'จตุจักร', 'กรุงเทพมหานคร', '10900'),
('จอมศรี', 'เพ็ญ', 'อุดรธานี', '41150'),
('จอมสวรรค์', 'แม่จัน', 'เชียงราย', '57110'),
('จอมหมอกแก้ว', 'แม่ลาว', 'เชียงราย', '57250'),
('จอหอ', 'เมืองนครราชสีมา', 'นครราชสีมา', '30310'),
('จอเบาะ', 'ยี่งอ', 'นราธิวาส', '96180'),
('จะกง', 'ขุขันธ์', 'ศรีสะเกษ', '33140'),
('จะกว๊ะ', 'รามัน', 'ยะลา', '95140'),
('จะทิ้งพระ', 'สทิงพระ', 'สงขลา', '90190'),
('จะบังติกอ', 'เมืองปัตตานี', 'ปัตตานี', '94000'),
('จะรัง', 'ยะหริ่ง', 'ปัตตานี', '94150'),
('จะแนะ', 'จะแนะ', 'นราธิวาส', '96220'),
('จะแหน', 'สะบ้าย้อย', 'สงขลา', '90210'),
('จะโหนง', 'จะนะ', 'สงขลา', '90130'),
('จักรวรรดิ', 'สัมพันธวงศ์', 'กรุงเทพมหานคร', '10100'),
('จักรสีห์', 'เมืองสิงห์บุรี', 'สิงห์บุรี', '16000'),
('จักราช', 'ผักไห่', 'พระนครศรีอยุธยา', '13280'),
('จังหาร', 'จังหาร', 'ร้อยเอ็ด', '45000'),
('จันจว้า', 'แม่จัน', 'เชียงราย', '57270'),
('จันจว้าใต้', 'แม่จัน', 'เชียงราย', '57270'),
('จันดี', 'ฉวาง', 'นครศรีธรรมราช', '80250'),
('จันดุม', 'พลับพลาชัย', 'บุรีรัมย์', '31250'),
('จันทนิมิต', 'เมืองจันทบุรี', 'จันทบุรี', '22000'),
('จันทบเพชร', 'บ้านกรวด', 'บุรีรัมย์', '31180'),
('จันทรเกษม', 'จตุจักร', 'กรุงเทพมหานคร', '10900'),
('จันทร์เพ็ญ', 'เต่างอย', 'สกลนคร', '47260'),
('จันทิมา', 'ลานกระบือ', 'กำแพงเพชร', '62170'),
('จันทึก', 'ปากช่อง', 'นครราชสีมา', '30130'),
('จันทเขลม', 'เขาคิชฌกูฏ', 'จันทบุรี', '22210'),
('จันอัด', 'โนนสูง', 'นครราชสีมา', '30160'),
('จันเสน', 'ตาคลี', 'นครสวรรค์', '60260'),
('จางเหนือ', 'แม่เมาะ', 'ลำปาง', '52220'),
('จาน', 'เมืองศรีสะเกษ', 'ศรีสะเกษ', '33000'),
('จานลาน', 'พนา', 'อำนาจเจริญ', '37180'),
('จานแสนไชย', 'ห้วยทับทัน', 'ศรีสะเกษ', '33210'),
('จานใหญ่', 'กันทรลักษ์', 'ศรีสะเกษ', '33110'),
('จารพัต', 'ศีขรภูมิ', 'สุรินทร์', '32110'),
('จำปา', 'ท่าเรือ', 'พระนครศรีอยุธยา', '13130'),
('จำปาขัน', 'สุวรรณภูมิ', 'ร้อยเอ็ด', '45130'),
('จำปาหล่อ', 'เมืองอ่างทอง', 'อ่างทอง', '14000'),
('จำปาโมง', 'บ้านผือ', 'อุดรธานี', '41160'),
('จำปี', 'ศรีธาตุ', 'อุดรธานี', '41230'),
('จำป่าหวาย', 'เมืองพะเยา', 'พะเยา', '56000'),
('จำลอง', 'แสวงหา', 'อ่างทอง', '14150'),
('จิกดู่', 'หัวตะพาน', 'อำนาจเจริญ', '37240'),
('จิกสังข์ทอง', 'ราษีไศล', 'ศรีสะเกษ', '33160'),
('จิกเทิง', 'ตาลสุม', 'อุบลราชธานี', '34330'),
('จีกแดก', 'พนมดงรัก', 'สุรินทร์', '32140'),
('จุน', 'จุน', 'พะเยา', '56150'),
('จุมจัง', 'กุฉินารายณ์', 'กาฬสินธุ์', '46110'),
('จุมพล', 'โพนพิสัย', 'หนองคาย', '43120'),
('ฉมัน', 'มะขาม', 'จันทบุรี', '22150'),
('ฉลอง', 'สิชล', 'นครศรีธรรมราช', '80120'),
('ฉลุง', 'หาดใหญ่', 'สงขลา', '90110'),
('ฉวาง', 'ฉวาง', 'นครศรีธรรมราช', '80150'),
('ฉาง', 'นาทวี', 'สงขลา', '90160'),
('ฉิมพลี', 'ตลิ่งชัน', 'กรุงเทพมหานคร', '10170'),
('ชนบท', 'ชนบท', 'ขอนแก่น', '40180'),
('ชนะสงคราม', 'พระนคร', 'กรุงเทพมหานคร', '10200'),
('ชนแดน', 'สองแคว', 'น่าน', '55160'),
('ชมพู', 'เมืองลำปาง', 'ลำปาง', '52100'),
('ชมภู', 'สารภี', 'เชียงใหม่', '50140'),
('ชมสะอาด', 'เมยวดี', 'ร้อยเอ็ด', '45250'),
('ชมเจริญ', 'ปากชม', 'เลย', '42150'),
('ชลคราม', 'ดอนสัก', 'สุราษฎร์ธานี', '84160'),
('ชอนน้อย', 'พัฒนานิคม', 'ลพบุรี', '15140'),
('ชอนม่วง', 'บ้านหมี่', 'ลพบุรี', '15110'),
('ชอนสมบูรณ์', 'หนองม่วง', 'ลพบุรี', '15170'),
('ชอนสารเดช', 'หนองม่วง', 'ลพบุรี', '15170'),
('ชอนไพร', 'เมืองเพชรบูรณ์', 'เพชรบูรณ์', '67000'),
('ชะมวง', 'ควนขนุน', 'พัทลุง', '93110'),
('ชะมาย', 'ทุ่งสง', 'นครศรีธรรมราช', '80110'),
('ชะรัด', 'กงหรา', 'พัทลุง', '93000'),
('ชะอม', 'แก่งคอย', 'สระบุรี', '18110'),
('ชะอวด', 'ชะอวด', 'นครศรีธรรมราช', '80180'),
('ชะอำ', 'ชะอำ', 'เพชรบุรี', '76120'),
('ชะเมา', 'ปากพนัง', 'นครศรีธรรมราช', '80330'),
('ชะแมบ', 'วังน้อย', 'พระนครศรีอยุธยา', '13170'),
('ชะแล', 'ทองผาภูมิ', 'กาญจนบุรี', '71180'),
('ชะแล้', 'สิงหนคร', 'สงขลา', '90330'),
('ชะโนด', 'หว้านใหญ่', 'มุกดาหาร', '49150'),
('ชะโนดน้อย', 'ดงหลวง', 'มุกดาหาร', '49140'),
('ชะไว', 'ไชโย', 'อ่างทอง', '14140'),
('ชัยจุมพล', 'ลับแล', 'อุตรดิตถ์', '53130'),
('ชัยนาท', 'เมืองชัยนาท', 'ชัยนาท', '17000'),
('ชัยนาม', 'วังทอง', 'พิษณุโลก', '65130'),
('ชัยนารายณ์', 'ชัยบาดาล', 'ลพบุรี', '15130'),
('ชัยบาดาล', 'ชัยบาดาล', 'ลพบุรี', '15230'),
('ชัยบุรี', 'ชัยบุรี', 'สุราษฎร์ธานี', '84350'),
('ชัยพร', 'เมืองบึงกาฬ', 'บึงกาฬ', '38000'),
('ชัยพฤกษ์', 'เมืองเลย', 'เลย', '42000'),
('ชัยมงคล', 'เมืองสมุทรสาคร', 'สมุทรสาคร', '74000'),
('ชัยฤทธิ์', 'ไชโย', 'อ่างทอง', '14140'),
('ชัยเกษม', 'บางสะพาน', 'ประจวบคีรีขันธ์', '77190'),
('ชากบก', 'บ้านค่าย', 'ระยอง', '21120'),
('ชากพง', 'แกลง', 'ระยอง', '21190'),
('ชากโดน', 'แกลง', 'ระยอง', '21110'),
('ชากไทย', 'เขาคิชฌกูฏ', 'จันทบุรี', '22210'),
('ชาติตระการ', 'ชาติตระการ', 'พิษณุโลก', '65170'),
('ชานุมาน', 'ชานุมาน', 'อำนาจเจริญ', '37210'),
('ชานุวรรณ', 'พนมไพร', 'ร้อยเอ็ด', '45140'),
('ชายนา', 'เสนา', 'พระนครศรีอยุธยา', '13110'),
('ชำ', 'กันทรลักษ์', 'ศรีสะเกษ', '33110'),
('ชำฆ้อ', 'เขาชะเมา', 'ระยอง', '21110'),
('ชำนิ', 'ชำนิ', 'บุรีรัมย์', '31110'),
('ชำผักแพว', 'แก่งคอย', 'สระบุรี', '18110'),
('ชำราก', 'เมืองตราด', 'ตราด', '23000'),
('ชำแระ', 'โพธาราม', 'ราชบุรี', '70120'),
('ชิงโค', 'สิงหนคร', 'สงขลา', '90280'),
('ชีทวน', 'เขื่องใน', 'อุบลราชธานี', '34150'),
('ชีน้ำร้าย', 'อินทร์บุรี', 'สิงห์บุรี', '16110'),
('ชีบน', 'บ้านเขว้า', 'ชัยภูมิ', '36170'),
('ชีลอง', 'เมืองชัยภูมิ', 'ชัยภูมิ', '36000'),
('ชีวาน', 'พิมาย', 'นครราชสีมา', '30110'),
('ชีวึก', 'ขามสะแกแสง', 'นครราชสีมา', '30290'),
('ชื่นชม', 'ชื่นชม', 'มหาสารคาม', '44160'),
('ชุมช้าง', 'โพนพิสัย', 'หนองคาย', '43120'),
('ชุมตาบง', 'ชุมตาบง', 'นครสวรรค์', '60150'),
('ชุมพร', 'เมยวดี', 'ร้อยเอ็ด', '45250'),
('ชุมพล', 'องครักษ์', 'นครนายก', '26120'),
('ชุมพลบุรี', 'ชุมพลบุรี', 'สุรินทร์', '32190'),
('ชุมพวง', 'ชุมพวง', 'นครราชสีมา', '30270'),
('ชุมภูพร', 'ศรีวิไล', 'บึงกาฬ', '38210'),
('ชุมเห็ด', 'เมืองบุรีรัมย์', 'บุรีรัมย์', '31000'),
('ชุมแพ', 'ชุมแพ', 'ขอนแก่น', '40130'),
('ชุมแสง', 'วังจันทร์', 'ระยอง', '21210'),
('ชุมแสงสงคราม', 'บางระกำ', 'พิษณุโลก', '65240'),
('ชุมโค', 'ปะทิว', 'ชุมพร', '86160'),
('ช่อง', 'นาโยง', 'ตรัง', '92170'),
('ช่องกุ่ม', 'วัฒนานคร', 'สระแก้ว', '27160'),
('ช่องด่าน', 'บ่อพลอย', 'กาญจนบุรี', '71160'),
('ช่องนนทรี', 'ยานนาวา', 'กรุงเทพมหานคร', '10120'),
('ช่องลม', 'ลานกระบือ', 'กำแพงเพชร', '62170'),
('ช่องสะเดา', 'เมืองกาญจนบุรี', 'กาญจนบุรี', '71190'),
('ช่องสะแก', 'เมืองเพชรบุรี', 'เพชรบุรี', '76000'),
('ช่องสามหมอ', 'คอนสวรรค์', 'ชัยภูมิ', '36140'),
('ช่องสาริกา', 'พัฒนานิคม', 'ลพบุรี', '15220'),
('ช่องเม็ก', 'สิรินธร', 'อุบลราชธานี', '34350'),
('ช่องแค', 'ตาคลี', 'นครสวรรค์', '60210'),
('ช่องแคบ', 'พบพระ', 'ตาก', '63160'),
('ช่องแมว', 'ลำทะเมนชัย', 'นครราชสีมา', '30270'),
('ช่องไม้แก้ว', 'ทุ่งตะโก', 'ชุมพร', '86220'),
('ช่อผกา', 'ชำนิ', 'บุรีรัมย์', '31110'),
('ช่อระกา', 'บ้านเหลื่อม', 'นครราชสีมา', '30350'),
('ช่อแล', 'แม่แตง', 'เชียงใหม่', '50150'),
('ช่อแฮ', 'เมืองแพร่', 'แพร่', '54000'),
('ช่างปี่', 'ศีขรภูมิ', 'สุรินทร์', '32110'),
('ช่างเคิ่ง', 'แม่แจ่ม', 'เชียงใหม่', '50270'),
('ช่างเหล็ก', 'บางไทร', 'พระนครศรีอยุธยา', '13190'),
('ช้างกลาง', 'ช้างกลาง', 'นครศรีธรรมราช', '80250'),
('ช้างขวา', 'กาญจนดิษฐ์', 'สุราษฎร์ธานี', '84160'),
('ช้างข้าม', 'นายายอาม', 'จันทบุรี', '22160'),
('ช้างคลาน', 'เมืองเชียงใหม่', 'เชียงใหม่', '50100'),
('ช้างซ้าย', 'พระพรหม', 'นครศรีธรรมราช', '80000'),
('ช้างตะลูด', 'หล่มสัก', 'เพชรบูรณ์', '67110'),
('ช้างทอง', 'เฉลิมพระเกียรติ', 'นครราชสีมา', '30230'),
('ช้างทูน', 'บ่อไร่', 'ตราด', '23140'),
('ช้างน้อย', 'บางไทร', 'พระนครศรีอยุธยา', '13190'),
('ช้างมิ่ง', 'พรรณานิคม', 'สกลนคร', '47130'),
('ช้างม่อย', 'เมืองเชียงใหม่', 'เชียงใหม่', '50300'),
('ช้างเผือก', 'สุวรรณภูมิ', 'ร้อยเอ็ด', '45130'),
('ช้างแรก', 'บางสะพานน้อย', 'ประจวบคีรีขันธ์', '77170'),
('ช้างใหญ่', 'บางไทร', 'พระนครศรีอยุธยา', '13290'),
('ช้างให้ตก', 'โคกโพธิ์', 'ปัตตานี', '94120'),
('ซับจำปา', 'ท่าหลวง', 'ลพบุรี', '15230'),
('ซับตะเคียน', 'ชัยบาดาล', 'ลพบุรี', '15130'),
('ซับน้อย', 'วิเชียรบุรี', 'เพชรบูรณ์', '67180'),
('ซับพุทรา', 'ชนแดน', 'เพชรบูรณ์', '67150'),
('ซับมะกรูด', 'คลองหาด', 'สระแก้ว', '27260'),
('ซับสนุ่น', 'มวกเหล็ก', 'สระบุรี', '18220'),
('ซับสมบูรณ์', 'ลำสนธิ', 'ลพบุรี', '15190'),
('ซับสมอทอด', 'บึงสามพัน', 'เพชรบูรณ์', '67160'),
('ซับสีทอง', 'เมืองชัยภูมิ', 'ชัยภูมิ', '36000'),
('ซับเปิบ', 'วังโป่ง', 'เพชรบูรณ์', '67240'),
('ซับใหญ่', 'ซับใหญ่', 'ชัยภูมิ', '36130'),
('ซับไม้แดง', 'บึงสามพัน', 'เพชรบูรณ์', '67160'),
('ซากอ', 'ศรีสาคร', 'นราธิวาส', '96210'),
('ซาง', 'เซกา', 'บึงกาฬ', '38150'),
('ซำ', 'เมืองศรีสะเกษ', 'ศรีสะเกษ', '33000'),
('ซำยาง', 'สีชมพู', 'ขอนแก่น', '40220'),
('ซึ้ง', 'ขลุง', 'จันทบุรี', '22110'),
('ณรงค์', 'ศรีณรงค์', 'สุรินทร์', '32150'),
('ดงกระทงยาม', 'ศรีมหาโพธิ', 'ปราจีนบุรี', '25140'),
('ดงกลาง', 'คอนสาร', 'ชัยภูมิ', '36180'),
('ดงขวาง', 'เมืองนครพนม', 'นครพนม', '48000'),
('ดงขี้เหล็ก', 'เมืองปราจีนบุรี', 'ปราจีนบุรี', '25000'),
('ดงขุย', 'ชนแดน', 'เพชรบูรณ์', '67190'),
('ดงครั่งน้อย', 'เกษตรวิสัย', 'ร้อยเอ็ด', '45150'),
('ดงครั่งใหญ่', 'เกษตรวิสัย', 'ร้อยเอ็ด', '45150'),
('ดงคอน', 'สรรคบุรี', 'ชัยนาท', '17140'),
('ดงคู่', 'ศรีสัชนาลัย', 'สุโขทัย', '64130'),
('ดงชน', 'เมืองสกลนคร', 'สกลนคร', '47000'),
('ดงดวน', 'นาดูน', 'มหาสารคาม', '44180'),
('ดงดำ', 'ลี้', 'ลำพูน', '51110'),
('ดงดินแดง', 'หนองม่วง', 'ลพบุรี', '15170'),
('ดงตะขบ', 'ตะพานหิน', 'พิจิตร', '66110'),
('ดงตะงาว', 'ดอนพุด', 'สระบุรี', '18210'),
('ดงน้อย', 'ราชสาส์น', 'ฉะเชิงเทรา', '24120'),
('ดงบัง', 'ประจันตคาม', 'ปราจีนบุรี', '25130'),
('ดงประคำ', 'พรหมพิราม', 'พิษณุโลก', '65180'),
('ดงป่าคำ', 'เมืองพิจิตร', 'พิจิตร', '66170'),
('ดงพญา', 'บ่อเกลือ', 'น่าน', '55220'),
('ดงพยุง', 'ดอนจาน', 'กาฬสินธุ์', '46000'),
('ดงพระราม', 'เมืองปราจีนบุรี', 'ปราจีนบุรี', '25000'),
('ดงพลอง', 'แคนดง', 'บุรีรัมย์', '31150'),
('ดงพลับ', 'บ้านหมี่', 'ลพบุรี', '15110'),
('ดงมหาวัน', 'เวียงเชียงรุ้ง', 'เชียงราย', '57210'),
('ดงมอน', 'เมืองมุกดาหาร', 'มุกดาหาร', '49000'),
('ดงมะดะ', 'แม่ลาว', 'เชียงราย', '57250'),
('ดงมะยาง', 'ลืออำนาจ', 'อำนาจเจริญ', '37120'),
('ดงมะรุม', 'โคกสำโรง', 'ลพบุรี', '15120'),
('ดงมะไฟ', 'ทรายมูล', 'ยโสธร', '35170'),
('ดงมูล', 'หนองกุงศรี', 'กาฬสินธุ์', '46220'),
('ดงมูลเหล็ก', 'เมืองเพชรบูรณ์', 'เพชรบูรณ์', '67000'),
('ดงยาง', 'นาดูน', 'มหาสารคาม', '44180'),
('ดงรัก', 'ภูสิงห์', 'ศรีสะเกษ', '33140'),
('ดงละคร', 'เมืองนครนายก', 'นครนายก', '26000'),
('ดงลาน', 'สีชมพู', 'ขอนแก่น', '40220'),
('ดงลิง', 'กมลาไสย', 'กาฬสินธุ์', '46130'),
('ดงสมบูรณ์', 'ท่าคันโท', 'กาฬสินธุ์', '46190'),
('ดงสวรรค์', 'นากลาง', 'หนองบัวลำภู', '39350'),
('ดงสิงห์', 'จังหาร', 'ร้อยเอ็ด', '45000'),
('ดงสุวรรณ', 'ดอกคำใต้', 'พะเยา', '56120'),
('ดงหมู', 'หว้านใหญ่', 'มุกดาหาร', '49150'),
('ดงหม้อทอง', 'บ้านม่วง', 'สกลนคร', '47140'),
('ดงหม้อทองใต้', 'บ้านม่วง', 'สกลนคร', '47140'),
('ดงหลวง', 'ดงหลวง', 'มุกดาหาร', '49140'),
('ดงอีจาน', 'โนนสุวรรณ', 'บุรีรัมย์', '31110'),
('ดงเค็ง', 'หนองสองห้อง', 'ขอนแก่น', '40190'),
('ดงเจน', 'ภูกามยาว', 'พะเยา', '56000'),
('ดงเจริญ', 'คำเขื่อนแก้ว', 'ยโสธร', '35110'),
('ดงเดือย', 'กงไกรลาศ', 'สุโขทัย', '64170'),
('ดงเมือง', 'ยางสีสุราช', 'มหาสารคาม', '44210'),
('ดงเมืองแอม', 'เขาสวนกวาง', 'ขอนแก่น', '40280'),
('ดงเย็น', 'บ้านดุง', 'อุดรธานี', '41190'),
('ดงเสือเหลือง', 'โพธิ์ประทับช้าง', 'พิจิตร', '66190'),
('ดงเหนือ', 'บ้านม่วง', 'สกลนคร', '47140'),
('ดงแคนใหญ่', 'คำเขื่อนแก้ว', 'ยโสธร', '35180'),
('ดงแดง', 'จตุรพักตรพิมาน', 'ร้อยเอ็ด', '45180'),
('ดงใหญ่', 'พิมาย', 'นครราชสีมา', '30110'),
('ดม', 'สังขะ', 'สุรินทร์', '32150'),
('ดวนใหญ่', 'วังหิน', 'ศรีสะเกษ', '33270'),
('ดอกคำใต้', 'ดอกคำใต้', 'พะเยา', '56120'),
('ดอกล้ำ', 'ปทุมรัตต์', 'ร้อยเอ็ด', '45190'),
('ดอกไม้', 'ประเวศ', 'กรุงเทพมหานคร', '10250'),
('ดองกำเม็ด', 'ขุขันธ์', 'ศรีสะเกษ', '33140'),
('ดอน', 'ปักธงชัย', 'นครราชสีมา', '30150'),
('ดอนกรวย', 'ดำเนินสะดวก', 'ราชบุรี', '70130'),
('ดอนกระเบื้อง', 'บ้านโป่ง', 'ราชบุรี', '70110'),
('ดอนกลอย', 'พิบูลย์รักษ์', 'อุดรธานี', '41130'),
('ดอนกลาง', 'โกสุมพิสัย', 'มหาสารคาม', '44140'),
('ดอนกอก', 'นาโพธิ์', 'บุรีรัมย์', '31230'),
('ดอนกำ', 'สรรคบุรี', 'ชัยนาท', '17140'),
('ดอนกำยาน', 'เมืองสุพรรณบุรี', 'สุพรรณบุรี', '72000'),
('ดอนขมิ้น', 'ท่ามะกา', 'กาญจนบุรี', '71120'),
('ดอนขวาง', 'เมืองอุทัยธานี', 'อุทัยธานี', '61000'),
('ดอนขุนห้วย', 'ชะอำ', 'เพชรบุรี', '76120'),
('ดอนข่อย', 'กำแพงแสน', 'นครปฐม', '73140'),
('ดอนคลัง', 'ดำเนินสะดวก', 'ราชบุรี', '70130'),
('ดอนคา', 'ท่าตะโก', 'นครสวรรค์', '60160'),
('ดอนงัว', 'บรบือ', 'มหาสารคาม', '44130'),
('ดอนจาน', 'ดอนจาน', 'กาฬสินธุ์', '46000'),
('ดอนจิก', 'พิบูลมังสาหาร', 'อุบลราชธานี', '34110'),
('ดอนฉิมพลี', 'บางน้ำเปรี้ยว', 'ฉะเชิงเทรา', '24170'),
('ดอนชมพู', 'โนนสูง', 'นครราชสีมา', '30160'),
('ดอนชะเอม', 'ท่ามะกา', 'กาญจนบุรี', '71130'),
('ดอนช้าง', 'เมืองขอนแก่น', 'ขอนแก่น', '40000'),
('ดอนดั่ง', 'หนองสองห้อง', 'ขอนแก่น', '40190'),
('ดอนดึง', 'บ้านหมี่', 'ลพบุรี', '15110'),
('ดอนดู่', 'หนองสองห้อง', 'ขอนแก่น', '40190'),
('ดอนตรอ', 'เฉลิมพระเกียรติ', 'นครศรีธรรมราช', '80290'),
('ดอนตะหนิน', 'บัวใหญ่', 'นครราชสีมา', '30120'),
('ดอนตะโก', 'เมืองราชบุรี', 'ราชบุรี', '70000'),
('ดอนตาล', 'ดอนตาล', 'มุกดาหาร', '49120'),
('ดอนตาเพชร', 'พนมทวน', 'กาญจนบุรี', '71140'),
('ดอนตูม', 'บางเลน', 'นครปฐม', '73130'),
('ดอนทราย', 'บ้านโพธิ์', 'ฉะเชิงเทรา', '24140'),
('ดอนทอง', 'เสนา', 'พระนครศรีอยุธยา', '13110'),
('ดอนนางหงส์', 'ธาตุพนม', 'นครพนม', '48110'),
('ดอนประดู่', 'ปากพะยูน', 'พัทลุง', '93120'),
('ดอนปรู', 'ศรีประจันต์', 'สุพรรณบุรี', '72140'),
('ดอนพุด', 'ดอนพุด', 'สระบุรี', '18210'),
('ดอนพุทรา', 'ดอนตูม', 'นครปฐม', '73150'),
('ดอนมดแดง', 'ดอนมดแดง', 'อุบลราชธานี', '34000'),
('ดอนมนต์', 'สตึก', 'บุรีรัมย์', '31150'),
('ดอนมะนาว', 'สองพี่น้อง', 'สุพรรณบุรี', '72110'),
('ดอนมะสังข์', 'เมืองสุพรรณบุรี', 'สุพรรณบุรี', '72000'),
('ดอนมะเกลือ', 'อู่ทอง', 'สุพรรณบุรี', '72220'),
('ดอนมะโนรา', 'บางคนที', 'สมุทรสงคราม', '75120'),
('ดอนมัน', 'ประทาย', 'นครราชสีมา', '30180'),
('ดอนมูล', 'สูงเม่น', 'แพร่', '54130'),
('ดอนยอ', 'เมืองนครนายก', 'นครนายก', '26000'),
('ดอนยาง', 'เมืองเพชรบุรี', 'เพชรบุรี', '76000'),
('ดอนยายหนู', 'กุยบุรี', 'ประจวบคีรีขันธ์', '77150'),
('ดอนยายหอม', 'เมืองนครปฐม', 'นครปฐม', '73000'),
('ดอนยาวใหญ่', 'โนนแดง', 'นครราชสีมา', '30360'),
('ดอนรวก', 'ดอนตูม', 'นครปฐม', '73150'),
('ดอนรัก', 'หนองจิก', 'ปัตตานี', '94170'),
('ดอนลาน', 'ผักไห่', 'พระนครศรีอยุธยา', '13280'),
('ดอนศรีชุม', 'ดอกคำใต้', 'พะเยา', '56120'),
('ดอนศิลา', 'เวียงชัย', 'เชียงราย', '57210'),
('ดอนสมบูรณ์', 'ยางตลาด', 'กาฬสินธุ์', '46120'),
('ดอนสัก', 'ดอนสัก', 'สุราษฎร์ธานี', '84220'),
('ดอนหญ้านาง', 'ภาชี', 'พระนครศรีอยุธยา', '13140'),
('ดอนหวาย', 'โนนสูง', 'นครราชสีมา', '30160'),
('ดอนหว่าน', 'เมืองมหาสารคาม', 'มหาสารคาม', '44000'),
('ดอนหัน', 'เมืองขอนแก่น', 'ขอนแก่น', '40260'),
('ดอนหัวฬ่อ', 'เมืองชลบุรี', 'ชลบุรี', '20000'),
('ดอนหายโศก', 'หนองหาน', 'อุดรธานี', '41130'),
('ดอนอะราง', 'หนองกี่', 'บุรีรัมย์', '31210'),
('ดอนเกาะกา', 'บางน้ำเปรี้ยว', 'ฉะเชิงเทรา', '24170'),
('ดอนเงิน', 'เชียงยืน', 'มหาสารคาม', '44160'),
('ดอนเจดีย์', 'พนมทวน', 'กาญจนบุรี', '71140'),
('ดอนเตย', 'นาทม', 'นครพนม', '48140'),
('ดอนเปา', 'แม่วาง', 'เชียงใหม่', '50360'),
('ดอนเมย', 'เมืองอำนาจเจริญ', 'อำนาจเจริญ', '37000'),
('ดอนเมือง', 'ดอนเมือง', 'กรุงเทพมหานคร', '10210'),
('ดอนแก้ว', 'สารภี', 'เชียงใหม่', '50140'),
('ดอนแตง', 'ขาณุวรลักษบุรี', 'กำแพงเพชร', '62140'),
('ดอนแฝก', 'นครชัยศรี', 'นครปฐม', '73120'),
('ดอนแรด', 'รัตนบุรี', 'สุรินทร์', '32130'),
('ดอนแร่', 'เมืองราชบุรี', 'ราชบุรี', '70000'),
('ดอนแสลบ', 'ห้วยกระเจา', 'กาญจนบุรี', '71170'),
('ดอนโพธิ์', 'เมืองลพบุรี', 'ลพบุรี', '15000'),
('ดอนโพธิ์ทอง', 'เมืองสุพรรณบุรี', 'สุพรรณบุรี', '72000'),
('ดอนโอง', 'โพธิ์ชัย', 'ร้อยเอ็ด', '45230'),
('ดอนใหญ่', 'คง', 'นครราชสีมา', '30260'),
('ดอนไก่ดี', 'กระทุ่มแบน', 'สมุทรสาคร', '74110'),
('ดอนไผ่', 'ดำเนินสะดวก', 'ราชบุรี', '70130'),
('ดอนไฟ', 'แม่ทะ', 'ลำปาง', '52150'),
('ดอยงาม', 'พาน', 'เชียงราย', '57120'),
('ดอยลาน', 'เมืองเชียงราย', 'เชียงราย', '57000'),
('ดอยหล่อ', 'ดอยหล่อ', 'เชียงใหม่', '50160'),
('ดอยฮาง', 'เมืองเชียงราย', 'เชียงราย', '57000'),
('ดอยเต่า', 'ดอยเต่า', 'เชียงใหม่', '50260'),
('ดอยแก้ว', 'จอมทอง', 'เชียงใหม่', '50160'),
('ดาวคะนอง', 'ธนบุรี', 'กรุงเทพมหานคร', '10600'),
('ดาวเรือง', 'เมืองสระบุรี', 'สระบุรี', '18000'),
('ดาโต๊ะ', 'หนองจิก', 'ปัตตานี', '94170'),
('ดำเนินสะดวก', 'ดำเนินสะดวก', 'ราชบุรี', '70130'),
('ดินจี่', 'คำม่วง', 'กาฬสินธุ์', '46180'),
('ดินดำ', 'ภูเวียง', 'ขอนแก่น', '40150'),
('ดินทอง', 'วังทอง', 'พิษณุโลก', '65130'),
('ดินอุดม', 'ลำทับ', 'กระบี่', '81190'),
('ดินแดง', 'ดินแดง', 'กรุงเทพมหานคร', '10400'),
('ดีลัง', 'พัฒนานิคม', 'ลพบุรี', '15220'),
('ดีหลวง', 'สทิงพระ', 'สงขลา', '90190'),
('ดุซงญอ', 'จะแนะ', 'นราธิวาส', '96220'),
('ดุมใหญ่', 'ม่วงสามสิบ', 'อุบลราชธานี', '34140'),
('ดุสิต', 'ดุสิต', 'กรุงเทพมหานคร', '10300'),
('ดูกอึ่ง', 'หนองฮี', 'ร้อยเอ็ด', '45140'),
('ดูน', 'กันทรารมย์', 'ศรีสะเกษ', '33130'),
('ดูนสาด', 'กระนวน', 'ขอนแก่น', '40170'),
('ดู่', 'กันทรารมย์', 'ศรีสะเกษ', '33130'),
('ดู่ทุ่ง', 'เมืองยโสธร', 'ยโสธร', '35000'),
('ดู่น้อย', 'จตุรพักตรพิมาน', 'ร้อยเอ็ด', '45180'),
('ดู่พงษ์', 'สันติสุข', 'น่าน', '55210'),
('ดู่ลาด', 'ทรายมูล', 'ยโสธร', '35170'),
('ดู่ใต้', 'เมืองน่าน', 'น่าน', '55000'),
('ด่าน', 'กาบเชิง', 'สุรินทร์', '32210'),
('ด่านขุนทด', 'ด่านขุนทด', 'นครราชสีมา', '30210'),
('ด่านคล้า', 'โนนสูง', 'นครราชสีมา', '30160'),
('ด่านจาก', 'โนนไทย', 'นครราชสีมา', '30220'),
('ด่านชุมพล', 'บ่อไร่', 'ตราด', '23140'),
('ด่านช้าง', 'บัวใหญ่', 'นครราชสีมา', '30120'),
('ด่านซ้าย', 'ด่านซ้าย', 'เลย', '42120'),
('ด่านทับตะโก', 'จอมบึง', 'ราชบุรี', '70150'),
('ด่านนอก', 'ด่านขุนทด', 'นครราชสีมา', '30210'),
('ด่านมะขามเตี้ย', 'ด่านมะขามเตี้ย', 'กาญจนบุรี', '71260'),
('ด่านม่วงคำ', 'โคกศรีสุพรรณ', 'สกลนคร', '47280'),
('ด่านศรีสุข', 'โพธิ์ตาก', 'หนองคาย', '43130'),
('ด่านสวี', 'สวี', 'ชุมพร', '86130'),
('ด่านเกวียน', 'โชคชัย', 'นครราชสีมา', '30190'),
('ด่านแม่คำมัน', 'ลับแล', 'อุตรดิตถ์', '53210'),
('ด่านแม่ละเมา', 'แม่สอด', 'ตาก', '63110'),
('ด่านแม่แฉลบ', 'ศรีสวัสดิ์', 'กาญจนบุรี', '71250'),
('ด่านใน', 'ด่านขุนทด', 'นครราชสีมา', '30210'),
('ตกพรม', 'ขลุง', 'จันทบุรี', '22110'),
('ตบหู', 'เดชอุดม', 'อุบลราชธานี', '34160'),
('ตรมไพร', 'ศีขรภูมิ', 'สุรินทร์', '32110'),
('ตรวจ', 'ศรีณรงค์', 'สุรินทร์', '32150'),
('ตรอกนอง', 'ขลุง', 'จันทบุรี', '22110'),
('ตระกาจ', 'กันทรลักษ์', 'ศรีสะเกษ', '33110'),
('ตระการ', 'ตระการพืชผล', 'อุบลราชธานี', '34130'),
('ตระเปียงเตีย', 'ลำดวน', 'สุรินทร์', '32220'),
('ตระแสง', 'เมืองสุรินทร์', 'สุรินทร์', '32000'),
('ตรัง', 'มายอ', 'ปัตตานี', '94140'),
('ตรำดม', 'ลำดวน', 'สุรินทร์', '32220'),
('ตรีณรงค์', 'ไชโย', 'อ่างทอง', '14140'),
('ตรึม', 'ศีขรภูมิ', 'สุรินทร์', '32110'),
('ตลาด', 'พระประแดง', 'สมุทรปราการ', '10130'),
('ตลาดกรวด', 'เมืองอ่างทอง', 'อ่างทอง', '14000'),
('ตลาดกระทุ่มแบน', 'กระทุ่มแบน', 'สมุทรสาคร', '74110'),
('ตลาดขวัญ', 'เมืองนนทบุรี', 'นนทบุรี', '11000'),
('ตลาดจินดา', 'สามพราน', 'นครปฐม', '73110'),
('ตลาดน้อย', 'สัมพันธวงศ์', 'กรุงเทพมหานคร', '10100'),
('ตลาดบางเขน', 'หลักสี่', 'กรุงเทพมหานคร', '10210'),
('ตลาดพลู', 'ธนบุรี', 'กรุงเทพมหานคร', '10600'),
('ตลาดยอด', 'พระนคร', 'กรุงเทพมหานคร', '10200'),
('ตลาดหลวง', 'เมืองอ่างทอง', 'อ่างทอง', '14000'),
('ตลาดเกรียบ', 'บางปะอิน', 'พระนครศรีอยุธยา', '13160'),
('ตลาดเหนือ', 'เมืองภูเก็ต', 'ภูเก็ต', '83000'),
('ตลาดแร้ง', 'บ้านเขว้า', 'ชัยภูมิ', '36170'),
('ตลาดโพธิ์', 'ลำปลายมาศ', 'บุรีรัมย์', '31130'),
('ตลาดใหญ่', 'ดอยสะเก็ด', 'เชียงใหม่', '50220'),
('ตลาดใหม่', 'วิเศษชัยชาญ', 'อ่างทอง', '14110'),
('ตลาดไชยา', 'ไชยา', 'สุราษฎร์ธานี', '84110'),
('ตลาดไทร', 'ประทาย', 'นครราชสีมา', '30180'),
('ตลิ่งงาม', 'เกาะสมุย', 'สุราษฎร์ธานี', '84140'),
('ตลิ่งชัน', 'ตลิ่งชัน', 'กรุงเทพมหานคร', '10170'),
('ตลุก', 'สรรพยา', 'ชัยนาท', '17150'),
('ตลุกกลางทุ่ง', 'เมืองตาก', 'ตาก', '63000'),
('ตลุกดู่', 'ทัพทัน', 'อุทัยธานี', '61120'),
('ตลุกเทียม', 'พรหมพิราม', 'พิษณุโลก', '65180'),
('ตองปิด', 'น้ำเกลี้ยง', 'ศรีสะเกษ', '33130'),
('ตองโขบ', 'โคกศรีสุพรรณ', 'สกลนคร', '47280'),
('ตอหลัง', 'ยะหริ่ง', 'ปัตตานี', '94150'),
('ตะกรบ', 'ไชยา', 'สุราษฎร์ธานี', '84110'),
('ตะกั่วป่า', 'หนองสองห้อง', 'ขอนแก่น', '40190'),
('ตะกาง', 'เมืองตราด', 'ตราด', '23000'),
('ตะกาดเง้า', 'ท่าใหม่', 'จันทบุรี', '22120'),
('ตะกุกเหนือ', 'วิภาวดี', 'สุราษฎร์ธานี', '84370'),
('ตะกุกใต้', 'วิภาวดี', 'สุราษฎร์ธานี', '84370'),
('ตะกุด', 'เมืองสระบุรี', 'สระบุรี', '18000'),
('ตะกุดไร', 'ชนแดน', 'เพชรบูรณ์', '67190'),
('ตะขบ', 'ปักธงชัย', 'นครราชสีมา', '30150'),
('ตะคร้อ', 'ไพศาลี', 'นครสวรรค์', '60220'),
('ตะคร้ำเอน', 'ท่ามะกา', 'กาญจนบุรี', '71130'),
('ตะคุ', 'ปักธงชัย', 'นครราชสีมา', '30150'),
('ตะค่า', 'บางปลาม้า', 'สุพรรณบุรี', '72150'),
('ตะดอบ', 'เมืองศรีสะเกษ', 'ศรีสะเกษ', '33000'),
('ตะนาวศรี', 'สวนผึ้ง', 'ราชบุรี', '70180'),
('ตะบิ้ง', 'สายบุรี', 'ปัตตานี', '94110'),
('ตะบ่าย', 'ศรีเมืองใหม่', 'อุบลราชธานี', '34250'),
('ตะปอน', 'ขลุง', 'จันทบุรี', '22110'),
('ตะปอเยาะ', 'ยี่งอ', 'นราธิวาส', '96180'),
('ตะปาน', 'พุนพิน', 'สุราษฎร์ธานี', '84130'),
('ตะพง', 'เมืองระยอง', 'ระยอง', '21000'),
('ตะพานหิน', 'ตะพานหิน', 'พิจิตร', '66110'),
('ตะมะยูง', 'ศรีสาคร', 'นราธิวาส', '96210'),
('ตะลุง', 'เมืองลพบุรี', 'ลพบุรี', '15000'),
('ตะลุบัน', 'สายบุรี', 'ปัตตานี', '94110'),
('ตะลุโบะ', 'เมืองปัตตานี', 'ปัตตานี', '94000'),
('ตะเครียะ', 'ระโนด', 'สงขลา', '90140'),
('ตะเคียน', 'ด่านขุนทด', 'นครราชสีมา', '30210'),
('ตะเคียนทอง', 'เขาคิชฌกูฏ', 'จันทบุรี', '22210'),
('ตะเคียนปม', 'ทุ่งหัวช้าง', 'ลำพูน', '51160'),
('ตะเคียนราม', 'ภูสิงห์', 'ศรีสะเกษ', '33140'),
('ตะเคียนเตี้ย', 'บางละมุง', 'ชลบุรี', '20150'),
('ตะเคียนเลื่อน', 'เมืองนครสวรรค์', 'นครสวรรค์', '60000'),
('ตะเบาะ', 'เมืองเพชรบูรณ์', 'เพชรบูรณ์', '67000'),
('ตะเสะ', 'หาดสำราญ', 'ตรัง', '92120'),
('ตะแบกบาน', 'ครบุรี', 'นครราชสีมา', '30250'),
('ตะแพน', 'ศรีบรรพต', 'พัทลุง', '93190'),
('ตะโก', 'ห้วยแถลง', 'นครราชสีมา', '30240'),
('ตะโกตาพิ', 'ประโคนชัย', 'บุรีรัมย์', '31140'),
('ตะโกทอง', 'ซับใหญ่', 'ชัยภูมิ', '36130'),
('ตะโละ', 'ยะหริ่ง', 'ปัตตานี', '94150'),
('ตะโละกาโปร์', 'ยะหริ่ง', 'ปัตตานี', '94150'),
('ตะโละดือรามัน', 'กะพ้อ', 'ปัตตานี', '94230'),
('ตะโละแมะนา', 'ทุ่งยางแดง', 'ปัตตานี', '94140'),
('ตะโละไกรทอง', 'ไม้แก่น', 'ปัตตานี', '94220'),
('ตะโล๊ะหะลอ', 'รามัน', 'ยะลา', '95140'),
('ตะโหมด', 'ตะโหมด', 'พัทลุง', '93160'),
('ตันหยงจึงงา', 'ยะหริ่ง', 'ปัตตานี', '94190'),
('ตันหยงดาลอ', 'ยะหริ่ง', 'ปัตตานี', '94150'),
('ตันหยงมัส', 'ระแงะ', 'นราธิวาส', '96130'),
('ตันหยงลิมอ', 'ระแงะ', 'นราธิวาส', '96130'),
('ตันหยงลุโละ', 'เมืองปัตตานี', 'ปัตตานี', '94000'),
('ตันหยงโป', 'เมืองสตูล', 'สตูล', '91000'),
('ตับเต่า', 'เทิง', 'เชียงราย', '57160'),
('ตั้งใจ', 'เมืองสุรินทร์', 'สุรินทร์', '32000'),
('ตากตก', 'บ้านตาก', 'ตาก', '63120'),
('ตากฟ้า', 'ตากฟ้า', 'นครสวรรค์', '60190'),
('ตากออก', 'บ้านตาก', 'ตาก', '63120'),
('ตากูก', 'เขวาสินรินทร์', 'สุรินทร์', '32000'),
('ตากแดด', 'ตระการพืชผล', 'อุบลราชธานี', '34130'),
('ตาก้อง', 'เมืองนครปฐม', 'นครปฐม', '73000'),
('ตาขัน', 'บ้านค่าย', 'ระยอง', '21120'),
('ตาขีด', 'บรรพตพิสัย', 'นครสวรรค์', '60180'),
('ตาคง', 'สังขะ', 'สุรินทร์', '32150'),
('ตาคลี', 'ตาคลี', 'นครสวรรค์', '60140'),
('ตาจง', 'ละหานทราย', 'บุรีรัมย์', '31170'),
('ตาจั่น', 'คง', 'นครราชสีมา', '30260'),
('ตาชี', 'ยะหา', 'ยะลา', '95120'),
('ตาดกลอย', 'หล่มเก่า', 'เพชรบูรณ์', '67120'),
('ตาดข่า', 'หนองหิน', 'เลย', '42190'),
('ตาดควัน', 'พญาเม็งราย', 'เชียงราย', '57290'),
('ตาดทอง', 'เมืองยโสธร', 'ยโสธร', '35000'),
('ตาตุม', 'สังขะ', 'สุรินทร์', '32150'),
('ตานิม', 'บางปะหัน', 'พระนครศรีอยุธยา', '13220'),
('ตานี', 'ปราสาท', 'สุรินทร์', '32140'),
('ตาพระยา', 'ตาพระยา', 'สระแก้ว', '27180'),
('ตาลชุม', 'เวียงสา', 'น่าน', '55110'),
('ตาลสุม', 'ตาลสุม', 'อุบลราชธานี', '34330'),
('ตาลาน', 'ผักไห่', 'พระนครศรีอยุธยา', '13120'),
('ตาลีอายร์', 'ยะหริ่ง', 'ปัตตานี', '94150'),
('ตาลเดี่ยว', 'แก่งคอย', 'สระบุรี', '18110'),
('ตาลเตี้ย', 'เมืองสุโขทัย', 'สุโขทัย', '64220'),
('ตาลเนิ้ง', 'สว่างแดนดิน', 'สกลนคร', '47240'),
('ตาลเลียน', 'กุดจับ', 'อุดรธานี', '41250'),
('ตาลเอน', 'บางปะหัน', 'พระนครศรีอยุธยา', '13220'),
('ตาลโกน', 'สว่างแดนดิน', 'สกลนคร', '47240'),
('ตาวัง', 'บัวเชด', 'สุรินทร์', '32230'),
('ตาสัง', 'บรรพตพิสัย', 'นครสวรรค์', '60180'),
('ตาสิทธิ์', 'ปลวกแดง', 'ระยอง', '21140'),
('ตาหลวง', 'ดำเนินสะดวก', 'ราชบุรี', '70130'),
('ตาหลังใน', 'วังน้ำเย็น', 'สระแก้ว', '27210'),
('ตาอุด', 'ขุขันธ์', 'ศรีสะเกษ', '33140'),
('ตาอ็อง', 'เมืองสุรินทร์', 'สุรินทร์', '32000'),
('ตาเกษ', 'อุทุมพรพิสัย', 'ศรีสะเกษ', '33120'),
('ตาเกา', 'น้ำขุ่น', 'อุบลราชธานี', '34260'),
('ตาเซะ', 'เมืองยะลา', 'ยะลา', '95000'),
('ตาเนาะปูเต๊ะ', 'บันนังสตา', 'ยะลา', '95130'),
('ตาเนาะแมเราะ', 'เบตง', 'ยะลา', '95110'),
('ตาเนิน', 'เนินสง่า', 'ชัยภูมิ', '36130'),
('ตาเบา', 'ปราสาท', 'สุรินทร์', '32140'),
('ตาเป๊ก', 'เฉลิมพระเกียรติ', 'บุรีรัมย์', '31110'),
('ตาเมียง', 'พนมดงรัก', 'สุรินทร์', '32140'),
('ตาเสา', 'ห้วยราช', 'บุรีรัมย์', '31000'),
('ตาแกะ', 'ยะหริ่ง', 'ปัตตานี', '94150'),
('ตาโกน', 'เมืองจันทร์', 'ศรีสะเกษ', '33120'),
('ตำตัว', 'ตะกั่วป่า', 'พังงา', '82110'),
('ตำนาน', 'เมืองพัทลุง', 'พัทลุง', '93000'),
('ตำมะลัง', 'เมืองสตูล', 'สตูล', '91000'),
('ตำหนักธรรม', 'หนองม่วงไข่', 'แพร่', '54170'),
('ตำหรุ', 'บ้านลาด', 'เพชรบุรี', '76150'),
('ตำแย', 'พยุห์', 'ศรีสะเกษ', '33230'),
('ตุยง', 'หนองจิก', 'ปัตตานี', '94170'),
('ตูม', 'ปักธงชัย', 'นครราชสีมา', '30150'),
('ตูมใต้', 'กุมภวาปี', 'อุดรธานี', '41110'),
('ตูมใหญ่', 'คูเมือง', 'บุรีรัมย์', '31190'),
('ต้นตาล', 'เสาไห้', 'สระบุรี', '18160'),
('ต้นธง', 'เมืองลำพูน', 'ลำพูน', '51000'),
('ต้นธงชัย', 'เมืองลำปาง', 'ลำปาง', '52000'),
('ต้นผึ้ง', 'พังโคน', 'สกลนคร', '47160'),
('ต้นมะพร้าว', 'เมืองเพชรบุรี', 'เพชรบุรี', '76000'),
('ต้นมะม่วง', 'เมืองเพชรบุรี', 'เพชรบุรี', '76000'),
('ต้นยวน', 'พนม', 'สุราษฎร์ธานี', '84250');
INSERT INTO `p_district` (`District`, `Amphurs`, `Province`, `Zipcode`) VALUES
('ต้นเปา', 'สันกำแพง', 'เชียงใหม่', '50130'),
('ต้นโพธิ์', 'เมืองสิงห์บุรี', 'สิงห์บุรี', '16000'),
('ต้า', 'ขุนตาล', 'เชียงราย', '57340'),
('ต้าผามอก', 'ลอง', 'แพร่', '54150'),
('ถนน', 'มายอ', 'ปัตตานี', '94140'),
('ถนนขาด', 'เมืองนครปฐม', 'นครปฐม', '73000'),
('ถนนนครไชยศรี', 'ดุสิต', 'กรุงเทพมหานคร', '10300'),
('ถนนพญาไท', 'ราชเทวี', 'กรุงเทพมหานคร', '10400'),
('ถนนหัก', 'นางรอง', 'บุรีรัมย์', '31110'),
('ถนนเพชรบุรี', 'ราชเทวี', 'กรุงเทพมหานคร', '10400'),
('ถนนโพธิ์', 'โนนไทย', 'นครราชสีมา', '30220'),
('ถนนใหญ่', 'เมืองลพบุรี', 'ลพบุรี', '15000'),
('ถลุงเหล็ก', 'โคกสำโรง', 'ลพบุรี', '15120'),
('ถอนสมอ', 'ท่าช้าง', 'สิงห์บุรี', '16140'),
('ถาวร', 'เฉลิมพระเกียรติ', 'บุรีรัมย์', '31170'),
('ถาวรวัฒนา', 'ทรายทองวัฒนา', 'กำแพงเพชร', '62190'),
('ถืมตอง', 'เมืองน่าน', 'น่าน', '55000'),
('ถ่อนนาลับ', 'บ้านดุง', 'อุดรธานี', '41190'),
('ถ้ำ', 'ตะกั่วทุ่ง', 'พังงา', '82130'),
('ถ้ำกระต่ายทอง', 'พรานกระต่าย', 'กำแพงเพชร', '62110'),
('ถ้ำฉลอง', 'เมืองอุตรดิตถ์', 'อุตรดิตถ์', '53000'),
('ถ้ำทองหลาง', 'ทับปุด', 'พังงา', '82180'),
('ถ้ำทะลุ', 'บันนังสตา', 'ยะลา', '95130'),
('ถ้ำน้ำผุด', 'เมืองพังงา', 'พังงา', '82000'),
('ถ้ำพรรณรา', 'ถ้ำพรรณรา', 'นครศรีธรรมราช', '80260'),
('ถ้ำรงค์', 'บ้านลาด', 'เพชรบุรี', '76150'),
('ถ้ำลอด', 'ปางมะผ้า', 'แม่ฮ่องสอน', '58150'),
('ถ้ำวัวแดง', 'หนองบัวแดง', 'ชัยภูมิ', '36210'),
('ถ้ำสิงขร', 'คีรีรัฐนิคม', 'สุราษฎร์ธานี', '84180'),
('ถ้ำสิงห์', 'เมืองชุมพร', 'ชุมพร', '86100'),
('ถ้ำเจริญ', 'โซ่พิสัย', 'บึงกาฬ', '38170'),
('ถ้ำแข้', 'ตระการพืชผล', 'อุบลราชธานี', '34130'),
('ถ้ำใหญ่', 'ทุ่งสง', 'นครศรีธรรมราช', '80110'),
('ทมนางาม', 'โนนสะอาด', 'อุดรธานี', '41240'),
('ทมอ', 'ปราสาท', 'สุรินทร์', '32140'),
('ทรงคนอง', 'พระประแดง', 'สมุทรปราการ', '10130'),
('ทรงธรรม', 'เมืองกำแพงเพชร', 'กำแพงเพชร', '62000'),
('ทรัพย์ทวี', 'บ้านนาเดิม', 'สุราษฎร์ธานี', '84240'),
('ทรัพย์พระยา', 'นางรอง', 'บุรีรัมย์', '31110'),
('ทรัพย์อนันต์', 'ท่าแซะ', 'ชุมพร', '86140'),
('ทรัพย์ไพวัลย์', 'เอราวัณ', 'เลย', '42220'),
('ทรายกองดิน', 'คลองสามวา', 'กรุงเทพมหานคร', '10510'),
('ทรายกองดินใต้', 'คลองสามวา', 'กรุงเทพมหานคร', '10510'),
('ทรายขาว', 'สอยดาว', 'จันทบุรี', '22180'),
('ทรายทอง', 'ศรีบุญเรือง', 'หนองบัวลำภู', '39180'),
('ทรายมูล', 'องครักษ์', 'นครนายก', '26120'),
('ทรายแดง', 'เมืองระนอง', 'ระนอง', '85130'),
('ทวีวัฒนา', 'ทวีวัฒนา', 'กรุงเทพมหานคร', '10170'),
('ทองมงคล', 'บางสะพาน', 'ประจวบคีรีขันธ์', '77230'),
('ทองหลาง', 'บ้านนา', 'นครนายก', '26110'),
('ทองเอน', 'อินทร์บุรี', 'สิงห์บุรี', '16110'),
('ทอนหงส์', 'พรหมคีรี', 'นครศรีธรรมราช', '80320'),
('ทะนง', 'โพทะเล', 'พิจิตร', '66130'),
('ทะเมนชัย', 'ลำปลายมาศ', 'บุรีรัมย์', '31130'),
('ทะเลชุบศร', 'เมืองลพบุรี', 'ลพบุรี', '15000'),
('ทะเลทรัพย์', 'ปะทิว', 'ชุมพร', '86160'),
('ทะเลน้อย', 'ควนขนุน', 'พัทลุง', '93150'),
('ทะเลบก', 'ดอนเจดีย์', 'สุพรรณบุรี', '72250'),
('ทะเลวังวัด', 'ท่าหลวง', 'ลพบุรี', '15230'),
('ทับกฤช', 'ชุมแสง', 'นครสวรรค์', '60250'),
('ทับกฤชใต้', 'ชุมแสง', 'นครสวรรค์', '60250'),
('ทับกวาง', 'แก่งคอย', 'สระบุรี', '18260'),
('ทับกุง', 'หนองแสง', 'อุดรธานี', '41340'),
('ทับคล้อ', 'ทับคล้อ', 'พิจิตร', '66150'),
('ทับคาง', 'เขาย้อย', 'เพชรบุรี', '76140'),
('ทับช้าง', 'สะพานสูง', 'กรุงเทพมหานคร', '10250'),
('ทับตีเหล็ก', 'เมืองสุพรรณบุรี', 'สุพรรณบุรี', '72000'),
('ทับทัน', 'สังขะ', 'สุรินทร์', '32150'),
('ทับน้ำ', 'บางปะหัน', 'พระนครศรีอยุธยา', '13220'),
('ทับปริก', 'เมืองกระบี่', 'กระบี่', '81000'),
('ทับปุด', 'ทับปุด', 'พังงา', '82180'),
('ทับผึ้ง', 'ศรีสำโรง', 'สุโขทัย', '64120'),
('ทับพริก', 'อรัญประเทศ', 'สระแก้ว', '27120'),
('ทับมา', 'เมืองระยอง', 'ระยอง', '21000'),
('ทับยา', 'อินทร์บุรี', 'สิงห์บุรี', '16110'),
('ทับยายเชียง', 'พรหมพิราม', 'พิษณุโลก', '65150'),
('ทับยาว', 'ลาดกระบัง', 'กรุงเทพมหานคร', '10520'),
('ทับสวาย', 'ห้วยแถลง', 'นครราชสีมา', '30240'),
('ทับสะแก', 'ทับสะแก', 'ประจวบคีรีขันธ์', '77130'),
('ทับหมัน', 'ตะพานหิน', 'พิจิตร', '66110'),
('ทับเที่ยง', 'เมืองตรัง', 'ตรัง', '92000'),
('ทับใต้', 'หัวหิน', 'ประจวบคีรีขันธ์', '77110'),
('ทับใหญ่', 'รัตนบุรี', 'สุรินทร์', '32130'),
('ทับไทร', 'โป่งน้ำร้อน', 'จันทบุรี', '22140'),
('ทัพทัน', 'ทัพทัน', 'อุทัยธานี', '61120'),
('ทัพรั้ง', 'พระทองคำ', 'นครราชสีมา', '30220'),
('ทัพราช', 'ตาพระยา', 'สระแก้ว', '27180'),
('ทัพหลวง', 'บ้านไร่', 'อุทัยธานี', '61140'),
('ทัพเสด็จ', 'ตาพระยา', 'สระแก้ว', '27180'),
('ทัพไทย', 'ตาพระยา', 'สระแก้ว', '27180'),
('ทากาศ', 'แม่ทา', 'ลำพูน', '51170'),
('ทาขุมเงิน', 'แม่ทา', 'ลำพูน', '51170'),
('ทางกลาง', 'บางปะหัน', 'พระนครศรีอยุธยา', '13220'),
('ทางขวาง', 'แวงน้อย', 'ขอนแก่น', '40230'),
('ทางช้าง', 'บางบาล', 'พระนครศรีอยุธยา', '13250'),
('ทางพระ', 'โพธิ์ทอง', 'อ่างทอง', '14120'),
('ทางพูน', 'เฉลิมพระเกียรติ', 'นครศรีธรรมราช', '80290'),
('ทางเกวียน', 'แกลง', 'ระยอง', '21110'),
('ทาทุ่งหลวง', 'แม่ทา', 'ลำพูน', '51170'),
('ทานตะวัน', 'พาน', 'เชียงราย', '57280'),
('ทาปลาดุก', 'แม่ทา', 'ลำพูน', '51140'),
('ทาม', 'กันทรารมย์', 'ศรีสะเกษ', '33130'),
('ทาสบเส้า', 'แม่ทา', 'ลำพูน', '51140'),
('ทาเหนือ', 'แม่ออน', 'เชียงใหม่', '50130'),
('ทาแม่ลอบ', 'แม่ทา', 'ลำพูน', '51170'),
('ทำนบ', 'ท่าตะโก', 'นครสวรรค์', '60160'),
('ที่วัง', 'ทุ่งสง', 'นครศรีธรรมราช', '80110'),
('ทุ่ง', 'ไชยา', 'สุราษฎร์ธานี', '84110'),
('ทุ่งกง', 'กาญจนดิษฐ์', 'สุราษฎร์ธานี', '84290'),
('ทุ่งกระตาดพัฒนา', 'หนองกี่', 'บุรีรัมย์', '31210'),
('ทุ่งกระบือ', 'ย่านตาขาว', 'ตรัง', '92140'),
('ทุ่งกระบ่ำ', 'เลาขวัญ', 'กาญจนบุรี', '71210'),
('ทุ่งกระพังโหม', 'กำแพงแสน', 'นครปฐม', '73140'),
('ทุ่งกระเชาะ', 'บ้านตาก', 'ตาก', '63120'),
('ทุ่งกระเต็น', 'หนองกี่', 'บุรีรัมย์', '31210'),
('ทุ่งกล้วย', 'ภูซาง', 'พะเยา', '56110'),
('ทุ่งกวาว', 'เมืองแพร่', 'แพร่', '54000'),
('ทุ่งกว๋าว', 'เมืองปาน', 'ลำปาง', '52240'),
('ทุ่งกุลา', 'ท่าตูม', 'สุรินทร์', '32120'),
('ทุ่งก่อ', 'เวียงเชียงรุ้ง', 'เชียงราย', '57210'),
('ทุ่งขนาน', 'สอยดาว', 'จันทบุรี', '22180'),
('ทุ่งขมิ้น', 'นาหม่อม', 'สงขลา', '90310'),
('ทุ่งขวาง', 'พนัสนิคม', 'ชลบุรี', '20140'),
('ทุ่งข้าวพวง', 'เชียงดาว', 'เชียงใหม่', '50170'),
('ทุ่งครุ', 'ทุ่งครุ', 'กรุงเทพมหานคร', '10140'),
('ทุ่งคลอง', 'คำม่วง', 'กาฬสินธุ์', '46180'),
('ทุ่งคลี', 'เดิมบางนางบวช', 'สุพรรณบุรี', '72120'),
('ทุ่งคล้า', 'สายบุรี', 'ปัตตานี', '94190'),
('ทุ่งควายกิน', 'แกลง', 'ระยอง', '21110'),
('ทุ่งคอก', 'สองพี่น้อง', 'สุพรรณบุรี', '72110'),
('ทุ่งคา', 'เมืองชุมพร', 'ชุมพร', '86100'),
('ทุ่งคาวัด', 'ละแม', 'ชุมพร', '86170'),
('ทุ่งคาโงก', 'เมืองพังงา', 'พังงา', '82000'),
('ทุ่งค่าย', 'ย่านตาขาว', 'ตรัง', '92140'),
('ทุ่งงาม', 'เสริมงาม', 'ลำปาง', '52210'),
('ทุ่งจังหัน', 'โนนสุวรรณ', 'บุรีรัมย์', '31110'),
('ทุ่งชมพู', 'ภูเวียง', 'ขอนแก่น', '40150'),
('ทุ่งช้าง', 'ทุ่งช้าง', 'น่าน', '55130'),
('ทุ่งตะไคร', 'ทุ่งตะโก', 'ชุมพร', '86220'),
('ทุ่งตำเสา', 'หาดใหญ่', 'สงขลา', '90110'),
('ทุ่งต่อ', 'ห้วยยอด', 'ตรัง', '92130'),
('ทุ่งต้อม', 'สันป่าตอง', 'เชียงใหม่', '50120'),
('ทุ่งทราย', 'ทรายทองวัฒนา', 'กำแพงเพชร', '62190'),
('ทุ่งทอง', 'เกษตรวิสัย', 'ร้อยเอ็ด', '45150'),
('ทุ่งท่าช้าง', 'สระโบสถ์', 'ลพบุรี', '15240'),
('ทุ่งนนทรี', 'เขาสมิง', 'ตราด', '23130'),
('ทุ่งนางาม', 'ลานสัก', 'อุทัยธานี', '61160'),
('ทุ่งนางโอก', 'เมืองยโสธร', 'ยโสธร', '35000'),
('ทุ่งนารี', 'ป่าบอน', 'พัทลุง', '93170'),
('ทุ่งนาเลา', 'คอนสาร', 'ชัยภูมิ', '36180'),
('ทุ่งนาไทย', 'ทัพทัน', 'อุทัยธานี', '61120'),
('ทุ่งนุ้ย', 'ควนกาหลง', 'สตูล', '91130'),
('ทุ่งน้อย', 'โพทะเล', 'พิจิตร', '66130'),
('ทุ่งน้าว', 'สอง', 'แพร่', '54120'),
('ทุ่งบัว', 'กำแพงแสน', 'นครปฐม', '73140'),
('ทุ่งบุหลัง', 'ทุ่งหว้า', 'สตูล', '91120'),
('ทุ่งปรัง', 'สิชล', 'นครศรีธรรมราช', '80120'),
('ทุ่งปี๊', 'แม่วาง', 'เชียงใหม่', '50360'),
('ทุ่งผาสุข', 'เชียงคำ', 'พะเยา', '56110'),
('ทุ่งผึ้ง', 'แจ้ห่ม', 'ลำปาง', '52120'),
('ทุ่งฝน', 'ทุ่งฝน', 'อุดรธานี', '41310'),
('ทุ่งฝาย', 'เมืองลำปาง', 'ลำปาง', '52000'),
('ทุ่งพง', 'หนองฉาง', 'อุทัยธานี', '61110'),
('ทุ่งพญาไท', 'ราชเทวี', 'กรุงเทพมหานคร', '10400'),
('ทุ่งพระ', 'คอนสาร', 'ชัยภูมิ', '36180'),
('ทุ่งพระยา', 'สนามชัยเขต', 'ฉะเชิงเทรา', '24160'),
('ทุ่งพลา', 'โคกโพธิ์', 'ปัตตานี', '94180'),
('ทุ่งพอ', 'สะบ้าย้อย', 'สงขลา', '90210'),
('ทุ่งพึ่ง', 'หนองขาหย่าง', 'อุทัยธานี', '61130'),
('ทุ่งมน', 'ปราสาท', 'สุรินทร์', '32140'),
('ทุ่งมหาเจริญ', 'วังน้ำเย็น', 'สระแก้ว', '27210'),
('ทุ่งมหาเมฆ', 'สาทร', 'กรุงเทพมหานคร', '10120'),
('ทุ่งมะพร้าว', 'ท้ายเหมือง', 'พังงา', '82120'),
('ทุ่งยั้ง', 'ลับแล', 'อุตรดิตถ์', '53210'),
('ทุ่งยางเมือง', 'คีรีมาศ', 'สุโขทัย', '64160'),
('ทุ่งยาว', 'ปาย', 'แม่ฮ่องสอน', '58130'),
('ทุ่งรวงทอง', 'แม่วาง', 'เชียงใหม่', '50360'),
('ทุ่งระยะ', 'สวี', 'ชุมพร', '86130'),
('ทุ่งรัง', 'กาญจนดิษฐ์', 'สุราษฎร์ธานี', '84290'),
('ทุ่งลาน', 'คลองหอยโข่ง', 'สงขลา', '90230'),
('ทุ่งลุยลาย', 'คอนสาร', 'ชัยภูมิ', '36180'),
('ทุ่งลูกนก', 'กำแพงแสน', 'นครปฐม', '73140'),
('ทุ่งวัง', 'สตึก', 'บุรีรัมย์', '31150'),
('ทุ่งวัดดอน', 'สาทร', 'กรุงเทพมหานคร', '10120'),
('ทุ่งศรี', 'ร้องกวาง', 'แพร่', '54140'),
('ทุ่งศรีทอง', 'เวียงสา', 'น่าน', '55110'),
('ทุ่งศรีเมือง', 'สุวรรณภูมิ', 'ร้อยเอ็ด', '45130'),
('ทุ่งสง', 'นาบอน', 'นครศรีธรรมราช', '80220'),
('ทุ่งสมอ', 'เขาค้อ', 'เพชรบูรณ์', '67270'),
('ทุ่งสว่าง', 'ประทาย', 'นครราชสีมา', '30180'),
('ทุ่งสองห้อง', 'หลักสี่', 'กรุงเทพมหานคร', '10210'),
('ทุ่งสะโตก', 'สันป่าตอง', 'เชียงใหม่', '50120'),
('ทุ่งสัง', 'ทุ่งใหญ่', 'นครศรีธรรมราช', '80240'),
('ทุ่งสุขลา', 'ศรีราชา', 'ชลบุรี', '20230'),
('ทุ่งหมอ', 'สะเดา', 'สงขลา', '90240'),
('ทุ่งหลวง', 'โพนพิสัย', 'หนองคาย', '43120'),
('ทุ่งหวัง', 'เมืองสงขลา', 'สงขลา', '90000'),
('ทุ่งหว้า', 'ทุ่งหว้า', 'สตูล', '91120'),
('ทุ่งหัวช้าง', 'ทุ่งหัวช้าง', 'ลำพูน', '51160'),
('ทุ่งอรุณ', 'โชคชัย', 'นครราชสีมา', '30190'),
('ทุ่งฮั้ว', 'วังเหนือ', 'ลำปาง', '52140'),
('ทุ่งเขาหลวง', 'ทุ่งเขาหลวง', 'ร้อยเอ็ด', '45170'),
('ทุ่งเตา', 'บ้านนาสาร', 'สุราษฎร์ธานี', '84120'),
('ทุ่งเตาใหม่', 'บ้านนาสาร', 'สุราษฎร์ธานี', '84120'),
('ทุ่งเทิง', 'เดชอุดม', 'อุบลราชธานี', '34160'),
('ทุ่งเบญจา', 'ท่าใหม่', 'จันทบุรี', '22170'),
('ทุ่งเสลี่ยม', 'ทุ่งเสลี่ยม', 'สุโขทัย', '64150'),
('ทุ่งแก', 'เจริญศิลป์', 'สกลนคร', '47290'),
('ทุ่งแค้ว', 'หนองม่วงไข่', 'แพร่', '54170'),
('ทุ่งแต้', 'เมืองยโสธร', 'ยโสธร', '35000'),
('ทุ่งแล้ง', 'ลอง', 'แพร่', '54150'),
('ทุ่งแสงทอง', 'นางรอง', 'บุรีรัมย์', '31110'),
('ทุ่งโป่ง', 'อุบลรัตน์', 'ขอนแก่น', '40250'),
('ทุ่งโพ', 'หนองฉาง', 'อุทัยธานี', '61110'),
('ทุ่งโพธิ์', 'นาดี', 'ปราจีนบุรี', '25220'),
('ทุ่งโฮ้ง', 'เมืองแพร่', 'แพร่', '54000'),
('ทุ่งใส', 'สิชล', 'นครศรีธรรมราช', '80120'),
('ทุ่งใหญ่', 'กันทรลักษ์', 'ศรีสะเกษ', '33110'),
('ทุ่งไชย', 'อุทุมพรพิสัย', 'ศรีสะเกษ', '33120'),
('ทุ่งไทรทอง', 'ลำทับ', 'กระบี่', '81190'),
('ทุ่ม', 'เมืองศรีสะเกษ', 'ศรีสะเกษ', '33000'),
('ท่ากกแดง', 'เซกา', 'บึงกาฬ', '38150'),
('ท่ากระชับ', 'นครชัยศรี', 'นครปฐม', '73120'),
('ท่ากระดาน', 'สนามชัยเขต', 'ฉะเชิงเทรา', '24160'),
('ท่ากระเสริม', 'น้ำพอง', 'ขอนแก่น', '40140'),
('ท่ากว้าง', 'สารภี', 'เชียงใหม่', '50140'),
('ท่ากำชำ', 'หนองจิก', 'ปัตตานี', '94170'),
('ท่ากุ่ม', 'เมืองตราด', 'ตราด', '23000'),
('ท่ากูบ', 'ซับใหญ่', 'ชัยภูมิ', '36130'),
('ท่าก้อน', 'อากาศอำนวย', 'สกลนคร', '47170'),
('ท่าก๊อ', 'แม่สรวย', 'เชียงราย', '57180'),
('ท่าขนอน', 'คีรีรัฐนิคม', 'สุราษฎร์ธานี', '84180'),
('ท่าขนาน', 'เชียรใหญ่', 'นครศรีธรรมราช', '80190'),
('ท่าขนุน', 'ทองผาภูมิ', 'กาญจนบุรี', '71180'),
('ท่าขมิ้น', 'โพทะเล', 'พิจิตร', '66130'),
('ท่าขอนยาง', 'กันทรวิชัย', 'มหาสารคาม', '44150'),
('ท่าขึ้น', 'ท่าศาลา', 'นครศรีธรรมราช', '80160'),
('ท่าขุนราม', 'เมืองกำแพงเพชร', 'กำแพงเพชร', '62000'),
('ท่าข้าม', 'บางขุนเทียน', 'กรุงเทพมหานคร', '10150'),
('ท่าข้าวเปลือก', 'แม่จัน', 'เชียงราย', '57110'),
('ท่าคล้อ', 'แก่งคอย', 'สระบุรี', '18110'),
('ท่าคอย', 'ท่ายาง', 'เพชรบุรี', '76130'),
('ท่าคันโท', 'ท่าคันโท', 'กาฬสินธุ์', '46190'),
('ท่าคา', 'อัมพวา', 'สมุทรสงคราม', '75110'),
('ท่าค้อ', 'เมืองนครพนม', 'นครพนม', '48000'),
('ท่างาม', 'อินทร์บุรี', 'สิงห์บุรี', '16110'),
('ท่างิ้ว', 'บรรพตพิสัย', 'นครสวรรค์', '60180'),
('ท่าจะหลุง', 'โชคชัย', 'นครราชสีมา', '30190'),
('ท่าจำปา', 'ท่าอุเทน', 'นครพนม', '48120'),
('ท่าจำปี', 'เมืองพะเยา', 'พะเยา', '56000'),
('ท่าจีน', 'เมืองสมุทรสาคร', 'สมุทรสาคร', '74000'),
('ท่าฉนวน', 'มโนรมย์', 'ชัยนาท', '17110'),
('ท่าฉลอม', 'เมืองสมุทรสาคร', 'สมุทรสาคร', '74000'),
('ท่าฉาง', 'ท่าฉาง', 'สุราษฎร์ธานี', '84150'),
('ท่าชนะ', 'ท่าชนะ', 'สุราษฎร์ธานี', '84170'),
('ท่าชะมวง', 'รัตภูมิ', 'สงขลา', '90180'),
('ท่าชัย', 'เมืองชัยนาท', 'ชัยนาท', '17000'),
('ท่าชี', 'บ้านนาสาร', 'สุราษฎร์ธานี', '84120'),
('ท่าชุมพล', 'โพธาราม', 'ราชบุรี', '70120'),
('ท่าช้าง', 'นครหลวง', 'พระนครศรีอยุธยา', '13260'),
('ท่าช้างคล้อง', 'ผาขาว', 'เลย', '42240'),
('ท่าซอม', 'หัวไทร', 'นครศรีธรรมราช', '80170'),
('ท่าซัก', 'เมืองนครศรีธรรมราช', 'นครศรีธรรมราช', '80000'),
('ท่าซุง', 'เมืองอุทัยธานี', 'อุทัยธานี', '61000'),
('ท่าดอกคำ', 'บึงโขงหลง', 'บึงกาฬ', '38220'),
('ท่าดินดำ', 'ชัยบาดาล', 'ลพบุรี', '15130'),
('ท่าดินแดง', 'ผักไห่', 'พระนครศรีอยุธยา', '13120'),
('ท่าดี', 'ลานสกา', 'นครศรีธรรมราช', '80230'),
('ท่าด้วง', 'หนองไผ่', 'เพชรบูรณ์', '67140'),
('ท่าตลาด', 'สามพราน', 'นครปฐม', '73110'),
('ท่าตอ', 'มหาราช', 'พระนครศรีอยุธยา', '13150'),
('ท่าตอน', 'แม่อาย', 'เชียงใหม่', '50280'),
('ท่าตะคร้อ', 'ท่าม่วง', 'กาญจนบุรี', '71130'),
('ท่าตะเกียบ', 'ท่าตะเกียบ', 'ฉะเชิงเทรา', '24160'),
('ท่าตะเภา', 'เมืองชุมพร', 'ชุมพร', '86000'),
('ท่าตะโก', 'ท่าตะโก', 'นครสวรรค์', '60160'),
('ท่าตาล', 'บางกระทุ่ม', 'พิษณุโลก', '65110'),
('ท่าตำหนัก', 'นครชัยศรี', 'นครปฐม', '73120'),
('ท่าตุ้ม', 'ป่าซาง', 'ลำพูน', '51120'),
('ท่าตูม', 'แก่งคอย', 'สระบุรี', '18110'),
('ท่าถ่าน', 'พนมสารคาม', 'ฉะเชิงเทรา', '24120'),
('ท่าทราย', 'เมืองนนทบุรี', 'นนทบุรี', '11000'),
('ท่าทอง', 'สวรรคโลก', 'สุโขทัย', '64110'),
('ท่าทองหลาง', 'บางคล้า', 'ฉะเชิงเทรา', '24110'),
('ท่าทองใหม่', 'กาญจนดิษฐ์', 'สุราษฎร์ธานี', '84290'),
('ท่าธง', 'รามัน', 'ยะลา', '95140'),
('ท่านัด', 'ดำเนินสะดวก', 'ราชบุรี', '70130'),
('ท่านั่ง', 'โพทะเล', 'พิจิตร', '66130'),
('ท่านา', 'กะปง', 'พังงา', '82170'),
('ท่านางงาม', 'บางระกำ', 'พิษณุโลก', '65140'),
('ท่านางแนว', 'แวงน้อย', 'ขอนแก่น', '40230'),
('ท่าน้าว', 'ภูเพียง', 'น่าน', '55000'),
('ท่าน้ำ', 'ปะนาเระ', 'ปัตตานี', '94130'),
('ท่าน้ำอ้อย', 'พยุหะคีรี', 'นครสวรรค์', '60130'),
('ท่าบอน', 'ระโนด', 'สงขลา', '90140'),
('ท่าบัว', 'โพทะเล', 'พิจิตร', '66130'),
('ท่าบุญมี', 'เกาะจันทร์', 'ชลบุรี', '20240'),
('ท่าบ่อ', 'ท่าบ่อ', 'หนองคาย', '43110'),
('ท่าบ่อสงคราม', 'ศรีสงคราม', 'นครพนม', '48150'),
('ท่าประจะ', 'ชะอวด', 'นครศรีธรรมราช', '80180'),
('ท่าประดู่', 'เมืองระยอง', 'ระยอง', '21000'),
('ท่าปลา', 'ท่าปลา', 'อุตรดิตถ์', '53150'),
('ท่าผา', 'แม่แจ่ม', 'เชียงใหม่', '50270'),
('ท่าผาปุ้ม', 'แม่ลาน้อย', 'แม่ฮ่องสอน', '58120'),
('ท่าพญา', 'ปะเหลียน', 'ตรัง', '92140'),
('ท่าพยา', 'ปากพนัง', 'นครศรีธรรมราช', '80140'),
('ท่าพระ', 'เมืองขอนแก่น', 'ขอนแก่น', '40260'),
('ท่าพระยา', 'นครชัยศรี', 'นครปฐม', '73120'),
('ท่าพริก', 'เมืองตราด', 'ตราด', '23000'),
('ท่าพล', 'เมืองเพชรบูรณ์', 'เพชรบูรณ์', '67250'),
('ท่าพลับ', 'บ้านโพธิ์', 'ฉะเชิงเทรา', '24140'),
('ท่าพี่เลี้ยง', 'เมืองสุพรรณบุรี', 'สุพรรณบุรี', '72000'),
('ท่าพุทรา', 'คลองขลุง', 'กำแพงเพชร', '62120'),
('ท่ามะกา', 'ท่ามะกา', 'กาญจนบุรี', '71120'),
('ท่ามะขาม', 'เมืองกาญจนบุรี', 'กาญจนบุรี', '71000'),
('ท่ามะนาว', 'ชัยบาดาล', 'ลพบุรี', '15130'),
('ท่ามะปราง', 'แก่งคอย', 'สระบุรี', '18110'),
('ท่ามะพลา', 'หลังสวน', 'ชุมพร', '86110'),
('ท่ามะเขือ', 'คลองขลุง', 'กำแพงเพชร', '62120'),
('ท่ามะเดื่อ', 'บางแก้ว', 'พัทลุง', '93140'),
('ท่ามะเฟือง', 'พิชัย', 'อุตรดิตถ์', '53120'),
('ท่ามะไฟหวาน', 'แก้งคร้อ', 'ชัยภูมิ', '36150'),
('ท่ามิหรำ', 'เมืองพัทลุง', 'พัทลุง', '93000'),
('ท่าม่วง', 'สตึก', 'บุรีรัมย์', '31150'),
('ท่ายาง', 'ท่ายาง', 'เพชรบุรี', '76130'),
('ท่าระหัด', 'เมืองสุพรรณบุรี', 'สุพรรณบุรี', '72000'),
('ท่าราบ', 'เมืองราชบุรี', 'ราชบุรี', '70000'),
('ท่าลาด', 'ชุมพวง', 'นครราชสีมา', '30270'),
('ท่าลาดขาว', 'โชคชัย', 'นครราชสีมา', '30190'),
('ท่าลี่', 'กุมภวาปี', 'อุดรธานี', '41110'),
('ท่าล้อ', 'ท่าม่วง', 'กาญจนบุรี', '71000'),
('ท่าวัง', 'เมืองนครศรีธรรมราช', 'นครศรีธรรมราช', '80000'),
('ท่าวังตาล', 'สารภี', 'เชียงใหม่', '50140'),
('ท่าวังทอง', 'เมืองพะเยา', 'พะเยา', '56000'),
('ท่าวังผา', 'ท่าวังผา', 'น่าน', '55140'),
('ท่าวังพร้าว', 'สันป่าตอง', 'เชียงใหม่', '50120'),
('ท่าวัด', 'แวงน้อย', 'ขอนแก่น', '40230'),
('ท่าวาสุกรี', 'พระนครศรีอยุธยา', 'พระนครศรีอยุธยา', '13000'),
('ท่าวุ้ง', 'ท่าวุ้ง', 'ลพบุรี', '15150'),
('ท่าศาลา', 'เมืองลพบุรี', 'ลพบุรี', '15000'),
('ท่าศิลา', 'ส่องดาว', 'สกลนคร', '47190'),
('ท่าสวรรค์', 'นาด้วง', 'เลย', '42210'),
('ท่าสว่าง', 'เมืองสุรินทร์', 'สุรินทร์', '32000'),
('ท่าสองคอน', 'เมืองมหาสารคาม', 'มหาสารคาม', '44000'),
('ท่าสองยาง', 'ท่าสองยาง', 'ตาก', '63150'),
('ท่าสะท้อน', 'พุนพิน', 'สุราษฎร์ธานี', '84130'),
('ท่าสะบ้า', 'วังวิเศษ', 'ตรัง', '92000'),
('ท่าสะอาด', 'เซกา', 'บึงกาฬ', '38150'),
('ท่าสะอ้าน', 'บางปะกง', 'ฉะเชิงเทรา', '24130'),
('ท่าสะแก', 'ชาติตระการ', 'พิษณุโลก', '65170'),
('ท่าสัก', 'พิชัย', 'อุตรดิตถ์', '53220'),
('ท่าสาป', 'เมืองยะลา', 'ยะลา', '95000'),
('ท่าสาย', 'เมืองเชียงราย', 'เชียงราย', '57000'),
('ท่าสายลวด', 'แม่สอด', 'ตาก', '63110'),
('ท่าสีดา', 'หนองพอก', 'ร้อยเอ็ด', '45210'),
('ท่าสุด', 'เมืองเชียงราย', 'เชียงราย', '57100'),
('ท่าหมอไทร', 'จะนะ', 'สงขลา', '90130'),
('ท่าหมื่นราม', 'วังทอง', 'พิษณุโลก', '65130'),
('ท่าหลวง', 'ท่าหลวง', 'ลพบุรี', '15230'),
('ท่าหาดยาว', 'โพนทราย', 'ร้อยเอ็ด', '45240'),
('ท่าหิน', 'เมืองลพบุรี', 'ลพบุรี', '15000'),
('ท่าหินโงม', 'เมืองชัยภูมิ', 'ชัยภูมิ', '36000'),
('ท่าฬ่อ', 'เมืองพิจิตร', 'พิจิตร', '66000'),
('ท่าอยู่', 'ตะกั่วทุ่ง', 'พังงา', '82130'),
('ท่าอิฐ', 'ปากเกร็ด', 'นนทบุรี', '11120'),
('ท่าอิบุญ', 'หล่มสัก', 'เพชรบูรณ์', '67110'),
('ท่าอุเทน', 'ท่าอุเทน', 'นครพนม', '48120'),
('ท่าอุแท', 'กาญจนดิษฐ์', 'สุราษฎร์ธานี', '84160'),
('ท่าอ่าง', 'โชคชัย', 'นครราชสีมา', '30190'),
('ท่าเกวียน', 'วัฒนานคร', 'สระแก้ว', '27160'),
('ท่าเกษม', 'เมืองสระแก้ว', 'สระแก้ว', '27000'),
('ท่าเคย', 'สวนผึ้ง', 'ราชบุรี', '70180'),
('ท่าเจ้าสนุก', 'ท่าเรือ', 'พระนครศรีอยุธยา', '13130'),
('ท่าเดื่อ', 'ดอยเต่า', 'เชียงใหม่', '50260'),
('ท่าเทววงษ์', 'เกาะสีชัง', 'ชลบุรี', '20120'),
('ท่าเมือง', 'ดอนมดแดง', 'อุบลราชธานี', '34000'),
('ท่าเยี่ยม', 'โชคชัย', 'นครราชสีมา', '30190'),
('ท่าเรือ', 'ท่าเรือ', 'พระนครศรีอยุธยา', '13130'),
('ท่าเสน', 'บ้านลาด', 'เพชรบุรี', '76150'),
('ท่าเสม็ด', 'ชะอวด', 'นครศรีธรรมราช', '80180'),
('ท่าเสา', 'เมืองอุตรดิตถ์', 'อุตรดิตถ์', '53000'),
('ท่าแค', 'เมืองลพบุรี', 'ลพบุรี', '15000'),
('ท่าแซะ', 'ท่าแซะ', 'ชุมพร', '86140'),
('ท่าแดง', 'หนองไผ่', 'เพชรบูรณ์', '67140'),
('ท่าแฝก', 'น้ำปาด', 'อุตรดิตถ์', '53110'),
('ท่าแพ', 'ท่าแพ', 'สตูล', '91150'),
('ท่าแยก', 'เมืองสระแก้ว', 'สระแก้ว', '27000'),
('ท่าแร่', 'เมืองสกลนคร', 'สกลนคร', '47230'),
('ท่าแร้ง', 'บางเขน', 'กรุงเทพมหานคร', '10220'),
('ท่าแร้งออก', 'บ้านแหลม', 'เพชรบุรี', '76110'),
('ท่าแลง', 'ท่ายาง', 'เพชรบุรี', '76130'),
('ท่าโพ', 'หนองขาหย่าง', 'อุทัยธานี', '61130'),
('ท่าโพธิ์', 'เมืองพิษณุโลก', 'พิษณุโลก', '65000'),
('ท่าโพธิ์ชัย', 'หนองกี่', 'บุรีรัมย์', '31210'),
('ท่าโพธิ์ศรี', 'เดชอุดม', 'อุบลราชธานี', '34160'),
('ท่าโรง', 'วิเชียรบุรี', 'เพชรบูรณ์', '67130'),
('ท่าโรงช้าง', 'พุนพิน', 'สุราษฎร์ธานี', '84130'),
('ท่าโสม', 'เขาสมิง', 'ตราด', '23150'),
('ท่าใหญ่', 'หนองบัวแดง', 'ชัยภูมิ', '36210'),
('ท่าใหม่', 'ท่าใหม่', 'จันทบุรี', '22120'),
('ท่าไข่', 'เมืองฉะเชิงเทรา', 'ฉะเชิงเทรา', '24000'),
('ท่าไม้', 'ชุมแสง', 'นครสวรรค์', '60120'),
('ท่าไม้รวก', 'ท่ายาง', 'เพชรบุรี', '76130'),
('ท่าไร่', 'เมืองนครศรีธรรมราช', 'นครศรีธรรมราช', '80000'),
('ท่าไห', 'เขื่องใน', 'อุบลราชธานี', '34150'),
('ท้องฟ้า', 'บ้านตาก', 'ตาก', '63120'),
('ท้องลำเจียก', 'เชียรใหญ่', 'นครศรีธรรมราช', '80190'),
('ท้องเนียน', 'ขนอม', 'นครศรีธรรมราช', '80210'),
('ท้อแท้', 'วัดโบสถ์', 'พิษณุโลก', '65160'),
('ท้ายช้าง', 'เมืองพังงา', 'พังงา', '82000'),
('ท้ายดง', 'วังโป่ง', 'เพชรบูรณ์', '67240'),
('ท้ายตลาด', 'เมืองลพบุรี', 'ลพบุรี', '15000'),
('ท้ายทุ่ง', 'ทับคล้อ', 'พิจิตร', '66150'),
('ท้ายน้ำ', 'โพทะเล', 'พิจิตร', '66130'),
('ท้ายบ้าน', 'เมืองสมุทรปราการ', 'สมุทรปราการ', '10280'),
('ท้ายบ้านใหม่', 'เมืองสมุทรปราการ', 'สมุทรปราการ', '10280'),
('ท้ายสำเภา', 'พระพรหม', 'นครศรีธรรมราช', '80000'),
('ท้ายหาด', 'เมืองสมุทรสงคราม', 'สมุทรสงคราม', '75000'),
('ท้ายเกาะ', 'สามโคก', 'ปทุมธานี', '12160'),
('ท้ายเหมือง', 'ท้ายเหมือง', 'พังงา', '82120'),
('ธงชัย', 'เมืองเพชรบุรี', 'เพชรบุรี', '76000'),
('ธงชัยเหนือ', 'ปักธงชัย', 'นครราชสีมา', '30150'),
('ธงธานี', 'ธวัชบุรี', 'ร้อยเอ็ด', '45170'),
('ธนู', 'อุทัย', 'พระนครศรีอยุธยา', '13210'),
('ธรรมศาลา', 'เมืองนครปฐม', 'นครปฐม', '73000'),
('ธรรมามูล', 'เมืองชัยนาท', 'ชัยนาท', '17000'),
('ธรรมเสน', 'โพธาราม', 'ราชบุรี', '70120'),
('ธวัชบุรี', 'ธวัชบุรี', 'ร้อยเอ็ด', '45170'),
('ธัญญา', 'กมลาไสย', 'กาฬสินธุ์', '46130'),
('ธาตุ', 'รัตนบุรี', 'สุรินทร์', '32130'),
('ธาตุทอง', 'บ่อทอง', 'ชลบุรี', '20270'),
('ธาตุนาเวง', 'เมืองสกลนคร', 'สกลนคร', '47000'),
('ธาตุน้อย', 'เขื่องใน', 'อุบลราชธานี', '34150'),
('ธาตุพนม', 'ธาตุพนม', 'นครพนม', '48110'),
('ธาตุพนมเหนือ', 'ธาตุพนม', 'นครพนม', '48110'),
('ธาตุเชิงชุม', 'เมืองสกลนคร', 'สกลนคร', '47000'),
('ธานี', 'เมืองสุโขทัย', 'สุโขทัย', '64000'),
('ธารคีรี', 'สะบ้าย้อย', 'สงขลา', '90210'),
('ธารทหาร', 'หนองบัว', 'นครสวรรค์', '60110'),
('ธารทอง', 'พาน', 'เชียงราย', '57250'),
('ธารน้ำทิพย์', 'เบตง', 'ยะลา', '95110'),
('ธารปราสาท', 'โนนสูง', 'นครราชสีมา', '30420'),
('ธารละหลอด', 'พิมาย', 'นครราชสีมา', '30110'),
('ธารเกษม', 'พระพุทธบาท', 'สระบุรี', '18120'),
('ธารโต', 'ธารโต', 'ยะลา', '95150'),
('ธำมรงค์', 'เมืองกำแพงเพชร', 'กำแพงเพชร', '62160'),
('นกออก', 'ปักธงชัย', 'นครราชสีมา', '30150'),
('นครชัยศรี', 'นครชัยศรี', 'นครปฐม', '73120'),
('นครชุม', 'เมืองกำแพงเพชร', 'กำแพงเพชร', '62000'),
('นครชุมน์', 'บ้านโป่ง', 'ราชบุรี', '70110'),
('นครนายก', 'เมืองนครนายก', 'นครนายก', '26000'),
('นครปฐม', 'เมืองนครปฐม', 'นครปฐม', '73000'),
('นครป่าหมาก', 'บางกระทุ่ม', 'พิษณุโลก', '65110'),
('นครสวรรค์ตก', 'เมืองนครสวรรค์', 'นครสวรรค์', '60000'),
('นครสวรรค์ออก', 'เมืองนครสวรรค์', 'นครสวรรค์', '60000'),
('นครหลวง', 'นครหลวง', 'พระนครศรีอยุธยา', '13260'),
('นครเจดีย์', 'ป่าซาง', 'ลำพูน', '51120'),
('นครเดิฐ', 'ศรีนคร', 'สุโขทัย', '64180'),
('นครไทย', 'นครไทย', 'พิษณุโลก', '65120'),
('นนทรี', 'กบินทร์บุรี', 'ปราจีนบุรี', '25110'),
('นนทรีย์', 'บ่อไร่', 'ตราด', '23140'),
('นบปริง', 'เมืองพังงา', 'พังงา', '82000'),
('นบพิตำ', 'นบพิตำ', 'นครศรีธรรมราช', '80160'),
('นพรัตน์', 'หนองเสือ', 'ปทุมธานี', '12170'),
('นรสิงห์', 'ป่าโมก', 'อ่างทอง', '14130'),
('นราภิรมย์', 'บางเลน', 'นครปฐม', '73130'),
('นวมินทร์', 'บึงกุ่ม', 'กรุงเทพมหานคร', '10240'),
('นวลจันทร์', 'บึงกุ่ม', 'กรุงเทพมหานคร', '10230'),
('นอกเมือง', 'เมืองสุรินทร์', 'สุรินทร์', '32000'),
('นากระตาม', 'ท่าแซะ', 'ชุมพร', '86140'),
('นากระแซง', 'เดชอุดม', 'อุบลราชธานี', '34160'),
('นากลาง', 'สูงเนิน', 'นครราชสีมา', '30380'),
('นากว้าง', 'เมืองอุดรธานี', 'อุดรธานี', '41000'),
('นากอก', 'ศรีบุญเรือง', 'หนองบัวลำภู', '39180'),
('นากะชะ', 'ฉวาง', 'นครศรีธรรมราช', '80260'),
('นากั้ง', 'ปากคาด', 'บึงกาฬ', '38190'),
('นาขมิ้น', 'โพนสวรรค์', 'นครพนม', '48190'),
('นาขยาด', 'ควนขนุน', 'พัทลุง', '93110'),
('นาขอม', 'ไพศาลี', 'นครสวรรค์', '60220'),
('นาขา', 'หลังสวน', 'ชุมพร', '86110'),
('นาขาม', 'กุฉินารายณ์', 'กาฬสินธุ์', '46110'),
('นาขุนไกร', 'ศรีสำโรง', 'สุโขทัย', '64120'),
('นาขุม', 'บ้านโคก', 'อุตรดิตถ์', '53180'),
('นาข่า', 'มัญจาคีรี', 'ขอนแก่น', '40160'),
('นาข้าวเสีย', 'นาโยง', 'ตรัง', '92170'),
('นาครัว', 'แม่ทะ', 'ลำปาง', '52150'),
('นาคอเรือ', 'ฮอด', 'เชียงใหม่', '50240'),
('นาคา', 'สุขสำราญ', 'ระนอง', '85120'),
('นาคาย', 'ตาลสุม', 'อุบลราชธานี', '34330'),
('นาคำ', 'ศรีเมืองใหม่', 'อุบลราชธานี', '34250'),
('นาคำใหญ่', 'เขื่องใน', 'อุบลราชธานี', '34150'),
('นาคำไฮ', 'เมืองหนองบัวลำภู', 'หนองบัวลำภู', '39000'),
('นาคู', 'ผักไห่', 'พระนครศรีอยุธยา', '13280'),
('นาคูณใหญ่', 'นาหว้า', 'นครพนม', '48180'),
('นาคู่', 'นาแก', 'นครพนม', '48130'),
('นางตะเคียน', 'เมืองสมุทรสงคราม', 'สมุทรสงคราม', '75000'),
('นางบวช', 'เดิมบางนางบวช', 'สุพรรณบุรี', '72120'),
('นางพญา', 'ท่าปลา', 'อุตรดิตถ์', '53150'),
('นางรอง', 'นางรอง', 'บุรีรัมย์', '31110'),
('นางรำ', 'ประทาย', 'นครราชสีมา', '30180'),
('นางลือ', 'เมืองชัยนาท', 'ชัยนาท', '17000'),
('นางหลง', 'ชะอวด', 'นครศรีธรรมราช', '80180'),
('นางัว', 'น้ำโสม', 'อุดรธานี', '41210'),
('นางั่ว', 'เมืองเพชรบูรณ์', 'เพชรบูรณ์', '67000'),
('นางาม', 'มัญจาคีรี', 'ขอนแก่น', '40160'),
('นางิ้ว', 'เขาสวนกวาง', 'ขอนแก่น', '40280'),
('นางแก้ว', 'โพธาราม', 'ราชบุรี', '70120'),
('นางแดด', 'หนองบัวแดง', 'ชัยภูมิ', '36210'),
('นางแล', 'เมืองเชียงราย', 'เชียงราย', '57100'),
('นาจอมเทียน', 'สัตหีบ', 'ชลบุรี', '20250'),
('นาจะหลวย', 'นาจะหลวย', 'อุบลราชธานี', '34280'),
('นาจักร', 'เมืองแพร่', 'แพร่', '54000'),
('นาจาน', 'สีชมพู', 'ขอนแก่น', '40220'),
('นาจารย์', 'เมืองกาฬสินธุ์', 'กาฬสินธุ์', '46000'),
('นาจำปา', 'ดอนจาน', 'กาฬสินธุ์', '46000'),
('นาจิก', 'เมืองอำนาจเจริญ', 'อำนาจเจริญ', '37000'),
('นาชะอัง', 'เมืองชุมพร', 'ชุมพร', '86000'),
('นาชุมเห็ด', 'ย่านตาขาว', 'ตรัง', '92140'),
('นาชุมแสง', 'ภูเวียง', 'ขอนแก่น', '40150'),
('นาซอ', 'วานรนิวาส', 'สกลนคร', '47120'),
('นาซาว', 'เมืองน่าน', 'น่าน', '55000'),
('นาซำ', 'หล่มเก่า', 'เพชรบูรณ์', '67120'),
('นาซ่าว', 'เชียงคาน', 'เลย', '42110'),
('นาดง', 'ปากคาด', 'บึงกาฬ', '38190'),
('นาดอกคำ', 'นาด้วง', 'เลย', '42210'),
('นาดินดำ', 'เมืองเลย', 'เลย', '42000'),
('นาดี', 'นาดี', 'ปราจีนบุรี', '25220'),
('นาดูน', 'นาดูน', 'มหาสารคาม', '44180'),
('นาด่าน', 'สุวรรณคูหา', 'หนองบัวลำภู', '39270'),
('นาด้วง', 'นาด้วง', 'เลย', '42210'),
('นาตงวัฒนา', 'โพนนาแก้ว', 'สกลนคร', '47230'),
('นาตาขวัญ', 'เมืองระยอง', 'ระยอง', '21000'),
('นาตาล', 'นาตาล', 'อุบลราชธานี', '34170'),
('นาตาล่วง', 'เมืองตรัง', 'ตรัง', '92000'),
('นาถ่อน', 'ธาตุพนม', 'นครพนม', '48110'),
('นาทม', 'ทุ่งฝน', 'อุดรธานี', '41310'),
('นาทราย', 'พิบูลย์รักษ์', 'อุดรธานี', '41130'),
('นาทวี', 'นาทวี', 'สงขลา', '90160'),
('นาทอง', 'เชียงยืน', 'มหาสารคาม', '44160'),
('นาทอน', 'ทุ่งหว้า', 'สตูล', '91120'),
('นาทะนุง', 'นาหมื่น', 'น่าน', '55180'),
('นาทัน', 'คำม่วง', 'กาฬสินธุ์', '46180'),
('นาทับ', 'จะนะ', 'สงขลา', '90130'),
('นาทับไฮ', 'รัตนวาปี', 'หนองคาย', '43120'),
('นาทุ่ง', 'สวรรคโลก', 'สุโขทัย', '64110'),
('นาท่อม', 'เมืองพัทลุง', 'พัทลุง', '93000'),
('นาท่ามเหนือ', 'เมืองตรัง', 'ตรัง', '92190'),
('นาท่ามใต้', 'เมืองตรัง', 'ตรัง', '92190'),
('นานกกก', 'ลับแล', 'อุตรดิตถ์', '53130'),
('นานวน', 'สนม', 'สุรินทร์', '32160'),
('นานวล', 'พนมไพร', 'ร้อยเอ็ด', '45140'),
('นานาค', 'ตากใบ', 'นราธิวาส', '96110'),
('นาน้อย', 'นาน้อย', 'น่าน', '55150'),
('นาบอน', 'คำม่วง', 'กาฬสินธุ์', '46180'),
('นาบัว', 'เมืองสุรินทร์', 'สุรินทร์', '32000'),
('นาบินหลา', 'เมืองตรัง', 'ตรัง', '92170'),
('นาบ่อคำ', 'เมืองกำแพงเพชร', 'กำแพงเพชร', '62000'),
('นาประดู่', 'โคกโพธิ์', 'ปัตตานี', '94180'),
('นาปรัง', 'ปง', 'พะเยา', '56140'),
('นาปะขอ', 'บางแก้ว', 'พัทลุง', '93140'),
('นาปัง', 'ภูเพียง', 'น่าน', '55000'),
('นาปู่ป้อม', 'ปางมะผ้า', 'แม่ฮ่องสอน', '58150'),
('นาป่า', 'เมืองชลบุรี', 'ชลบุรี', '20000'),
('นาป่าแซง', 'ปทุมราชวงศา', 'อำนาจเจริญ', '37110'),
('นาผือ', 'เมืองอำนาจเจริญ', 'อำนาจเจริญ', '37000'),
('นาฝาย', 'เมืองชัยภูมิ', 'ชัยภูมิ', '36000'),
('นาพญา', 'หลังสวน', 'ชุมพร', '86110'),
('นาพรุ', 'พระพรหม', 'นครศรีธรรมราช', '80000'),
('นาพละ', 'เมืองตรัง', 'ตรัง', '92000'),
('นาพันสาม', 'เมืองเพชรบุรี', 'เพชรบุรี', '76000'),
('นาพิน', 'ตระการพืชผล', 'อุบลราชธานี', '34130'),
('นาพึง', 'นาแห้ว', 'เลย', '42170'),
('นาพูน', 'วังชิ้น', 'แพร่', '54160'),
('นาพู่', 'เพ็ญ', 'อุดรธานี', '41150'),
('นาภู', 'ยางสีสุราช', 'มหาสารคาม', '44210'),
('นามน', 'นามน', 'กาฬสินธุ์', '46230'),
('นามะตูม', 'พนัสนิคม', 'ชลบุรี', '20140'),
('นามะเขือ', 'สหัสขันธ์', 'กาฬสินธุ์', '46140'),
('นามะเฟือง', 'เมืองหนองบัวลำภู', 'หนองบัวลำภู', '39000'),
('นามาลา', 'นาแห้ว', 'เลย', '42170'),
('นาม่วง', 'ประจักษ์ศิลปาคม', 'อุดรธานี', '41110'),
('นาม่อง', 'กุดบาก', 'สกลนคร', '47180'),
('นายม', 'เมืองอำนาจเจริญ', 'อำนาจเจริญ', '37000'),
('นายาง', 'สบปราบ', 'ลำปาง', '52170'),
('นายางกลัก', 'เทพสถิต', 'ชัยภูมิ', '36230'),
('นายายอาม', 'นายายอาม', 'จันทบุรี', '22160'),
('นายาว', 'พระพุทธบาท', 'สระบุรี', '18120'),
('นายูง', 'ศรีธาตุ', 'อุดรธานี', '41230'),
('นาราชควาย', 'เมืองนครพนม', 'นครพนม', '48000'),
('นารุ่ง', 'ศีขรภูมิ', 'สุรินทร์', '32110'),
('นาวง', 'ห้วยยอด', 'ตรัง', '92210'),
('นาวัง', 'เมืองอำนาจเจริญ', 'อำนาจเจริญ', '37000'),
('นาวังหิน', 'พนัสนิคม', 'ชลบุรี', '20140'),
('นาวุ้ง', 'เมืองเพชรบุรี', 'เพชรบุรี', '76000'),
('นาสนุ่น', 'ศรีเทพ', 'เพชรบูรณ์', '67170'),
('นาสวน', 'ศรีสวัสดิ์', 'กาญจนบุรี', '71250'),
('นาสวรรค์', 'เมืองบึงกาฬ', 'บึงกาฬ', '38000'),
('นาสะอาด', 'สร้างคอม', 'อุดรธานี', '41260'),
('นาสะเม็ง', 'ดอนตาล', 'มุกดาหาร', '49120'),
('นาสะแบง', 'ศรีวิไล', 'บึงกาฬ', '38210'),
('นาสะไม', 'ตระการพืชผล', 'อุบลราชธานี', '34130'),
('นาสะไมย์', 'เมืองยโสธร', 'ยโสธร', '35000'),
('นาสัก', 'แม่เมาะ', 'ลำปาง', '52220'),
('นาสาร', 'พระพรหม', 'นครศรีธรรมราช', '80000'),
('นาสิงห์', 'ศรีวิไล', 'บึงกาฬ', '38210'),
('นาสี', 'สุวรรณคูหา', 'หนองบัวลำภู', '39270'),
('นาสีนวน', 'กันทรวิชัย', 'มหาสารคาม', '44150'),
('นาสีนวล', 'พยัคฆภูมิพิสัย', 'มหาสารคาม', '44110'),
('นาส่วง', 'เดชอุดม', 'อุบลราชธานี', '34160'),
('นาหนองทุ่ม', 'แก้งคร้อ', 'ชัยภูมิ', '36150'),
('นาหนองไผ่', 'ชุมพลบุรี', 'สุรินทร์', '32190'),
('นาหนัง', 'โพนพิสัย', 'หนองคาย', '43120'),
('นาหนาด', 'ธาตุพนม', 'นครพนม', '48110'),
('นาหมอบุญ', 'จุฬาภรณ์', 'นครศรีธรรมราช', '80130'),
('นาหมอม้า', 'เมืองอำนาจเจริญ', 'อำนาจเจริญ', '37000'),
('นาหมอศรี', 'นาทวี', 'สงขลา', '90160'),
('นาหมื่นศรี', 'นาโยง', 'ตรัง', '92170'),
('นาหม่อม', 'นาหม่อม', 'สงขลา', '90310'),
('นาหลวงเสน', 'ทุ่งสง', 'นครศรีธรรมราช', '80110'),
('นาหว้า', 'ปทุมราชวงศา', 'อำนาจเจริญ', '37110'),
('นาหอ', 'ด่านซ้าย', 'เลย', '42120'),
('นาหัวบ่อ', 'พรรณานิคม', 'สกลนคร', '47220'),
('นาหินลาด', 'ปากพลี', 'นครนายก', '26130'),
('นาหูกวาง', 'ทับสะแก', 'ประจวบคีรีขันธ์', '77130'),
('นาห่อม', 'ทุ่งศรีอุดม', 'อุบลราชธานี', '34160'),
('นาอาน', 'เมืองเลย', 'เลย', '42000'),
('นาอิน', 'พิชัย', 'อุตรดิตถ์', '53120'),
('นาอุดม', 'โพนทอง', 'ร้อยเอ็ด', '45110'),
('นาอ้อ', 'เมืองเลย', 'เลย', '42100'),
('นาฮี', 'อากาศอำนวย', 'สกลนคร', '47170'),
('นาเกตุ', 'โคกโพธิ์', 'ปัตตานี', '94120'),
('นาเกลือ', 'พระสมุทรเจดีย์', 'สมุทรปราการ', '10290'),
('นาเกษม', 'ทุ่งศรีอุดม', 'อุบลราชธานี', '34160'),
('นาเกาะ', 'หล่มเก่า', 'เพชรบูรณ์', '67120'),
('นาเกียน', 'อมก๋อย', 'เชียงใหม่', '50310'),
('นาเข', 'บ้านแพง', 'นครพนม', '48140'),
('นาเขลียง', 'ฉวาง', 'นครศรีธรรมราช', '80260'),
('นาเคียน', 'เมืองนครศรีธรรมราช', 'นครศรีธรรมราช', '80000'),
('นาเจริญ', 'เดชอุดม', 'อุบลราชธานี', '34160'),
('นาเฉลียง', 'หนองไผ่', 'เพชรบูรณ์', '67220'),
('นาเชิงคีรี', 'คีรีมาศ', 'สุโขทัย', '64160'),
('นาเชือก', 'นาเชือก', 'มหาสารคาม', '44170'),
('นาเดื่อ', 'ศรีสงคราม', 'นครพนม', '48150'),
('นาเตย', 'ท้ายเหมือง', 'พังงา', '82120'),
('นาเพียง', 'ชุมแพ', 'ขอนแก่น', '40130'),
('นาเมือง', 'เสลภูมิ', 'ร้อยเอ็ด', '45120'),
('นาเมืองเพชร', 'สิเกา', 'ตรัง', '92000'),
('นาเยีย', 'นาเยีย', 'อุบลราชธานี', '34160'),
('นาเริก', 'พนัสนิคม', 'ชลบุรี', '20140'),
('นาเรียง', 'พรหมคีรี', 'นครศรีธรรมราช', '80320'),
('นาเรือง', 'นาเยีย', 'อุบลราชธานี', '34160'),
('นาเลิง', 'ม่วงสามสิบ', 'อุบลราชธานี', '34140'),
('นาเลิน', 'ศรีเมืองใหม่', 'อุบลราชธานี', '34250'),
('นาเลียง', 'นาแก', 'นครพนม', '48130'),
('นาเวียง', 'ทรายมูล', 'ยโสธร', '35170'),
('นาเสียว', 'เมืองชัยภูมิ', 'ชัยภูมิ', '36000'),
('นาเหนือ', 'อ่าวลึก', 'กระบี่', '81110'),
('นาเหรง', 'นบพิตำ', 'นครศรีธรรมราช', '80160'),
('นาเหลือง', 'เวียงสา', 'น่าน', '55110'),
('นาเหล่า', 'นาวัง', 'หนองบัวลำภู', '39170'),
('นาแก', 'คำเขื่อนแก้ว', 'ยโสธร', '35180'),
('นาแก้ว', 'โพนนาแก้ว', 'สกลนคร', '47230'),
('นาแขม', 'กบินทร์บุรี', 'ปราจีนบุรี', '25110'),
('นาแค', 'นายูง', 'อุดรธานี', '41380'),
('นาแซง', 'เสลภูมิ', 'ร้อยเอ็ด', '45120'),
('นาแต้', 'เมืองอำนาจเจริญ', 'อำนาจเจริญ', '37000'),
('นาแพง', 'โคกโพธิ์ไชย', 'ขอนแก่น', '40160'),
('นาแว', 'ฉวาง', 'นครศรีธรรมราช', '80260'),
('นาแวง', 'เขมราฐ', 'อุบลราชธานี', '34170'),
('นาแสง', 'ศรีวิไล', 'บึงกาฬ', '38210'),
('นาแส่ง', 'เกาะคา', 'ลำปาง', '52130'),
('นาแห้ว', 'นาแห้ว', 'เลย', '42170'),
('นาโก', 'กุฉินารายณ์', 'กาฬสินธุ์', '46110'),
('นาโคก', 'เมืองสมุทรสาคร', 'สมุทรสาคร', '74000'),
('นาโฉง', 'เมืองสระบุรี', 'สระบุรี', '18000'),
('นาโต๊ะหมิง', 'เมืองตรัง', 'ตรัง', '92000'),
('นาโบสถ์', 'วังเจ้า', 'ตาก', '63180'),
('นาโป่ง', 'เมืองเลย', 'เลย', '42000'),
('นาโพธิ์', 'นาโพธิ์', 'บุรีรัมย์', '31230'),
('นาโพธิ์กลาง', 'โขงเจียม', 'อุบลราชธานี', '34220'),
('นาโยงเหนือ', 'นาโยง', 'ตรัง', '92170'),
('นาโยงใต้', 'เมืองตรัง', 'ตรัง', '92170'),
('นาโสก', 'เมืองมุกดาหาร', 'มุกดาหาร', '49000'),
('นาโสม', 'ชัยบาดาล', 'ลพบุรี', '15190'),
('นาโส่', 'กุดชุม', 'ยโสธร', '35140'),
('นาโหนด', 'เมืองพัทลุง', 'พัทลุง', '93000'),
('นาใต้', 'บ้านนาเดิม', 'สุราษฎร์ธานี', '84240'),
('นาใน', 'พรรณานิคม', 'สกลนคร', '47130'),
('นาใหญ่', 'สุวรรณภูมิ', 'ร้อยเอ็ด', '45130'),
('นาไม้ไผ่', 'ทุ่งสง', 'นครศรีธรรมราช', '80110'),
('นาไร่หลวง', 'สองแคว', 'น่าน', '55160'),
('นาไหม', 'บ้านดุง', 'อุดรธานี', '41190'),
('นิคม', 'สตึก', 'บุรีรัมย์', '31150'),
('นิคมกระเสียว', 'ด่านช้าง', 'สุพรรณบุรี', '72180'),
('นิคมคำสร้อย', 'นิคมคำสร้อย', 'มุกดาหาร', '49130'),
('นิคมทุ่งโพธิ์ทะเล', 'เมืองกำแพงเพชร', 'กำแพงเพชร', '62000'),
('นิคมน้ำอูน', 'นิคมน้ำอูน', 'สกลนคร', '47270'),
('นิคมพัฒนา', 'นิคมพัฒนา', 'ระยอง', '21180'),
('นิคมลำนารายณ์', 'ชัยบาดาล', 'ลพบุรี', '15130'),
('นิคมสงเคราะห์', 'เมืองอุดรธานี', 'อุดรธานี', '41000'),
('นิคมสร้างตนเอง', 'เมืองลพบุรี', 'ลพบุรี', '15000'),
('นิคมสร้างตนเองลำโดมน้อย', 'สิรินธร', 'อุบลราชธานี', '34350'),
('นิคมห้วยผึ้ง', 'ห้วยผึ้ง', 'กาฬสินธุ์', '46240'),
('นิคมเขาบ่อแก้ว', 'พยุหะคีรี', 'นครสวรรค์', '60130'),
('นิยมชัย', 'สระโบสถ์', 'ลพบุรี', '15240'),
('นิลเพชร', 'บางเลน', 'นครปฐม', '73130'),
('นิเวศน์', 'ธวัชบุรี', 'ร้อยเอ็ด', '45170'),
('น้ำกุ่ม', 'นครไทย', 'พิษณุโลก', '65120'),
('น้ำก่ำ', 'ธาตุพนม', 'นครพนม', '48110'),
('น้ำก้อ', 'หล่มสัก', 'เพชรบูรณ์', '67110'),
('น้ำขาว', 'จะนะ', 'สงขลา', '90130'),
('น้ำขุม', 'ศรีนคร', 'สุโขทัย', '64180'),
('น้ำคอก', 'เมืองระยอง', 'ระยอง', '21000'),
('น้ำคำ', 'เมืองศรีสะเกษ', 'ศรีสะเกษ', '33000'),
('น้ำคำใหญ่', 'เมืองยโสธร', 'ยโสธร', '35000'),
('น้ำจั้น', 'เซกา', 'บึงกาฬ', '38150'),
('น้ำจืด', 'กระบุรี', 'ระนอง', '85110'),
('น้ำจืดน้อย', 'กระบุรี', 'ระนอง', '85110'),
('น้ำชำ', 'เมืองแพร่', 'แพร่', '54000'),
('น้ำชุน', 'หล่มสัก', 'เพชรบูรณ์', '67110'),
('น้ำซึม', 'เมืองอุทัยธานี', 'อุทัยธานี', '61000'),
('น้ำดำ', 'ทุ่งยางแดง', 'ปัตตานี', '94140'),
('น้ำดิบ', 'ป่าซาง', 'ลำพูน', '51120'),
('น้ำตก', 'นาน้อย', 'น่าน', '55150'),
('น้ำตาล', 'อินทร์บุรี', 'สิงห์บุรี', '16110'),
('น้ำทรง', 'พยุหะคีรี', 'นครสวรรค์', '60130'),
('น้ำทูน', 'ท่าลี่', 'เลย', '42140'),
('น้ำน้อย', 'หาดใหญ่', 'สงขลา', '90110'),
('น้ำบ่อหลวง', 'สันป่าตอง', 'เชียงใหม่', '50120'),
('น้ำปลีก', 'เมืองอำนาจเจริญ', 'อำนาจเจริญ', '37000'),
('น้ำปั้ว', 'เวียงสา', 'น่าน', '55110'),
('น้ำปาย', 'แม่จริม', 'น่าน', '55170'),
('น้ำผุด', 'ละงู', 'สตูล', '91110'),
('น้ำพอง', 'น้ำพอง', 'ขอนแก่น', '40140'),
('น้ำพาง', 'แม่จริม', 'น่าน', '55170'),
('น้ำพี้', 'ทองแสนขัน', 'อุตรดิตถ์', '53230'),
('น้ำพุ', 'เมืองราชบุรี', 'ราชบุรี', '70000'),
('น้ำพ่น', 'หนองวัวซอ', 'อุดรธานี', '41360'),
('น้ำมวบ', 'เวียงสา', 'น่าน', '55110'),
('น้ำรอบ', 'ลานสัก', 'อุทัยธานี', '61160'),
('น้ำรัด', 'หนองม่วงไข่', 'แพร่', '54170'),
('น้ำริด', 'เมืองอุตรดิตถ์', 'อุตรดิตถ์', '53000'),
('น้ำรึม', 'เมืองตาก', 'ตาก', '63000'),
('น้ำร้อน', 'เมืองเพชรบูรณ์', 'เพชรบูรณ์', '67000'),
('น้ำสวย', 'เมืองเลย', 'เลย', '42000'),
('น้ำสุด', 'พัฒนานิคม', 'ลพบุรี', '15140'),
('น้ำหนาว', 'น้ำหนาว', 'เพชรบูรณ์', '67260'),
('น้ำหมัน', 'ท่าปลา', 'อุตรดิตถ์', '53150'),
('น้ำหมาน', 'เมืองเลย', 'เลย', '42000'),
('น้ำหัก', 'คีรีรัฐนิคม', 'สุราษฎร์ธานี', '84180'),
('น้ำอ่าง', 'ตรอน', 'อุตรดิตถ์', '53140'),
('น้ำอ้อม', 'กันทรลักษ์', 'ศรีสะเกษ', '33110'),
('น้ำเกลี้ยง', 'น้ำเกลี้ยง', 'ศรีสะเกษ', '33130'),
('น้ำเกี๋ยน', 'ภูเพียง', 'น่าน', '55000'),
('น้ำเขียว', 'รัตนบุรี', 'สุรินทร์', '32130'),
('น้ำเชี่ยว', 'แหลมงอบ', 'ตราด', '23120'),
('น้ำเต้า', 'มหาราช', 'พระนครศรีอยุธยา', '13150'),
('น้ำเที่ยง', 'คำชะอี', 'มุกดาหาร', '49110'),
('น้ำเป็น', 'เขาชะเมา', 'ระยอง', '21110'),
('น้ำเลา', 'ร้องกวาง', 'แพร่', '54140'),
('น้ำเฮี้ย', 'หล่มสัก', 'เพชรบูรณ์', '67110'),
('น้ำแก่น', 'ภูเพียง', 'น่าน', '55000'),
('น้ำแคม', 'ท่าลี่', 'เลย', '42140'),
('น้ำแพร่', 'พร้าว', 'เชียงใหม่', '50190'),
('น้ำแวน', 'เชียงคำ', 'พะเยา', '56110'),
('น้ำโจ้', 'แม่ทะ', 'ลำปาง', '52150'),
('น้ำโมง', 'ท่าบ่อ', 'หนองคาย', '43110'),
('น้ำโสม', 'น้ำโสม', 'อุดรธานี', '41210'),
('น้ำใส', 'จตุรพักตรพิมาน', 'ร้อยเอ็ด', '45180'),
('น้ำไคร้', 'น้ำปาด', 'อุตรดิตถ์', '53110'),
('น้ำไผ่', 'น้ำปาด', 'อุตรดิตถ์', '53110'),
('บก', 'โนนคูณ', 'ศรีสะเกษ', '33250'),
('บงตัน', 'ดอยเต่า', 'เชียงใหม่', '50260'),
('บงเหนือ', 'สว่างแดนดิน', 'สกลนคร', '47110'),
('บงใต้', 'สว่างแดนดิน', 'สกลนคร', '47110'),
('บรบือ', 'บรบือ', 'มหาสารคาม', '44130'),
('บริบูรณ์', 'สีชมพู', 'ขอนแก่น', '40220'),
('บวกค้าง', 'สันกำแพง', 'เชียงใหม่', '50130'),
('บวรนิเวศ', 'พระนคร', 'กรุงเทพมหานคร', '10200'),
('บองอ', 'ระแงะ', 'นราธิวาส', '96220'),
('บอน', 'สำโรง', 'อุบลราชธานี', '34360'),
('บะ', 'ท่าตูม', 'สุรินทร์', '32120'),
('บะยาว', 'วังสามหมอ', 'อุดรธานี', '41280'),
('บะหว้า', 'อากาศอำนวย', 'สกลนคร', '47170'),
('บะฮี', 'พรรณานิคม', 'สกลนคร', '47130'),
('บักดอง', 'ขุนหาญ', 'ศรีสะเกษ', '33150'),
('บักได', 'พนมดงรัก', 'สุรินทร์', '32140'),
('บันนังสตา', 'บันนังสตา', 'ยะลา', '95130'),
('บันนังสาเรง', 'เมืองยะลา', 'ยะลา', '95000'),
('บัลลังก์', 'โนนไทย', 'นครราชสีมา', '30220'),
('บัวขาว', 'กุฉินารายณ์', 'กาฬสินธุ์', '46110'),
('บัวคำ', 'โพธิ์ชัย', 'ร้อยเอ็ด', '45230'),
('บัวค้อ', 'เมืองมหาสารคาม', 'มหาสารคาม', '44000'),
('บัวงาม', 'เดชอุดม', 'อุบลราชธานี', '34160'),
('บัวชุม', 'ชัยบาดาล', 'ลพบุรี', '15130'),
('บัวตูม', 'โซ่พิสัย', 'บึงกาฬ', '38170'),
('บัวทอง', 'เมืองบุรีรัมย์', 'บุรีรัมย์', '31000'),
('บัวน้อย', 'กันทรารมย์', 'ศรีสะเกษ', '33130'),
('บัวบาน', 'ยางตลาด', 'กาฬสินธุ์', '46120'),
('บัวปากท่า', 'บางเลน', 'นครปฐม', '73130'),
('บัวมาศ', 'บรบือ', 'มหาสารคาม', '44130'),
('บัวลอย', 'หนองแค', 'สระบุรี', '18230'),
('บัวลาย', 'บัวลาย', 'นครราชสีมา', '30120'),
('บัววัฒนา', 'หนองไผ่', 'เพชรบูรณ์', '67140'),
('บัวสลี', 'แม่ลาว', 'เชียงราย', '57250'),
('บัวหุ่ง', 'ราษีไศล', 'ศรีสะเกษ', '33160'),
('บัวเงิน', 'น้ำพอง', 'ขอนแก่น', '40140'),
('บัวเชด', 'บัวเชด', 'สุรินทร์', '32230'),
('บัวแดง', 'ปทุมรัตต์', 'ร้อยเอ็ด', '45190'),
('บัวโคก', 'ท่าตูม', 'สุรินทร์', '32120'),
('บัวใหญ่', 'บัวใหญ่', 'นครราชสีมา', '30120'),
('บากเรือ', 'มหาชนะชัย', 'ยโสธร', '35130'),
('บางกรวย', 'บางกรวย', 'นนทบุรี', '11130'),
('บางกระทึก', 'สามพราน', 'นครปฐม', '73210'),
('บางกระทุ่ม', 'บางกระทุ่ม', 'พิษณุโลก', '65110'),
('บางกระบือ', 'สามโคก', 'ปทุมธานี', '12160'),
('บางกระสอ', 'เมืองนนทบุรี', 'นนทบุรี', '11000'),
('บางกระสอบ', 'พระประแดง', 'สมุทรปราการ', '10130'),
('บางกระสั้น', 'บางปะอิน', 'พระนครศรีอยุธยา', '13160'),
('บางกระเจ็ด', 'บางคล้า', 'ฉะเชิงเทรา', '24110'),
('บางกระเจ้า', 'เมืองสมุทรสาคร', 'สมุทรสาคร', '74000'),
('บางกระเบา', 'บ้านสร้าง', 'ปราจีนบุรี', '25150'),
('บางกรูด', 'บ้านโพธิ์', 'ฉะเชิงเทรา', '24140'),
('บางกร่าง', 'เมืองนนทบุรี', 'นนทบุรี', '11000'),
('บางกล่ำ', 'บางกล่ำ', 'สงขลา', '90110'),
('บางกอบัว', 'พระประแดง', 'สมุทรปราการ', '10130'),
('บางกะจะ', 'เมืองจันทบุรี', 'จันทบุรี', '22000'),
('บางกะดี', 'เมืองปทุมธานี', 'ปทุมธานี', '12000'),
('บางกะปิ', 'ห้วยขวาง', 'กรุงเทพมหานคร', '10310'),
('บางกะพี้', 'บ้านหมี่', 'ลพบุรี', '15110'),
('บางกะเจ้า', 'พระประแดง', 'สมุทรปราการ', '10130'),
('บางกะไชย', 'แหลมสิงห์', 'จันทบุรี', '22120'),
('บางกะไห', 'เมืองฉะเชิงเทรา', 'ฉะเชิงเทรา', '24000'),
('บางกุ้ง', 'ศรีมหาโพธิ', 'ปราจีนบุรี', '25140'),
('บางขนาก', 'บางน้ำเปรี้ยว', 'ฉะเชิงเทรา', '24150'),
('บางขนุน', 'บางกรวย', 'นนทบุรี', '11130'),
('บางขวัญ', 'เมืองฉะเชิงเทรา', 'ฉะเชิงเทรา', '24000'),
('บางขะแยง', 'เมืองปทุมธานี', 'ปทุมธานี', '12000'),
('บางขัน', 'บางขัน', 'นครศรีธรรมราช', '80360'),
('บางขันหมาก', 'เมืองลพบุรี', 'ลพบุรี', '15000'),
('บางขันแตก', 'เมืองสมุทรสงคราม', 'สมุทรสงคราม', '75000'),
('บางขาม', 'บ้านหมี่', 'ลพบุรี', '15180'),
('บางขุด', 'สรรคบุรี', 'ชัยนาท', '17140'),
('บางขุนกอง', 'บางกรวย', 'นนทบุรี', '11130'),
('บางขุนทอง', 'ตากใบ', 'นราธิวาส', '96110'),
('บางขุนนนท์', 'บางกอกน้อย', 'กรุงเทพมหานคร', '10700'),
('บางขุนพรหม', 'พระนคร', 'กรุงเทพมหานคร', '10200'),
('บางขุนศรี', 'บางกอกน้อย', 'กรุงเทพมหานคร', '10700'),
('บางขุนเทียน', 'จอมทอง', 'กรุงเทพมหานคร', '10150'),
('บางขุนไทร', 'บ้านแหลม', 'เพชรบุรี', '76110'),
('บางคนที', 'บางคนที', 'สมุทรสงคราม', '75120'),
('บางครก', 'บ้านแหลม', 'เพชรบุรี', '76110'),
('บางครุ', 'พระประแดง', 'สมุทรปราการ', '10130'),
('บางคลาน', 'โพทะเล', 'พิจิตร', '66130'),
('บางคล้า', 'บางคล้า', 'ฉะเชิงเทรา', '24110'),
('บางคอแหลม', 'บางคอแหลม', 'กรุงเทพมหานคร', '10120'),
('บางคา', 'ราชสาส์น', 'ฉะเชิงเทรา', '24120'),
('บางคูรัด', 'บางบัวทอง', 'นนทบุรี', '11110'),
('บางคูวัด', 'เมืองปทุมธานี', 'ปทุมธานี', '12000'),
('บางคูเวียง', 'บางกรวย', 'นนทบุรี', '11130'),
('บางคู้', 'ท่าวุ้ง', 'ลพบุรี', '15150'),
('บางค้อ', 'จอมทอง', 'กรุงเทพมหานคร', '10150'),
('บางงอน', 'พุนพิน', 'สุราษฎร์ธานี', '84130'),
('บางงา', 'ท่าวุ้ง', 'ลพบุรี', '15150'),
('บางงาม', 'ศรีประจันต์', 'สุพรรณบุรี', '72140'),
('บางจะเกร็ง', 'เมืองสมุทรสงคราม', 'สมุทรสงคราม', '75000'),
('บางจัก', 'วิเศษชัยชาญ', 'อ่างทอง', '14110'),
('บางจาก', 'พระประแดง', 'สมุทรปราการ', '10130'),
('บางจาน', 'เมืองเพชรบุรี', 'เพชรบุรี', '76000'),
('บางชนะ', 'เมืองสุราษฎร์ธานี', 'สุราษฎร์ธานี', '84000'),
('บางชะนี', 'บางบาล', 'พระนครศรีอยุธยา', '13250'),
('บางชัน', 'คลองสามวา', 'กรุงเทพมหานคร', '10510'),
('บางช้าง', 'สามพราน', 'นครปฐม', '73110'),
('บางซื่อ', 'บางซื่อ', 'กรุงเทพมหานคร', '10800'),
('บางซ่อน', 'บ้านโพธิ์', 'ฉะเชิงเทรา', '24140'),
('บางซ้าย', 'บางซ้าย', 'พระนครศรีอยุธยา', '13270'),
('บางดี', 'ห้วยยอด', 'ตรัง', '92210'),
('บางด้วน', 'ภาษีเจริญ', 'กรุงเทพมหานคร', '10160'),
('บางตลาด', 'ปากเกร็ด', 'นนทบุรี', '11120'),
('บางตะบูน', 'บ้านแหลม', 'เพชรบุรี', '76110'),
('บางตะบูนออก', 'บ้านแหลม', 'เพชรบุรี', '76110'),
('บางตะพง', 'ปากพนัง', 'นครศรีธรรมราช', '80140'),
('บางตะเคียน', 'สองพี่น้อง', 'สุพรรณบุรี', '72110'),
('บางตะไนย์', 'ปากเกร็ด', 'นนทบุรี', '11120'),
('บางตาวา', 'หนองจิก', 'ปัตตานี', '94170'),
('บางตาหงาย', 'บรรพตพิสัย', 'นครสวรรค์', '60180'),
('บางตาเถร', 'สองพี่น้อง', 'สุพรรณบุรี', '72110'),
('บางตีนเป็ด', 'เมืองฉะเชิงเทรา', 'ฉะเชิงเทรา', '24000'),
('บางทราย', 'เมืองชลบุรี', 'ชลบุรี', '20000'),
('บางทรายน้อย', 'หว้านใหญ่', 'มุกดาหาร', '49150'),
('บางทรายใหญ่', 'เมืองมุกดาหาร', 'มุกดาหาร', '49000'),
('บางทอง', 'ท้ายเหมือง', 'พังงา', '82120'),
('บางนกแขวก', 'บางคนที', 'สมุทรสงคราม', '75120'),
('บางนบ', 'หัวไทร', 'นครศรีธรรมราช', '80170'),
('บางนมโค', 'เสนา', 'พระนครศรีอยุธยา', '13110'),
('บางนอน', 'เมืองระนอง', 'ระนอง', '85000'),
('บางนา', 'มหาราช', 'พระนครศรีอยุธยา', '13150'),
('บางนาค', 'เมืองนราธิวาส', 'นราธิวาส', '96000'),
('บางนาง', 'พานทอง', 'ชลบุรี', '20160'),
('บางนางร้า', 'บางปะหัน', 'พระนครศรีอยุธยา', '13220'),
('บางนางลี่', 'อัมพวา', 'สมุทรสงคราม', '75110'),
('บางนายสี', 'ตะกั่วป่า', 'พังงา', '82110'),
('บางนาเหนือ', 'บางนา', 'กรุงเทพมหานคร', '10260'),
('บางนาใต้', 'บางนา', 'กรุงเทพมหานคร', '10260'),
('บางน้ำจืด', 'เมืองสมุทรสาคร', 'สมุทรสาคร', '74000'),
('บางน้ำผึ้ง', 'พระประแดง', 'สมุทรปราการ', '10130'),
('บางน้ำเชี่ยว', 'พรหมบุรี', 'สิงห์บุรี', '16120'),
('บางน้ำเปรี้ยว', 'บางน้ำเปรี้ยว', 'ฉะเชิงเทรา', '24150'),
('บางบริบูรณ์', 'เมืองปราจีนบุรี', 'ปราจีนบุรี', '25000'),
('บางบอนเหนือ', 'บางบอน', 'กรุงเทพมหานคร', '10150'),
('บางบอนใต้', 'บางบอน', 'กรุงเทพมหานคร', '10150'),
('บางบัวทอง', 'บางบัวทอง', 'นนทบุรี', '11110'),
('บางบาล', 'บางบาล', 'พระนครศรีอยุธยา', '13250'),
('บางบำหรุ', 'บางพลัด', 'กรุงเทพมหานคร', '10700'),
('บางบุตร', 'บ้านค่าย', 'ระยอง', '21120'),
('บางบ่อ', 'บางบ่อ', 'สมุทรปราการ', '10560'),
('บางปรอก', 'เมืองปทุมธานี', 'ปทุมธานี', '12000'),
('บางประมุง', 'โกรกพระ', 'นครสวรรค์', '60170'),
('บางประแดง', 'บางปะอิน', 'พระนครศรีอยุธยา', '13160'),
('บางปลา', 'บางพลี', 'สมุทรปราการ', '10540'),
('บางปลากด', 'ป่าโมก', 'อ่างทอง', '14130'),
('บางปลาม้า', 'บางปลาม้า', 'สุพรรณบุรี', '72150'),
('บางปลาร้า', 'บ้านสร้าง', 'ปราจีนบุรี', '25150'),
('บางปลาสร้อย', 'เมืองชลบุรี', 'ชลบุรี', '20000'),
('บางปอ', 'เมืองนราธิวาส', 'นราธิวาส', '96000'),
('บางปะกง', 'บางปะกง', 'ฉะเชิงเทรา', '24130'),
('บางปะกอก', 'ราษฎร์บูรณะ', 'กรุงเทพมหานคร', '10140'),
('บางปะหัน', 'บางปะหัน', 'พระนครศรีอยุธยา', '13220'),
('บางปิด', 'แหลมงอบ', 'ตราด', '23120'),
('บางปู', 'เมืองสมุทรปราการ', 'สมุทรปราการ', '10280'),
('บางปูใหม่', 'เมืองสมุทรปราการ', 'สมุทรปราการ', '10280'),
('บางป่า', 'เมืองราชบุรี', 'ราชบุรี', '70000'),
('บางผึ้ง', 'บางปะกง', 'ฉะเชิงเทรา', '24130'),
('บางพรม', 'ตลิ่งชัน', 'กรุงเทพมหานคร', '10170'),
('บางพระ', 'ศรีราชา', 'ชลบุรี', '20110'),
('บางพระครู', 'นครหลวง', 'พระนครศรีอยุธยา', '13260'),
('บางพระหลวง', 'เมืองนครสวรรค์', 'นครสวรรค์', '60000'),
('บางพระเหนือ', 'ละอุ่น', 'ระนอง', '85130'),
('บางพระใต้', 'ละอุ่น', 'ระนอง', '85130'),
('บางพลวง', 'บ้านสร้าง', 'ปราจีนบุรี', '25150'),
('บางพลัด', 'บางพลัด', 'กรุงเทพมหานคร', '10700'),
('บางพลับ', 'ปากเกร็ด', 'นนทบุรี', '11120'),
('บางพลี', 'บางไทร', 'พระนครศรีอยุธยา', '13190'),
('บางพลีน้อย', 'บางบ่อ', 'สมุทรปราการ', '10560'),
('บางพลีใหญ่', 'บางพลี', 'สมุทรปราการ', '10540'),
('บางพึ่ง', 'พระประแดง', 'สมุทรปราการ', '10130'),
('บางพุทรา', 'เมืองสิงห์บุรี', 'สิงห์บุรี', '16000'),
('บางพูด', 'ปากเกร็ด', 'นนทบุรี', '11120'),
('บางพูน', 'เมืองปทุมธานี', 'ปทุมธานี', '12000'),
('บางภาษี', 'บางเลน', 'นครปฐม', '73130'),
('บางมด', 'ทุ่งครุ', 'กรุงเทพมหานคร', '10140'),
('บางมะฝ่อ', 'โกรกพระ', 'นครสวรรค์', '60170'),
('บางมะพร้าว', 'หลังสวน', 'ชุมพร', '86110'),
('บางมะเดื่อ', 'พุนพิน', 'สุราษฎร์ธานี', '84130'),
('บางมัญ', 'เมืองสิงห์บุรี', 'สิงห์บุรี', '16000'),
('บางมูลนาก', 'บางมูลนาก', 'พิจิตร', '66120'),
('บางม่วง', 'บางใหญ่', 'นนทบุรี', '11140'),
('บางยอ', 'พระประแดง', 'สมุทรปราการ', '10130'),
('บางยาง', 'บ้านสร้าง', 'ปราจีนบุรี', '25150'),
('บางยี่ขัน', 'บางพลัด', 'กรุงเทพมหานคร', '10700'),
('บางยี่รงค์', 'บางคนที', 'สมุทรสงคราม', '75120'),
('บางยี่เรือ', 'ธนบุรี', 'กรุงเทพมหานคร', '10600'),
('บางยี่โท', 'บางไทร', 'พระนครศรีอยุธยา', '13190'),
('บางระกำ', 'นครหลวง', 'พระนครศรีอยุธยา', '13260'),
('บางระจัน', 'ค่ายบางระจัน', 'สิงห์บุรี', '16150'),
('บางระมาด', 'ตลิ่งชัน', 'กรุงเทพมหานคร', '10170'),
('บางรัก', 'บางรัก', 'กรุงเทพมหานคร', '10500'),
('บางรักน้อย', 'เมืองนนทบุรี', 'นนทบุรี', '11000'),
('บางรักพัฒนา', 'บางบัวทอง', 'นนทบุรี', '11110'),
('บางรักใหญ่', 'บางบัวทอง', 'นนทบุรี', '11110'),
('บางริ้น', 'เมืองระนอง', 'ระนอง', '85000'),
('บางรูป', 'ทุ่งใหญ่', 'นครศรีธรรมราช', '80240'),
('บางละมุง', 'บางละมุง', 'ชลบุรี', '20150'),
('บางลาย', 'บึงนาราง', 'พิจิตร', '66130'),
('บางลำภูล่าง', 'คลองสาน', 'กรุงเทพมหานคร', '10600'),
('บางลี่', 'ท่าวุ้ง', 'ลพบุรี', '15150'),
('บางลึก', 'เมืองชุมพร', 'ชุมพร', '86000'),
('บางลูกเสือ', 'องครักษ์', 'นครนายก', '26120'),
('บางวัน', 'คุระบุรี', 'พังงา', '82150'),
('บางวัว', 'บางปะกง', 'ฉะเชิงเทรา', '24180'),
('บางศรีเมือง', 'เมืองนนทบุรี', 'นนทบุรี', '11000'),
('บางศาลา', 'ปากพนัง', 'นครศรีธรรมราช', '80140'),
('บางสน', 'ปะทิว', 'ชุมพร', '86160'),
('บางสมบูรณ์', 'องครักษ์', 'นครนายก', '26120'),
('บางสมัคร', 'บางปะกง', 'ฉะเชิงเทรา', '24180'),
('บางสระเก้า', 'แหลมสิงห์', 'จันทบุรี', '22190'),
('บางสวน', 'บางคล้า', 'ฉะเชิงเทรา', '24110'),
('บางสวรรค์', 'พระแสง', 'สุราษฎร์ธานี', '84210'),
('บางสะพาน', 'บางสะพานน้อย', 'ประจวบคีรีขันธ์', '77170'),
('บางสะแก', 'บางคนที', 'สมุทรสงคราม', '75120'),
('บางสัก', 'กันตัง', 'ตรัง', '92110'),
('บางสีทอง', 'บางกรวย', 'นนทบุรี', '11130'),
('บางหญ้าแพรก', 'พระประแดง', 'สมุทรปราการ', '10130'),
('บางหมาก', 'เมืองชุมพร', 'ชุมพร', '86000'),
('บางหลวง', 'เมืองปทุมธานี', 'ปทุมธานี', '12000'),
('บางหลวงโดด', 'บางบาล', 'พระนครศรีอยุธยา', '13250'),
('บางหว้า', 'ภาษีเจริญ', 'กรุงเทพมหานคร', '10160'),
('บางหัก', 'บางบาล', 'พระนครศรีอยุธยา', '13250'),
('บางหัวเสือ', 'พระประแดง', 'สมุทรปราการ', '10130'),
('บางหิน', 'กะเปอร์', 'ระนอง', '85120'),
('บางอ้อ', 'บางพลัด', 'กรุงเทพมหานคร', '10700'),
('บางเกลือ', 'บางปะกง', 'ฉะเชิงเทรา', '24180'),
('บางเก่า', 'ชะอำ', 'เพชรบุรี', '76120'),
('บางเขน', 'เมืองนนทบุรี', 'นนทบุรี', '11000'),
('บางเขา', 'หนองจิก', 'ปัตตานี', '94170'),
('บางเขียด', 'สิงหนคร', 'สงขลา', '90330'),
('บางเคียน', 'ชุมแสง', 'นครสวรรค์', '60120'),
('บางเค็ม', 'เขาย้อย', 'เพชรบุรี', '76140'),
('บางเจ้าฉ่า', 'โพธิ์ทอง', 'อ่างทอง', '14120'),
('บางเชือกหนัง', 'ตลิ่งชัน', 'กรุงเทพมหานคร', '10170'),
('บางเดชะ', 'เมืองปราจีนบุรี', 'ปราจีนบุรี', '25000'),
('บางเดือน', 'พุนพิน', 'สุราษฎร์ธานี', '84130'),
('บางเดื่อ', 'เมืองปทุมธานี', 'ปทุมธานี', '12000'),
('บางเตย', 'สามโคก', 'ปทุมธานี', '12160'),
('บางเป้า', 'กันตัง', 'ตรัง', '92110'),
('บางเพรียง', 'บางบ่อ', 'สมุทรปราการ', '10560'),
('บางเพลิง', 'บางปะหัน', 'พระนครศรีอยุธยา', '13220'),
('บางเมือง', 'เมืองสมุทรปราการ', 'สมุทรปราการ', '10270'),
('บางเมืองใหม่', 'เมืองสมุทรปราการ', 'สมุทรปราการ', '10270'),
('บางเลน', 'บางใหญ่', 'นนทบุรี', '11140'),
('บางเล่า', 'คลองเขื่อน', 'ฉะเชิงเทรา', '24000'),
('บางเสด็จ', 'ป่าโมก', 'อ่างทอง', '14130'),
('บางเสร่', 'สัตหีบ', 'ชลบุรี', '20250'),
('บางเสาธง', 'บางเสาธง', 'สมุทรปราการ', '10570'),
('บางเหรียง', 'ทับปุด', 'พังงา', '82180'),
('บางแก้ว', 'บางพลี', 'สมุทรปราการ', '10540'),
('บางแก้วฟ้า', 'นครชัยศรี', 'นครปฐม', '73120'),
('บางแขม', 'เมืองนครปฐม', 'นครปฐม', '73000'),
('บางแค', 'บางแค', 'กรุงเทพมหานคร', '10160'),
('บางแคเหนือ', 'บางแค', 'กรุงเทพมหานคร', '10160'),
('บางแตน', 'บ้านสร้าง', 'ปราจีนบุรี', '25150'),
('บางแพ', 'บางแพ', 'ราชบุรี', '70160'),
('บางแม่นาง', 'บางใหญ่', 'นนทบุรี', '11140'),
('บางแวก', 'ภาษีเจริญ', 'กรุงเทพมหานคร', '10160'),
('บางโกระ', 'โคกโพธิ์', 'ปัตตานี', '94120'),
('บางโขมด', 'บ้านหมอ', 'สระบุรี', '18130'),
('บางโคล่', 'บางคอแหลม', 'กรุงเทพมหานคร', '10120'),
('บางโฉลง', 'บางพลี', 'สมุทรปราการ', '10540'),
('บางโตนด', 'โพธาราม', 'ราชบุรี', '70120'),
('บางโทรัด', 'เมืองสมุทรสาคร', 'สมุทรสาคร', '74000'),
('บางโปรง', 'เมืองสมุทรปราการ', 'สมุทรปราการ', '10270'),
('บางโพงพาง', 'ยานนาวา', 'กรุงเทพมหานคร', '10120'),
('บางโพธิ์', 'เมืองสุราษฎร์ธานี', 'สุราษฎร์ธานี', '84000'),
('บางโพธิ์เหนือ', 'สามโคก', 'ปทุมธานี', '12160'),
('บางโรง', 'คลองเขื่อน', 'ฉะเชิงเทรา', '24000'),
('บางใบไม้', 'เมืองสุราษฎร์ธานี', 'สุราษฎร์ธานี', '84000'),
('บางใหญ่', 'บางใหญ่', 'นนทบุรี', '11140'),
('บางไทร', 'บางไทร', 'พระนครศรีอยุธยา', '13190'),
('บางไทรป่า', 'บางเลน', 'นครปฐม', '73130'),
('บางไผ่', 'บางแค', 'กรุงเทพมหานคร', '10160'),
('บาตง', 'รือเสาะ', 'นราธิวาส', '96150'),
('บานา', 'เมืองปัตตานี', 'ปัตตานี', '94000'),
('บาราเฮาะ', 'เมืองปัตตานี', 'ปัตตานี', '94000'),
('บาราโหม', 'เมืองปัตตานี', 'ปัตตานี', '94000'),
('บาลอ', 'รามัน', 'ยะลา', '95140'),
('บาละ', 'กาบัง', 'ยะลา', '95120'),
('บาเจาะ', 'บันนังสตา', 'ยะลา', '95130'),
('บาเระเหนือ', 'บาเจาะ', 'นราธิวาส', '96170'),
('บาเระใต้', 'บาเจาะ', 'นราธิวาส', '96170'),
('บาโงย', 'รามัน', 'ยะลา', '95140'),
('บาโงยซิแน', 'ยะหา', 'ยะลา', '95120'),
('บาโงสะโต', 'ระแงะ', 'นราธิวาส', '96130'),
('บาโร๊ะ', 'ยะหา', 'ยะลา', '95120'),
('บาโลย', 'ยะหริ่ง', 'ปัตตานี', '94190'),
('บาโหย', 'สะบ้าย้อย', 'สงขลา', '90210'),
('บิง', 'โนนสูง', 'นครราชสีมา', '30160'),
('บึง', 'ศรีราชา', 'ชลบุรี', '20230'),
('บึงกระจับ', 'วิเชียรบุรี', 'เพชรบูรณ์', '67130'),
('บึงกอก', 'บางระกำ', 'พิษณุโลก', '65140'),
('บึงกาสาม', 'หนองเสือ', 'ปทุมธานี', '12170'),
('บึงกาฬ', 'เมืองบึงกาฬ', 'บึงกาฬ', '38000'),
('บึงคอไห', 'ลำลูกกา', 'ปทุมธานี', '12150'),
('บึงคำพร้อย', 'ลำลูกกา', 'ปทุมธานี', '12150'),
('บึงงาม', 'ทุ่งเขาหลวง', 'ร้อยเอ็ด', '45170'),
('บึงชำอ้อ', 'หนองเสือ', 'ปทุมธานี', '12170'),
('บึงทวาย', 'เต่างอย', 'สกลนคร', '47260'),
('บึงทองหลาง', 'ลำลูกกา', 'ปทุมธานี', '12150'),
('บึงทับแรต', 'ลานกระบือ', 'กำแพงเพชร', '62170'),
('บึงนคร', 'ธวัชบุรี', 'ร้อยเอ็ด', '45170'),
('บึงนาราง', 'บึงนาราง', 'พิจิตร', '66130'),
('บึงนาเรียง', 'ห้วยเม็ก', 'กาฬสินธุ์', '46170'),
('บึงน้ำรักษ์', 'ธัญบุรี', 'ปทุมธานี', '12110'),
('บึงบอน', 'หนองเสือ', 'ปทุมธานี', '12170'),
('บึงบัว', 'วชิรบารมี', 'พิจิตร', '66140'),
('บึงบา', 'หนองเสือ', 'ปทุมธานี', '12170'),
('บึงบูรพ์', 'บึงบูรพ์', 'ศรีสะเกษ', '33220'),
('บึงปรือ', 'เทพารักษ์', 'นครราชสีมา', '30210'),
('บึงปลาทู', 'บรรพตพิสัย', 'นครสวรรค์', '60180'),
('บึงพระ', 'เมืองพิษณุโลก', 'พิษณุโลก', '65000'),
('บึงพะไล', 'แก้งสนามนาง', 'นครราชสีมา', '30440'),
('บึงมะลู', 'กันทรลักษ์', 'ศรีสะเกษ', '33110'),
('บึงยี่โถ', 'ธัญบุรี', 'ปทุมธานี', '12130'),
('บึงวิชัย', 'เมืองกาฬสินธุ์', 'กาฬสินธุ์', '46000'),
('บึงศาล', 'องครักษ์', 'นครนายก', '26120'),
('บึงสนั่น', 'ธัญบุรี', 'ปทุมธานี', '12110'),
('บึงสามพัน', 'บึงสามพัน', 'เพชรบูรณ์', '67160'),
('บึงสามัคคี', 'บึงสามัคคี', 'กำแพงเพชร', '62210'),
('บึงสำโรง', 'แก้งสนามนาง', 'นครราชสีมา', '30440'),
('บึงอ้อ', 'ขามทะเลสอ', 'นครราชสีมา', '30280'),
('บึงเกลือ', 'เสลภูมิ', 'ร้อยเอ็ด', '45120'),
('บึงเจริญ', 'บ้านกรวด', 'บุรีรัมย์', '31180'),
('บึงเนียม', 'เมืองขอนแก่น', 'ขอนแก่น', '40000'),
('บึงเสนาท', 'เมืองนครสวรรค์', 'นครสวรรค์', '60000'),
('บึงแก', 'มหาชนะชัย', 'ยโสธร', '35130'),
('บึงโขงหลง', 'บึงโขงหลง', 'บึงกาฬ', '38220'),
('บือมัง', 'รามัน', 'ยะลา', '95140'),
('บือเระ', 'สายบุรี', 'ปัตตานี', '94110'),
('บุกระสัง', 'หนองกี่', 'บุรีรัมย์', '31210'),
('บุคคโล', 'ธนบุรี', 'กรุงเทพมหานคร', '10600'),
('บุญทัน', 'สุวรรณคูหา', 'หนองบัวลำภู', '39270'),
('บุญนาคพัฒนา', 'เมืองลำปาง', 'ลำปาง', '52000'),
('บุญเกิด', 'ดอกคำใต้', 'พะเยา', '56120'),
('บุญเรือง', 'เชียงของ', 'เชียงราย', '57140'),
('บุดี', 'เมืองยะลา', 'ยะลา', '95000');
INSERT INTO `p_district` (`District`, `Amphurs`, `Province`, `Zipcode`) VALUES
('บุฝ้าย', 'ประจันตคาม', 'ปราจีนบุรี', '25130'),
('บุพราหมณ์', 'นาดี', 'ปราจีนบุรี', '25220'),
('บุฤาษี', 'เมืองสุรินทร์', 'สุรินทร์', '32000'),
('บุสูง', 'วังหิน', 'ศรีสะเกษ', '33270'),
('บุฮม', 'เชียงคาน', 'เลย', '42110'),
('บุเปือย', 'น้ำยืน', 'อุบลราชธานี', '34260'),
('บุแกรง', 'จอมพระ', 'สุรินทร์', '32180'),
('บุโพธิ์', 'ลำปลายมาศ', 'บุรีรัมย์', '31130'),
('บุ่ง', 'เมืองอำนาจเจริญ', 'อำนาจเจริญ', '37000'),
('บุ่งขี้เหล็ก', 'สูงเนิน', 'นครราชสีมา', '30170'),
('บุ่งคล้า', 'เมืองชัยภูมิ', 'ชัยภูมิ', '36000'),
('บุ่งค้า', 'เลิงนกทา', 'ยโสธร', '35120'),
('บุ่งน้ำเต้า', 'หล่มสัก', 'เพชรบูรณ์', '67110'),
('บุ่งมะแลง', 'สว่างวีระวงศ์', 'อุบลราชธานี', '34190'),
('บุ่งหวาย', 'วารินชำราบ', 'อุบลราชธานี', '34310'),
('บุ่งเลิศ', 'เมยวดี', 'ร้อยเอ็ด', '45250'),
('บุ่งแก้ว', 'โนนสะอาด', 'อุดรธานี', '41240'),
('บุ่งไหม', 'วารินชำราบ', 'อุบลราชธานี', '34190'),
('บูกิต', 'เจาะไอร้อง', 'นราธิวาส', '96130'),
('บ่อ', 'ขลุง', 'จันทบุรี', '22110'),
('บ่อกระดาน', 'ปากท่อ', 'ราชบุรี', '70140'),
('บ่อกรุ', 'เดิมบางนางบวช', 'สุพรรณบุรี', '72120'),
('บ่อกวางทอง', 'บ่อทอง', 'ชลบุรี', '20270'),
('บ่อดาน', 'สทิงพระ', 'สงขลา', '90190'),
('บ่อตรุ', 'ระโนด', 'สงขลา', '90140'),
('บ่อตาโล่', 'วังน้อย', 'พระนครศรีอยุธยา', '13170'),
('บ่อถ้ำ', 'ขาณุวรลักษบุรี', 'กำแพงเพชร', '62140'),
('บ่อทอง', 'หนองม่วง', 'ลพบุรี', '15170'),
('บ่อนอก', 'เมืองประจวบคีรีขันธ์', 'ประจวบคีรีขันธ์', '77210'),
('บ่อน้ำร้อน', 'กันตัง', 'ตรัง', '92110'),
('บ่อปลาทอง', 'ปักธงชัย', 'นครราชสีมา', '30150'),
('บ่อผุด', 'เกาะสมุย', 'สุราษฎร์ธานี', '84320'),
('บ่อพลอย', 'บ่อไร่', 'ตราด', '23140'),
('บ่อพลับ', 'เมืองนครปฐม', 'นครปฐม', '73000'),
('บ่อพันขัน', 'สุวรรณภูมิ', 'ร้อยเอ็ด', '45130'),
('บ่อพุ', 'ท่าใหม่', 'จันทบุรี', '22120'),
('บ่อภาค', 'ชาติตระการ', 'พิษณุโลก', '65170'),
('บ่อยาง', 'สว่างอารมณ์', 'อุทัยธานี', '61150'),
('บ่อรัง', 'วิเชียรบุรี', 'เพชรบูรณ์', '67130'),
('บ่อวิน', 'ศรีราชา', 'ชลบุรี', '20230'),
('บ่อสลี', 'ฮอด', 'เชียงใหม่', '50240'),
('บ่อสวก', 'เมืองน่าน', 'น่าน', '55000'),
('บ่อสุพรรณ', 'สองพี่น้อง', 'สุพรรณบุรี', '72190'),
('บ่อหลวง', 'ฮอด', 'เชียงใหม่', '50240'),
('บ่อหิน', 'สิเกา', 'ตรัง', '92150'),
('บ่อเกลือเหนือ', 'บ่อเกลือ', 'น่าน', '55220'),
('บ่อเกลือใต้', 'บ่อเกลือ', 'น่าน', '55220'),
('บ่อเงิน', 'ลาดหลุมแก้ว', 'ปทุมธานี', '12140'),
('บ่อเบี้ย', 'บ้านโคก', 'อุตรดิตถ์', '53180'),
('บ่อเวฬุ', 'ขลุง', 'จันทบุรี', '22150'),
('บ่อเหล็กลอง', 'ลอง', 'แพร่', '54150'),
('บ่อแก้ว', 'วังหิน', 'ศรีสะเกษ', '33270'),
('บ่อแดง', 'สทิงพระ', 'สงขลา', '90190'),
('บ่อแร่', 'โพธิ์ทอง', 'อ่างทอง', '14120'),
('บ่อแสน', 'ทับปุด', 'พังงา', '82180'),
('บ่อแฮ้ว', 'เมืองลำปาง', 'ลำปาง', '52100'),
('บ่อโพง', 'นครหลวง', 'พระนครศรีอยุธยา', '13260'),
('บ่อโพธิ์', 'นครไทย', 'พิษณุโลก', '65120'),
('บ่อใหญ่', 'บรบือ', 'มหาสารคาม', '44130'),
('บ่อไทย', 'หนองไผ่', 'เพชรบูรณ์', '67140'),
('บ้องตี้', 'ไทรโยค', 'กาญจนบุรี', '71150'),
('บ้านกง', 'หนองเรือ', 'ขอนแก่น', '40240'),
('บ้านกรด', 'บางปะอิน', 'พระนครศรีอยุธยา', '13160'),
('บ้านกรวด', 'บ้านกรวด', 'บุรีรัมย์', '31180'),
('บ้านกระทุ่ม', 'เสนา', 'พระนครศรีอยุธยา', '13110'),
('บ้านกระแชง', 'เมืองปทุมธานี', 'ปทุมธานี', '12000'),
('บ้านกร่าง', 'กงไกรลาศ', 'สุโขทัย', '64170'),
('บ้านกลับ', 'หนองโดน', 'สระบุรี', '18190'),
('บ้านกลาง', 'เมืองปทุมธานี', 'ปทุมธานี', '12000'),
('บ้านกลึง', 'บางไทร', 'พระนครศรีอยุธยา', '13190'),
('บ้านกล้วย', 'บ้านหมี่', 'ลพบุรี', '15110'),
('บ้านกวาง', 'สูงเม่น', 'แพร่', '54130'),
('บ้านกอก', 'เขื่องใน', 'อุบลราชธานี', '34320'),
('บ้านกาด', 'แม่วาง', 'เชียงใหม่', '50360'),
('บ้านกาศ', 'สูงเม่น', 'แพร่', '54130'),
('บ้านกิ่ว', 'แม่ทะ', 'ลำปาง', '52150'),
('บ้านกุ่ม', 'บางบาล', 'พระนครศรีอยุธยา', '13250'),
('บ้านกู่', 'ยางสีสุราช', 'มหาสารคาม', '44210'),
('บ้านก้อง', 'นายูง', 'อุดรธานี', '41380'),
('บ้านขล้อ', 'บางปะหัน', 'พระนครศรีอยุธยา', '13220'),
('บ้านขวาง', 'มหาราช', 'พระนครศรีอยุธยา', '13150'),
('บ้านขอ', 'เมืองปาน', 'ลำปาง', '52240'),
('บ้านขาม', 'จัตุรัส', 'ชัยภูมิ', '36130'),
('บ้านขาว', 'เมืองอุดรธานี', 'อุดรธานี', '41000'),
('บ้านข่อย', 'เมืองลพบุรี', 'ลพบุรี', '15000'),
('บ้านข่า', 'ศรีสงคราม', 'นครพนม', '48150'),
('บ้านครัว', 'บ้านหมอ', 'สระบุรี', '18270'),
('บ้านคลอง', 'เมืองพิษณุโลก', 'พิษณุโลก', '65000'),
('บ้านคลองสวน', 'พระสมุทรเจดีย์', 'สมุทรปราการ', '10290'),
('บ้านคลัง', 'บางบาล', 'พระนครศรีอยุธยา', '13250'),
('บ้านควน', 'หลังสวน', 'ชุมพร', '86110'),
('บ้านควนมุด', 'จุฬาภรณ์', 'นครศรีธรรมราช', '80180'),
('บ้านคา', 'บ้านคา', 'ราชบุรี', '70180'),
('บ้านคู', 'นาโพธิ์', 'บุรีรัมย์', '31230'),
('บ้านค่า', 'เมืองลำปาง', 'ลำปาง', '52100'),
('บ้านค่าย', 'บ้านค่าย', 'ระยอง', '21120'),
('บ้านค้อ', 'โนนสัง', 'หนองบัวลำภู', '39140'),
('บ้านฆ้อง', 'โพธาราม', 'ราชบุรี', '70120'),
('บ้านงิ้ว', 'สามโคก', 'ปทุมธานี', '12160'),
('บ้านจันทน์', 'บ้านดุง', 'อุดรธานี', '41190'),
('บ้านจันทร์', 'กัลยาณิวัฒนา', 'เชียงใหม่', '58130'),
('บ้านจั่น', 'เมืองอุดรธานี', 'อุดรธานี', '41000'),
('บ้านจาน', 'พุทไธสง', 'บุรีรัมย์', '31120'),
('บ้านจารย์', 'สังขะ', 'สุรินทร์', '32150'),
('บ้านจีต', 'กู่แก้ว', 'อุดรธานี', '41130'),
('บ้านจ่า', 'บางระจัน', 'สิงห์บุรี', '16130'),
('บ้านฉาง', 'เมืองปทุมธานี', 'ปทุมธานี', '12000'),
('บ้านชบ', 'สังขะ', 'สุรินทร์', '32150'),
('บ้านชวน', 'บำเหน็จณรงค์', 'ชัยภูมิ', '36160'),
('บ้านชะอวด', 'จุฬาภรณ์', 'นครศรีธรรมราช', '80180'),
('บ้านชัย', 'บ้านดุง', 'อุดรธานี', '41190'),
('บ้านชี', 'บ้านหมี่', 'ลพบุรี', '15180'),
('บ้านชุ้ง', 'นครหลวง', 'พระนครศรีอยุธยา', '13260'),
('บ้านช่างหล่อ', 'บางกอกน้อย', 'กรุงเทพมหานคร', '10700'),
('บ้านช้าง', 'อุทัย', 'พระนครศรีอยุธยา', '13210'),
('บ้านซ่ง', 'คำชะอี', 'มุกดาหาร', '49110'),
('บ้านซ่อง', 'พนมสารคาม', 'ฉะเชิงเทรา', '24120'),
('บ้านซ่าน', 'ศรีสำโรง', 'สุโขทัย', '64120'),
('บ้านดง', 'อุบลรัตน์', 'ขอนแก่น', '40250'),
('บ้านดอน', 'ภูเขียว', 'ชัยภูมิ', '36110'),
('บ้านดารา', 'พิชัย', 'อุตรดิตถ์', '53220'),
('บ้านดุง', 'บ้านดุง', 'อุดรธานี', '41190'),
('บ้านดู่', 'นาโพธิ์', 'บุรีรัมย์', '31230'),
('บ้านด่าน', 'อรัญประเทศ', 'สระแก้ว', '27120'),
('บ้านด่านนาขาม', 'เมืองอุตรดิตถ์', 'อุตรดิตถ์', '53000'),
('บ้านด้าย', 'แม่สาย', 'เชียงราย', '57220'),
('บ้านตะโก', 'ห้วยราช', 'บุรีรัมย์', '31000'),
('บ้านตาด', 'เมืองอุดรธานี', 'อุดรธานี', '41000'),
('บ้านตาล', 'บำเหน็จณรงค์', 'ชัยภูมิ', '36220'),
('บ้านติ้ว', 'หล่มสัก', 'เพชรบูรณ์', '67110'),
('บ้านตึก', 'ศรีสัชนาลัย', 'สุโขทัย', '64130'),
('บ้านตุ่น', 'เมืองพะเยา', 'พะเยา', '56000'),
('บ้านตูม', 'นาจะหลวย', 'อุบลราชธานี', '34280'),
('บ้านตูล', 'ชะอวด', 'นครศรีธรรมราช', '80180'),
('บ้านต้อง', 'เซกา', 'บึงกาฬ', '38150'),
('บ้านต้อน', 'รัตนวาปี', 'หนองคาย', '43120'),
('บ้านต้าย', 'สว่างแดนดิน', 'สกลนคร', '47110'),
('บ้านต๊ำ', 'เมืองพะเยา', 'พะเยา', '56000'),
('บ้านต๋อม', 'เมืองพะเยา', 'พะเยา', '56000'),
('บ้านถิ่น', 'โนนสัง', 'หนองบัวลำภู', '39140'),
('บ้านถ่อน', 'ท่าบ่อ', 'หนองคาย', '43110'),
('บ้านถ้ำ', 'ดอกคำใต้', 'พะเยา', '56120'),
('บ้านทราย', 'บ้านหมี่', 'ลพบุรี', '15110'),
('บ้านทับ', 'แม่แจ่ม', 'เชียงใหม่', '50270'),
('บ้านทาน', 'บ้านลาด', 'เพชรบุรี', '76150'),
('บ้านทาม', 'ศรีมหาโพธิ', 'ปราจีนบุรี', '25140'),
('บ้านทำเนียบ', 'คีรีรัฐนิคม', 'สุราษฎร์ธานี', '84180'),
('บ้านทุ่ม', 'เมืองขอนแก่น', 'ขอนแก่น', '40000'),
('บ้านธาตุ', 'แก่งคอย', 'สระบุรี', '18110'),
('บ้านธิ', 'บ้านธิ', 'ลำพูน', '51180'),
('บ้านนอก', 'ปะนาเระ', 'ปัตตานี', '94130'),
('บ้านนา', 'มหาราช', 'พระนครศรีอยุธยา', '13150'),
('บ้านนิคม', 'บางขัน', 'นครศรีธรรมราช', '80360'),
('บ้านน้อย', 'โพทะเล', 'พิจิตร', '66130'),
('บ้านน้อยซุ้มขี้เหล็ก', 'เนินมะปราง', 'พิษณุโลก', '65190'),
('บ้านน้ำบ่อ', 'ปะนาเระ', 'ปัตตานี', '94130'),
('บ้านน้ำพุ', 'คีรีมาศ', 'สุโขทัย', '64160'),
('บ้านบอม', 'แม่ทะ', 'ลำปาง', '52150'),
('บ้านบัว', 'เมืองบุรีรัมย์', 'บุรีรัมย์', '31000'),
('บ้านบาก', 'ศรีสมเด็จ', 'ร้อยเอ็ด', '45000'),
('บ้านบาตร', 'ป้อมปราบศัตรูพ่าย', 'กรุงเทพมหานคร', '10100'),
('บ้านบึง', 'บ้านบึง', 'ชลบุรี', '20170'),
('บ้านบุ่ง', 'เมืองพิจิตร', 'พิจิตร', '66000'),
('บ้านบ่อ', 'เมืองสมุทรสาคร', 'สมุทรสาคร', '74000'),
('บ้านปง', 'หางดง', 'เชียงใหม่', '50230'),
('บ้านปทุม', 'สามโคก', 'ปทุมธานี', '12160'),
('บ้านปรก', 'เมืองสมุทรสงคราม', 'สมุทรสงคราม', '75000'),
('บ้านปรางค์', 'คง', 'นครราชสีมา', '30260'),
('บ้านปราโมทย์', 'บางคนที', 'สมุทรสงคราม', '75120'),
('บ้านปรือ', 'กระสัง', 'บุรีรัมย์', '31160'),
('บ้านปวง', 'ทุ่งหัวช้าง', 'ลำพูน', '51160'),
('บ้านปิน', 'ลอง', 'แพร่', '54150'),
('บ้านปึก', 'เมืองชลบุรี', 'ชลบุรี', '20130'),
('บ้านป่า', 'แก่งคอย', 'สระบุรี', '18110'),
('บ้านป้อม', 'พระนครศรีอยุธยา', 'พระนครศรีอยุธยา', '13000'),
('บ้านผึ้ง', 'เมืองนครพนม', 'นครพนม', '48000'),
('บ้านผือ', 'จอมพระ', 'สุรินทร์', '32180'),
('บ้านฝาง', 'กระนวน', 'ขอนแก่น', '40170'),
('บ้านฝาย', 'น้ำปาด', 'อุตรดิตถ์', '53110'),
('บ้านพระ', 'เมืองปราจีนบุรี', 'ปราจีนบุรี', '25230'),
('บ้านพราน', 'แสวงหา', 'อ่างทอง', '14150'),
('บ้านพริก', 'บ้านนา', 'นครนายก', '26110'),
('บ้านพรุ', 'หาดใหญ่', 'สงขลา', '90250'),
('บ้านพร้าว', 'บ้านนา', 'นครนายก', '26110'),
('บ้านพลวง', 'ปราสาท', 'สุรินทร์', '32140'),
('บ้านพลับ', 'บางปะอิน', 'พระนครศรีอยุธยา', '13160'),
('บ้านพานถม', 'พระนคร', 'กรุงเทพมหานคร', '10200'),
('บ้านพี้', 'บ้านหลวง', 'น่าน', '55190'),
('บ้านฟ้า', 'บ้านหลวง', 'น่าน', '55190'),
('บ้านมะเกลือ', 'เมืองนครสวรรค์', 'นครสวรรค์', '60000'),
('บ้านมาง', 'เชียงม่วน', 'พะเยา', '56160'),
('บ้านมุง', 'เนินมะปราง', 'พิษณุโลก', '65190'),
('บ้านม่วง', 'บ้านดุง', 'อุดรธานี', '41190'),
('บ้านม้า', 'บางไทร', 'พระนครศรีอยุธยา', '13190'),
('บ้านยวด', 'สร้างคอม', 'อุดรธานี', '41260'),
('บ้านยา', 'หนองหาน', 'อุดรธานี', '41320'),
('บ้านยาง', 'เสาไห้', 'สระบุรี', '18160'),
('บ้านระกาศ', 'บางบ่อ', 'สมุทรปราการ', '10560'),
('บ้านราม', 'หัวไทร', 'นครศรีธรรมราช', '80170'),
('บ้านราษฎร์', 'เสิงสาง', 'นครราชสีมา', '30330'),
('บ้านรี', 'เมืองอ่างทอง', 'อ่างทอง', '14000'),
('บ้านรุน', 'พระนครศรีอยุธยา', 'พระนครศรีอยุธยา', '13000'),
('บ้านร่อม', 'ท่าเรือ', 'พระนครศรีอยุธยา', '13130'),
('บ้านร้อง', 'งาว', 'ลำปาง', '52110'),
('บ้านลาด', 'บ้านลาด', 'เพชรบุรี', '76150'),
('บ้านลาน', 'บ้านไผ่', 'ขอนแก่น', '40110'),
('บ้านลำ', 'วิหารแดง', 'สระบุรี', '18150'),
('บ้านลำนาว', 'บางขัน', 'นครศรีธรรมราช', '80360'),
('บ้านลี่', 'บางปะหัน', 'พระนครศรีอยุธยา', '13220'),
('บ้านวัง', 'โนนไทย', 'นครราชสีมา', '30220'),
('บ้านว่าน', 'ท่าบ่อ', 'หนองคาย', '43110'),
('บ้านสระ', 'สามชุก', 'สุพรรณบุรี', '72130'),
('บ้านสร้าง', 'บางปะอิน', 'พระนครศรีอยุธยา', '13170'),
('บ้านสวน', 'เมืองชลบุรี', 'ชลบุรี', '20000'),
('บ้านสหกรณ์', 'แม่ออน', 'เชียงใหม่', '50130'),
('บ้านสา', 'แจ้ห่ม', 'ลำปาง', '52120'),
('บ้านสาง', 'เมืองพะเยา', 'พะเยา', '56000'),
('บ้านสิงห์', 'นางรอง', 'บุรีรัมย์', '31110'),
('บ้านส้อง', 'เวียงสระ', 'สุราษฎร์ธานี', '84190'),
('บ้านหนุน', 'สอง', 'แพร่', '54120'),
('บ้านหมอ', 'บ้านหมอ', 'สระบุรี', '18130'),
('บ้านหมี่', 'บ้านหมี่', 'ลพบุรี', '15110'),
('บ้านหม้อ', 'พรหมบุรี', 'สิงห์บุรี', '16120'),
('บ้านหยวก', 'น้ำโสม', 'อุดรธานี', '41210'),
('บ้านหลวง', 'เสนา', 'พระนครศรีอยุธยา', '13110'),
('บ้านหลุม', 'เมืองสุโขทัย', 'สุโขทัย', '64000'),
('บ้านหวด', 'งาว', 'ลำปาง', '52110'),
('บ้านหวาย', 'วาปีปทุม', 'มหาสารคาม', '44120'),
('บ้านหว้า', 'บางปะอิน', 'พระนครศรีอยุธยา', '13160'),
('บ้านหอย', 'ประจันตคาม', 'ปราจีนบุรี', '25130'),
('บ้านหัน', 'สีคิ้ว', 'นครราชสีมา', '30140'),
('บ้านหาด', 'บ้านลาด', 'เพชรบุรี', '76150'),
('บ้านหาร', 'บางกล่ำ', 'สงขลา', '90110'),
('บ้านหินโงม', 'สร้างคอม', 'อุดรธานี', '41260'),
('บ้านหีบ', 'อุทัย', 'พระนครศรีอยุธยา', '13210'),
('บ้านอิฐ', 'เมืองอ่างทอง', 'อ่างทอง', '14000'),
('บ้านอ้อน', 'งาว', 'ลำปาง', '52110'),
('บ้านเกาะ', 'พระนครศรีอยุธยา', 'พระนครศรีอยุธยา', '13000'),
('บ้านเก่า', 'พานทอง', 'ชลบุรี', '20160'),
('บ้านเขว้า', 'บ้านเขว้า', 'ชัยภูมิ', '36170'),
('บ้านเขือง', 'เชียงขวัญ', 'ร้อยเอ็ด', '45000'),
('บ้านเจียง', 'ภักดีชุมพล', 'ชัยภูมิ', '36260'),
('บ้านเชียง', 'หนองหาน', 'อุดรธานี', '41320'),
('บ้านเชี่ยน', 'หันคา', 'ชัยนาท', '17130'),
('บ้านเซิด', 'พนัสนิคม', 'ชลบุรี', '20140'),
('บ้านเดื่อ', 'เกษตรสมบูรณ์', 'ชัยภูมิ', '36120'),
('บ้านเต่า', 'บ้านแท่น', 'ชัยภูมิ', '36190'),
('บ้านเนิน', 'หล่มเก่า', 'เพชรบูรณ์', '67120'),
('บ้านเบิก', 'ท่าวุ้ง', 'ลพบุรี', '15150'),
('บ้านเป็ด', 'เมืองขอนแก่น', 'ขอนแก่น', '40000'),
('บ้านเป้า', 'พุทไธสง', 'บุรีรัมย์', '31120'),
('บ้านเพชร', 'ภูเขียว', 'ชัยภูมิ', '36110'),
('บ้านเพิง', 'ปากพนัง', 'นครศรีธรรมราช', '80140'),
('บ้านเพิ่ม', 'ผาขาว', 'เลย', '42240'),
('บ้านเม็ง', 'หนองเรือ', 'ขอนแก่น', '40210'),
('บ้านเรือ', 'ภูเวียง', 'ขอนแก่น', '40150'),
('บ้านเรือน', 'ป่าซาง', 'ลำพูน', '51120'),
('บ้านเลน', 'บางปะอิน', 'พระนครศรีอยุธยา', '13160'),
('บ้านเลือก', 'โพธาราม', 'ราชบุรี', '70120'),
('บ้านเลื่อม', 'เมืองอุดรธานี', 'อุดรธานี', '41000'),
('บ้านเล่า', 'เมืองชัยภูมิ', 'ชัยภูมิ', '36000'),
('บ้านเวียง', 'ร้องกวาง', 'แพร่', '54140'),
('บ้านเสด็จ', 'เมืองลำปาง', 'ลำปาง', '52000'),
('บ้านเสียว', 'นาหว้า', 'นครพนม', '48180'),
('บ้านเสี้ยว', 'ฟากท่า', 'อุตรดิตถ์', '53160'),
('บ้านเหนือ', 'เมืองกาญจนบุรี', 'กาญจนบุรี', '71000'),
('บ้านเหลื่อม', 'บ้านเหลื่อม', 'นครราชสีมา', '30350'),
('บ้านเหล่า', 'บ้านฝาง', 'ขอนแก่น', '40270'),
('บ้านเอื้อง', 'ศรีสงคราม', 'นครพนม', '48150'),
('บ้านเอื้อม', 'เมืองลำปาง', 'ลำปาง', '52100'),
('บ้านแก่ง', 'ตรอน', 'อุตรดิตถ์', '53140'),
('บ้านแก้ง', 'เฉลิมพระเกียรติ', 'สระบุรี', '18000'),
('บ้านแขม', 'พิบูลมังสาหาร', 'อุบลราชธานี', '34110'),
('บ้านแค', 'ผักไห่', 'พระนครศรีอยุธยา', '13120'),
('บ้านแจ้ง', 'อาจสามารถ', 'ร้อยเอ็ด', '45160'),
('บ้านแซว', 'เชียงแสน', 'เชียงราย', '57150'),
('บ้านแดง', 'ตระการพืชผล', 'อุบลราชธานี', '34130'),
('บ้านแดน', 'บรรพตพิสัย', 'นครสวรรค์', '60180'),
('บ้านแถว', 'เสนา', 'พระนครศรีอยุธยา', '13110'),
('บ้านแท่น', 'บ้านแท่น', 'ชัยภูมิ', '36190'),
('บ้านแปรง', 'ด่านขุนทด', 'นครราชสีมา', '36220'),
('บ้านแปะ', 'จอมทอง', 'เชียงใหม่', '50240'),
('บ้านแป้ง', 'บางปะอิน', 'พระนครศรีอยุธยา', '13160'),
('บ้านแป้น', 'โพนนาแก้ว', 'สกลนคร', '47230'),
('บ้านแพ', 'คูเมือง', 'บุรีรัมย์', '31190'),
('บ้านแพง', 'บ้านแพง', 'นครพนม', '48140'),
('บ้านแพน', 'เสนา', 'พระนครศรีอยุธยา', '13110'),
('บ้านแพรก', 'บ้านแพรก', 'พระนครศรีอยุธยา', '13240'),
('บ้านแพ้ว', 'บ้านแพ้ว', 'สมุทรสาคร', '74120'),
('บ้านแม', 'สันป่าตอง', 'เชียงใหม่', '50120'),
('บ้านแมด', 'บุณฑริก', 'อุบลราชธานี', '34230'),
('บ้านแยง', 'นครไทย', 'พิษณุโลก', '65120'),
('บ้านแร่', 'เขวาสินรินทร์', 'สุรินทร์', '32000'),
('บ้านแลง', 'เมืองระยอง', 'ระยอง', '21000'),
('บ้านแวง', 'พุทไธสง', 'บุรีรัมย์', '31120'),
('บ้านแห', 'เมืองอ่างทอง', 'อ่างทอง', '14000'),
('บ้านแหง', 'งาว', 'ลำปาง', '52110'),
('บ้านแหร', 'ธารโต', 'ยะลา', '95150'),
('บ้านแหลม', 'บางปลาม้า', 'สุพรรณบุรี', '72150'),
('บ้านแหวน', 'หางดง', 'เชียงใหม่', '50230'),
('บ้านแอ่น', 'ดอยเต่า', 'เชียงใหม่', '50260'),
('บ้านแฮด', 'บ้านแฮด', 'ขอนแก่น', '40110'),
('บ้านโขด', 'เมืองชลบุรี', 'ชลบุรี', '20000'),
('บ้านโข้ง', 'อู่ทอง', 'สุพรรณบุรี', '72160'),
('บ้านโคก', 'สุวรรณคูหา', 'หนองบัวลำภู', '39270'),
('บ้านโคน', 'พิชัย', 'อุตรดิตถ์', '53120'),
('บ้านโตก', 'เมืองเพชรบูรณ์', 'เพชรบูรณ์', '67000'),
('บ้านโต้น', 'พระยืน', 'ขอนแก่น', '40320'),
('บ้านโนน', 'ซำสูง', 'ขอนแก่น', '40170'),
('บ้านโปร่ง', 'หนองโดน', 'สระบุรี', '18190'),
('บ้านโป่ง', 'พร้าว', 'เชียงใหม่', '50190'),
('บ้านโพ', 'บางปะอิน', 'พระนครศรีอยุธยา', '13160'),
('บ้านโพธิ์', 'เสนา', 'พระนครศรีอยุธยา', '13110'),
('บ้านโพน', 'โพนนาแก้ว', 'สกลนคร', '47230'),
('บ้านโภชน์', 'หนองไผ่', 'เพชรบูรณ์', '67140'),
('บ้านโสก', 'คอนสวรรค์', 'ชัยภูมิ', '36140'),
('บ้านโหนด', 'สะบ้าย้อย', 'สงขลา', '90210'),
('บ้านโฮ่ง', 'บ้านโฮ่ง', 'ลำพูน', '51130'),
('บ้านใต้', 'เมืองกาญจนบุรี', 'กาญจนบุรี', '71000'),
('บ้านในดง', 'ท่ายาง', 'เพชรบุรี', '76130'),
('บ้านใหญ่', 'ผักไห่', 'พระนครศรีอยุธยา', '13120'),
('บ้านใหม่', 'ปากเกร็ด', 'นนทบุรี', '11120'),
('บ้านใหม่คลองเคียน', 'บ้านไร่', 'อุทัยธานี', '61180'),
('บ้านใหม่สามัคคี', 'ชัยบาดาล', 'ลพบุรี', '15130'),
('บ้านใหม่สุขเกษม', 'กงไกรลาศ', 'สุโขทัย', '64170'),
('บ้านใหม่หนองไทร', 'อรัญประเทศ', 'สระแก้ว', '27120'),
('บ้านใหม่ไชยมงคล', 'ทุ่งเสลี่ยม', 'สุโขทัย', '64230'),
('บ้านไทย', 'เขื่องใน', 'อุบลราชธานี', '34320'),
('บ้านไทร', 'ประโคนชัย', 'บุรีรัมย์', '31140'),
('บ้านไผ่', 'บ้านไผ่', 'ขอนแก่น', '40110'),
('บ้านไร่', 'เทพสถิต', 'ชัยภูมิ', '36230'),
('บ้าหวี', 'หาดสำราญ', 'ตรัง', '92120'),
('ปกาสัย', 'เหนือคลอง', 'กระบี่', '81130'),
('ปง', 'ปง', 'พะเยา', '56140'),
('ปงดอน', 'แจ้ห่ม', 'ลำปาง', '52120'),
('ปงตำ', 'ไชยปราการ', 'เชียงใหม่', '50320'),
('ปงน้อย', 'ดอยหลวง', 'เชียงราย', '57110'),
('ปงป่าหวาย', 'เด่นชัย', 'แพร่', '54110'),
('ปงยางคก', 'ห้างฉัตร', 'ลำปาง', '52190'),
('ปงสนุก', 'เวียงสา', 'น่าน', '55110'),
('ปงเตา', 'งาว', 'ลำปาง', '52110'),
('ปงแสนทอง', 'เมืองลำปาง', 'ลำปาง', '52100'),
('ปทุม', 'เมืองอุบลราชธานี', 'อุบลราชธานี', '34000'),
('ปทุมวัน', 'ปทุมวัน', 'กรุงเทพมหานคร', '10330'),
('ปทุมวาปี', 'ส่องดาว', 'สกลนคร', '47190'),
('ประกอบ', 'นาทวี', 'สงขลา', '90160'),
('ประจวบคีรีขันธ์', 'เมืองประจวบคีรีขันธ์', 'ประจวบคีรีขันธ์', '77000'),
('ประจัน', 'ยะรัง', 'ปัตตานี', '94160'),
('ประจันตคาม', 'ประจันตคาม', 'ปราจีนบุรี', '25130'),
('ประชาธิปัตย์', 'ธัญบุรี', 'ปทุมธานี', '12130'),
('ประชาพัฒนา', 'วาปีปทุม', 'มหาสารคาม', '44120'),
('ประชาสุขสันต์', 'ลานกระบือ', 'กำแพงเพชร', '62170'),
('ประณีต', 'เขาสมิง', 'ตราด', '23150'),
('ประดาง', 'วังเจ้า', 'ตาก', '63180'),
('ประดู่', 'สำโรงทาบ', 'สุรินทร์', '32170'),
('ประดู่งาม', 'ศรีเทพ', 'เพชรบูรณ์', '67170'),
('ประดู่ยืน', 'ลานสัก', 'อุทัยธานี', '61160'),
('ประตูชัย', 'พระนครศรีอยุธยา', 'พระนครศรีอยุธยา', '13000'),
('ประตูป่า', 'เมืองลำพูน', 'ลำพูน', '51000'),
('ประทัดบุ', 'ประโคนชัย', 'บุรีรัมย์', '31140'),
('ประทาย', 'ประทาย', 'นครราชสีมา', '30180'),
('ประศุก', 'อินทร์บุรี', 'สิงห์บุรี', '16110'),
('ประสงค์', 'ท่าชนะ', 'สุราษฎร์ธานี', '84170'),
('ประสาทสิทธิ์', 'ดำเนินสะดวก', 'ราชบุรี', '70210'),
('ประสุข', 'ชุมพวง', 'นครราชสีมา', '30270'),
('ประเวศ', 'ประเวศ', 'กรุงเทพมหานคร', '10250'),
('ประโคนชัย', 'ประโคนชัย', 'บุรีรัมย์', '31140'),
('ปรังเผล', 'สังขละบุรี', 'กาญจนบุรี', '71240'),
('ปรางหมู่', 'เมืองพัทลุง', 'พัทลุง', '93000'),
('ปราณบุรี', 'ปราณบุรี', 'ประจวบคีรีขันธ์', '77120'),
('ปราสาท', 'บ้านด่าน', 'บุรีรัมย์', '31000'),
('ปราสาททนง', 'ปราสาท', 'สุรินทร์', '32140'),
('ปราสาททอง', 'เขวาสินรินทร์', 'สุรินทร์', '32000'),
('ปราสาทเยอ', 'ไพรบึง', 'ศรีสะเกษ', '33180'),
('ปริก', 'ทุ่งใหญ่', 'นครศรีธรรมราช', '80240'),
('ปรือ', 'ปราสาท', 'สุรินทร์', '32140'),
('ปรือใหญ่', 'ขุขันธ์', 'ศรีสะเกษ', '33140'),
('ปรุใหญ่', 'เมืองนครราชสีมา', 'นครราชสีมา', '30000'),
('ปลวกแดง', 'ปลวกแดง', 'ระยอง', '21140'),
('ปลักหนู', 'นาทวี', 'สงขลา', '90160'),
('ปลักแรด', 'บางระกำ', 'พิษณุโลก', '65140'),
('ปลาค้าว', 'เมืองอำนาจเจริญ', 'อำนาจเจริญ', '37000'),
('ปลาบ่า', 'ภูเรือ', 'เลย', '42160'),
('ปลาปาก', 'ปลาปาก', 'นครพนม', '48160'),
('ปลายกลัด', 'บางซ้าย', 'พระนครศรีอยุธยา', '13270'),
('ปลายนา', 'ศรีประจันต์', 'สุพรรณบุรี', '72140'),
('ปลายบาง', 'บางกรวย', 'นนทบุรี', '11130'),
('ปลายพระยา', 'ปลายพระยา', 'กระบี่', '81160'),
('ปลายโพงพาง', 'อัมพวา', 'สมุทรสงคราม', '75110'),
('ปลาโหล', 'วาริชภูมิ', 'สกลนคร', '47150'),
('ปล่องหอย', 'กะพ้อ', 'ปัตตานี', '94230'),
('ปล้อง', 'เทิง', 'เชียงราย', '57230'),
('ปวนพุ', 'หนองหิน', 'เลย', '42190'),
('ปอ', 'เวียงแก่น', 'เชียงราย', '57310'),
('ปอน', 'ทุ่งช้าง', 'น่าน', '55130'),
('ปอพาน', 'นาเชือก', 'มหาสารคาม', '44170'),
('ปอภาร', 'เมืองร้อยเอ็ด', 'ร้อยเอ็ด', '45000'),
('ปอแดง', 'ชนบท', 'ขอนแก่น', '40180'),
('ปะกาฮะรัง', 'เมืองปัตตานี', 'ปัตตานี', '94000'),
('ปะคำ', 'ปะคำ', 'บุรีรัมย์', '31220'),
('ปะตง', 'สอยดาว', 'จันทบุรี', '22180'),
('ปะนาเระ', 'ปะนาเระ', 'ปัตตานี', '94130'),
('ปะลุกาสาเมาะ', 'บาเจาะ', 'นราธิวาส', '96170'),
('ปะลุรู', 'สุไหงปาดี', 'นราธิวาส', '96140'),
('ปะหลาน', 'พยัคฆภูมิพิสัย', 'มหาสารคาม', '44110'),
('ปะอาว', 'อุทุมพรพิสัย', 'ศรีสะเกษ', '33120'),
('ปะเคียบ', 'คูเมือง', 'บุรีรัมย์', '31190'),
('ปะเสยะวอ', 'สายบุรี', 'ปัตตานี', '94110'),
('ปะเหลียน', 'ปะเหลียน', 'ตรัง', '92180'),
('ปะแต', 'ยะหา', 'ยะลา', '95120'),
('ปะโค', 'กุดจับ', 'อุดรธานี', '41250'),
('ปะโด', 'มายอ', 'ปัตตานี', '94140'),
('ปังกู', 'ประโคนชัย', 'บุรีรัมย์', '31140'),
('ปังหวาน', 'พะโต๊ะ', 'ชุมพร', '86180'),
('ปัถวี', 'มะขาม', 'จันทบุรี', '22150'),
('ปันแต', 'ควนขนุน', 'พัทลุง', '93110'),
('ปัว', 'ปัว', 'น่าน', '55120'),
('ปากกราน', 'พระนครศรีอยุธยา', 'พระนครศรีอยุธยา', '13000'),
('ปากกาง', 'ลอง', 'แพร่', '54150'),
('ปากข้าวสาร', 'เมืองสระบุรี', 'สระบุรี', '18000'),
('ปากคม', 'ห้วยยอด', 'ตรัง', '92130'),
('ปากคลอง', 'ปะทิว', 'ชุมพร', '86210'),
('ปากคลองบางปลากด', 'พระสมุทรเจดีย์', 'สมุทรปราการ', '10290'),
('ปากคลองภาษีเจริญ', 'ภาษีเจริญ', 'กรุงเทพมหานคร', '10160'),
('ปากคาด', 'ปากคาด', 'บึงกาฬ', '38190'),
('ปากจั่น', 'นครหลวง', 'พระนครศรีอยุธยา', '13260'),
('ปากฉลุย', 'ท่าฉาง', 'สุราษฎร์ธานี', '84150'),
('ปากชม', 'ปากชม', 'เลย', '42150'),
('ปากช่อง', 'ปากช่อง', 'นครราชสีมา', '30130'),
('ปากดุก', 'หล่มสัก', 'เพชรบูรณ์', '67110'),
('ปากตม', 'เชียงคาน', 'เลย', '42110'),
('ปากตะโก', 'ทุ่งตะโก', 'ชุมพร', '86220'),
('ปากทรง', 'พะโต๊ะ', 'ชุมพร', '86180'),
('ปากทะเล', 'บ้านแหลม', 'เพชรบุรี', '76110'),
('ปากทาง', 'เมืองพิจิตร', 'พิจิตร', '66000'),
('ปากท่อ', 'ปากท่อ', 'ราชบุรี', '70140'),
('ปากท่า', 'ท่าเรือ', 'พระนครศรีอยุธยา', '13130'),
('ปากนคร', 'เมืองนครศรีธรรมราช', 'นครศรีธรรมราช', '80000'),
('ปากน้ำ', 'เมืองสมุทรปราการ', 'สมุทรปราการ', '10270'),
('ปากน้ำกระแส', 'แกลง', 'ระยอง', '21170'),
('ปากน้ำปราณ', 'ปราณบุรี', 'ประจวบคีรีขันธ์', '77220'),
('ปากน้ำแหลมสิงห์', 'แหลมสิงห์', 'จันทบุรี', '22130'),
('ปากน้ำโพ', 'เมืองนครสวรรค์', 'นครสวรรค์', '60000'),
('ปากบาง', 'เทพา', 'สงขลา', '90150'),
('ปากบ่อง', 'ป่าซาง', 'ลำพูน', '51120'),
('ปากปวน', 'วังสะพุง', 'เลย', '42130'),
('ปากพนัง', 'ปากพนัง', 'นครศรีธรรมราช', '80140'),
('ปากพนังฝั่งตะวันตก', 'ปากพนัง', 'นครศรีธรรมราช', '80140'),
('ปากพนังฝั่งตะวันออก', 'ปากพนัง', 'นครศรีธรรมราช', '80140'),
('ปากพระ', 'เมืองสุโขทัย', 'สุโขทัย', '64000'),
('ปากพลี', 'ปากพลี', 'นครนายก', '26130'),
('ปากพะยูน', 'ปากพะยูน', 'พัทลุง', '93120'),
('ปากพูน', 'เมืองนครศรีธรรมราช', 'นครศรีธรรมราช', '80000'),
('ปากรอ', 'สิงหนคร', 'สงขลา', '90330'),
('ปากล่อ', 'โคกโพธิ์', 'ปัตตานี', '94180'),
('ปากหมัน', 'ด่านซ้าย', 'เลย', '42120'),
('ปากหมาก', 'ไชยา', 'สุราษฎร์ธานี', '84110'),
('ปากู', 'ทุ่งยางแดง', 'ปัตตานี', '94140'),
('ปากเกร็ด', 'ปากเกร็ด', 'นนทบุรี', '11120'),
('ปากเพรียว', 'เมืองสระบุรี', 'สระบุรี', '18000'),
('ปากแคว', 'เมืองสุโขทัย', 'สุโขทัย', '64000'),
('ปากแจ่ม', 'ห้วยยอด', 'ตรัง', '92190'),
('ปากแตระ', 'ระโนด', 'สงขลา', '90140'),
('ปากแพรก', 'เมืองกาญจนบุรี', 'กาญจนบุรี', '71000'),
('ปากแรต', 'บ้านโป่ง', 'ราชบุรี', '70110'),
('ปากโทก', 'เมืองพิษณุโลก', 'พิษณุโลก', '65000'),
('ปางกู่', 'โนนสัง', 'หนองบัวลำภู', '39140'),
('ปางตาไว', 'ปางศิลาทอง', 'กำแพงเพชร', '62120'),
('ปางมะค่า', 'ขาณุวรลักษบุรี', 'กำแพงเพชร', '62140'),
('ปางมะผ้า', 'ปางมะผ้า', 'แม่ฮ่องสอน', '58150'),
('ปางสวรรค์', 'ชุมตาบง', 'นครสวรรค์', '60150'),
('ปางหมู', 'เมืองแม่ฮ่องสอน', 'แม่ฮ่องสอน', '58000'),
('ปางหินฝน', 'แม่แจ่ม', 'เชียงใหม่', '50270'),
('ปาดังเบซาร์', 'สะเดา', 'สงขลา', '90240'),
('ปานัน', 'มายอ', 'ปัตตานี', '94140'),
('ปาฝา', 'จังหาร', 'ร้อยเอ็ด', '45000'),
('ปาล์มพัฒนา', 'มะนัง', 'สตูล', '91130'),
('ปาเสมัส', 'สุไหงโก-ลก', 'นราธิวาส', '96120'),
('ปิงหลวง', 'นาหมื่น', 'น่าน', '55180'),
('ปิงโค้ง', 'เชียงดาว', 'เชียงใหม่', '50170'),
('ปิตูมุดี', 'ยะรัง', 'ปัตตานี', '94160'),
('ปิยามุมัง', 'ยะหริ่ง', 'ปัตตานี', '94150'),
('ปิล๊อก', 'ทองผาภูมิ', 'กาญจนบุรี', '71180'),
('ปึกเตียน', 'ท่ายาง', 'เพชรบุรี', '76130'),
('ปุยุด', 'เมืองปัตตานี', 'ปัตตานี', '94000'),
('ปุลากง', 'ยะหริ่ง', 'ปัตตานี', '94150'),
('ปุโรง', 'กรงปินัง', 'ยะลา', '95000'),
('ปุโละปุโย', 'หนองจิก', 'ปัตตานี', '94170'),
('ปูยู', 'เมืองสตูล', 'สตูล', '91000'),
('ปูโยะ', 'สุไหงโก-ลก', 'นราธิวาส', '96120'),
('ป่งขาม', 'หว้านใหญ่', 'มุกดาหาร', '49150'),
('ป่งไฮ', 'เซกา', 'บึงกาฬ', '38150'),
('ป่ากลาง', 'ปัว', 'น่าน', '55120'),
('ป่ากอ', 'เมืองพังงา', 'พังงา', '82000'),
('ป่ากุมเกาะ', 'สวรรคโลก', 'สุโขทัย', '64110'),
('ป่าก่อ', 'ชานุมาน', 'อำนาจเจริญ', '37210'),
('ป่าก่อดำ', 'แม่ลาว', 'เชียงราย', '57250'),
('ป่าขะ', 'บ้านนา', 'นครนายก', '26110'),
('ป่าขาด', 'สิงหนคร', 'สงขลา', '90330'),
('ป่าคลอก', 'ถลาง', 'ภูเก็ต', '83110'),
('ป่าคา', 'ท่าวังผา', 'น่าน', '55140'),
('ป่าคาย', 'ทองแสนขัน', 'อุตรดิตถ์', '53230'),
('ป่าคาหลวง', 'บ้านหลวง', 'น่าน', '55190'),
('ป่างิ้ว', 'เมืองอ่างทอง', 'อ่างทอง', '14000'),
('ป่าชัน', 'พลับพลาชัย', 'บุรีรัมย์', '31250'),
('ป่าชิง', 'จะนะ', 'สงขลา', '90130'),
('ป่าซาง', 'ป่าซาง', 'ลำพูน', '51120'),
('ป่าตอง', 'กะทู้', 'ภูเก็ต', '83150'),
('ป่าตัน', 'เมืองเชียงใหม่', 'เชียงใหม่', '50300'),
('ป่าตาล', 'เมืองลพบุรี', 'ลพบุรี', '15000'),
('ป่าตึง', 'แม่จัน', 'เชียงราย', '57110'),
('ป่าตุ้ม', 'พร้าว', 'เชียงใหม่', '50190'),
('ป่าบง', 'สารภี', 'เชียงใหม่', '50140'),
('ป่าบอน', 'ป่าบอน', 'พัทลุง', '93170'),
('ป่าปอ', 'บ้านไผ่', 'ขอนแก่น', '40110'),
('ป่าป้อง', 'ดอยสะเก็ด', 'เชียงใหม่', '50220'),
('ป่าพลู', 'บ้านโฮ่ง', 'ลำพูน', '51130'),
('ป่าพะยอม', 'ป่าพะยอม', 'พัทลุง', '93210'),
('ป่าพุทรา', 'ขาณุวรลักษบุรี', 'กำแพงเพชร', '62130'),
('ป่ามะคาบ', 'เมืองพิจิตร', 'พิจิตร', '66000'),
('ป่ามะนาว', 'บ้านฝาง', 'ขอนแก่น', '40270'),
('ป่ามะม่วง', 'เมืองตาก', 'ตาก', '63000'),
('ป่ายุบใน', 'วังจันทร์', 'ระยอง', '21210'),
('ป่าระกำ', 'ปากพนัง', 'นครศรีธรรมราช', '80140'),
('ป่าร่อน', 'กาญจนดิษฐ์', 'สุราษฎร์ธานี', '84160'),
('ป่าลาน', 'ดอยสะเก็ด', 'เชียงใหม่', '50220'),
('ป่าสะแก', 'เดิมบางนางบวช', 'สุพรรณบุรี', '72120'),
('ป่าสัก', 'เมืองลำพูน', 'ลำพูน', '51000'),
('ป่าสังข์', 'จตุรพักตรพิมาน', 'ร้อยเอ็ด', '45180'),
('ป่าหวาย', 'สวนผึ้ง', 'ราชบุรี', '70180'),
('ป่าหวายนั่ง', 'บ้านฝาง', 'ขอนแก่น', '40270'),
('ป่าหุ่ง', 'พาน', 'เชียงราย', '57120'),
('ป่าอ้อ', 'ลานสัก', 'อุทัยธานี', '61160'),
('ป่าอ้อดอนชัย', 'เมืองเชียงราย', 'เชียงราย', '57000'),
('ป่าเซ่า', 'เมืองอุตรดิตถ์', 'อุตรดิตถ์', '53000'),
('ป่าเด็ง', 'แก่งกระจาน', 'เพชรบุรี', '76170'),
('ป่าเมี่ยง', 'ดอยสะเก็ด', 'เชียงใหม่', '50220'),
('ป่าเลา', 'เมืองเพชรบูรณ์', 'เพชรบูรณ์', '67000'),
('ป่าเว', 'ไชยา', 'สุราษฎร์ธานี', '84110'),
('ป่าแก่บ่อหิน', 'ทุ่งหว้า', 'สตูล', '91120'),
('ป่าแงะ', 'ป่าแดด', 'เชียงราย', '57190'),
('ป่าแดง', 'เมืองแพร่', 'แพร่', '54000'),
('ป่าแดด', 'เมืองเชียงใหม่', 'เชียงใหม่', '50100'),
('ป่าแป๋', 'แม่แตง', 'เชียงใหม่', '50150'),
('ป่าแฝก', 'พรเจริญ', 'บึงกาฬ', '38180'),
('ป่าแมต', 'เมืองแพร่', 'แพร่', '54000'),
('ป่าแลวหลวง', 'สันติสุข', 'น่าน', '55210'),
('ป่าโปง', 'สบเมย', 'แม่ฮ่องสอน', '58110'),
('ป่าโมก', 'ป่าโมก', 'อ่างทอง', '14130'),
('ป่าโมง', 'เดชอุดม', 'อุบลราชธานี', '34160'),
('ป่าไก่', 'ปากท่อ', 'ราชบุรี', '70140'),
('ป่าไผ่', 'สันทราย', 'เชียงใหม่', '50210'),
('ป่าไม้งาม', 'เมืองหนองบัวลำภู', 'หนองบัวลำภู', '39000'),
('ป่าไร่', 'อรัญประเทศ', 'สระแก้ว', '27120'),
('ป่าไหน่', 'พร้าว', 'เชียงใหม่', '50190'),
('ป้อมปราบ', 'ป้อมปราบศัตรูพ่าย', 'กรุงเทพมหานคร', '10100'),
('ผดุงมาตร', 'จะแนะ', 'นราธิวาส', '96220'),
('ผักขวง', 'ทองแสนขัน', 'อุตรดิตถ์', '53230'),
('ผักขะ', 'วัฒนานคร', 'สระแก้ว', '27160'),
('ผักตบ', 'หนองหาน', 'อุดรธานี', '41130'),
('ผักปัง', 'ภูเขียว', 'ชัยภูมิ', '36110'),
('ผักแพว', 'กันทรารมย์', 'ศรีสะเกษ', '33130'),
('ผักแว่น', 'จังหาร', 'ร้อยเอ็ด', '45000'),
('ผักไหม', 'ศีขรภูมิ', 'สุรินทร์', '32110'),
('ผักไห่', 'ผักไห่', 'พระนครศรีอยุธยา', '13120'),
('ผาขาว', 'ผาขาว', 'เลย', '42240'),
('ผางาม', 'เวียงชัย', 'เชียงราย', '57210'),
('ผาจุก', 'เมืองอุตรดิตถ์', 'อุตรดิตถ์', '53000'),
('ผาช้างน้อย', 'ปง', 'พะเยา', '56140'),
('ผาตอ', 'ท่าวังผา', 'น่าน', '55140'),
('ผาตั้ง', 'สังคม', 'หนองคาย', '43160'),
('ผาทอง', 'ท่าวังผา', 'น่าน', '55140'),
('ผานกเค้า', 'ภูกระดึง', 'เลย', '42180'),
('ผาน้อย', 'วังสะพุง', 'เลย', '42130'),
('ผาน้ำย้อย', 'หนองพอก', 'ร้อยเอ็ด', '45210'),
('ผาบิ้ง', 'วังสะพุง', 'เลย', '42130'),
('ผาบ่อง', 'เมืองแม่ฮ่องสอน', 'แม่ฮ่องสอน', '58000'),
('ผาปัง', 'แม่พริก', 'ลำปาง', '52180'),
('ผาสามยอด', 'เอราวัณ', 'เลย', '42220'),
('ผาสิงห์', 'เมืองน่าน', 'น่าน', '55000'),
('ผาสุก', 'วังสามหมอ', 'อุดรธานี', '41280'),
('ผาอินทร์แปลง', 'เอราวัณ', 'เลย', '42220'),
('ผาเลือด', 'ท่าปลา', 'อุตรดิตถ์', '53190'),
('ผาเสวย', 'สมเด็จ', 'กาฬสินธุ์', '46150'),
('ผึ่งแดด', 'เมืองมุกดาหาร', 'มุกดาหาร', '49000'),
('ผึ้งรวง', 'เฉลิมพระเกียรติ', 'สระบุรี', '18000'),
('ผือฮี', 'มหาชนะชัย', 'ยโสธร', '35130'),
('ผือใหญ่', 'โพธิ์ศรีสุวรรณ', 'ศรีสะเกษ', '33120'),
('ผไทรินทร์', 'ลำปลายมาศ', 'บุรีรัมย์', '31130'),
('ผ่านศึก', 'อรัญประเทศ', 'สระแก้ว', '27120'),
('ฝั่งแดง', 'นากลาง', 'หนองบัวลำภู', '39170'),
('ฝางคำ', 'สิรินธร', 'อุบลราชธานี', '34350'),
('ฝายกวาง', 'เชียงคำ', 'พะเยา', '56110'),
('ฝายนาแซง', 'หล่มสัก', 'เพชรบูรณ์', '67110'),
('ฝายหลวง', 'ลับแล', 'อุตรดิตถ์', '53130'),
('ฝายแก้ว', 'ภูเพียง', 'น่าน', '55000'),
('ฝาละมี', 'ปากพะยูน', 'พัทลุง', '93120'),
('พงตึก', 'ท่ามะกา', 'กาญจนบุรี', '71120'),
('พงศ์ประศาสน์', 'บางสะพาน', 'ประจวบคีรีขันธ์', '77140'),
('พงษ์', 'สันติสุข', 'น่าน', '55210'),
('พงสวาย', 'เมืองราชบุรี', 'ราชบุรี', '70000'),
('พญาขัน', 'เมืองพัทลุง', 'พัทลุง', '93000'),
('พญาวัง', 'บึงสามพัน', 'เพชรบูรณ์', '67160'),
('พญาเย็น', 'ปากช่อง', 'นครราชสีมา', '30320'),
('พญาแก้ว', 'เชียงกลาง', 'น่าน', '55160'),
('พญาแมน', 'พิชัย', 'อุตรดิตถ์', '53120'),
('พญาไท', 'พญาไท', 'กรุงเทพมหานคร', '10400'),
('พนม', 'พนม', 'สุราษฎร์ธานี', '84250'),
('พนมทวน', 'พนมทวน', 'กาญจนบุรี', '71140'),
('พนมรอก', 'ท่าตะโก', 'นครสวรรค์', '60160'),
('พนมวังก์', 'ควนขนุน', 'พัทลุง', '93110'),
('พนมสารคาม', 'พนมสารคาม', 'ฉะเชิงเทรา', '24120'),
('พนมเศษ', 'ท่าตะโก', 'นครสวรรค์', '60160'),
('พนมไพร', 'พนมไพร', 'ร้อยเอ็ด', '45140'),
('พนอม', 'ท่าอุเทน', 'นครพนม', '48120'),
('พนัสนิคม', 'พนัสนิคม', 'ชลบุรี', '20140'),
('พนา', 'พนา', 'อำนาจเจริญ', '37180'),
('พนางตุง', 'ควนขนุน', 'พัทลุง', '93150'),
('พนานิคม', 'นิคมพัฒนา', 'ระยอง', '21180'),
('พบพระ', 'พบพระ', 'ตาก', '63160'),
('พยอม', 'วังน้อย', 'พระนครศรีอยุธยา', '13170'),
('พยุหะ', 'พยุหะคีรี', 'นครสวรรค์', '60130'),
('พยุห์', 'พยุห์', 'ศรีสะเกษ', '33230'),
('พรมสวรรค์', 'โพนทอง', 'ร้อยเอ็ด', '45110'),
('พรมเทพ', 'ท่าตูม', 'สุรินทร์', '32120'),
('พรรณา', 'พรรณานิคม', 'สกลนคร', '47130'),
('พรสวรรค์', 'นาจะหลวย', 'อุบลราชธานี', '34280'),
('พรสำราญ', 'คูเมือง', 'บุรีรัมย์', '31190'),
('พรหมณี', 'เมืองนครนายก', 'นครนายก', '26000'),
('พรหมนิมิต', 'ตาคลี', 'นครสวรรค์', '60210'),
('พรหมบุรี', 'พรหมบุรี', 'สิงห์บุรี', '16160'),
('พรหมพิราม', 'พรหมพิราม', 'พิษณุโลก', '65150'),
('พรหมมาสตร์', 'เมืองลพบุรี', 'ลพบุรี', '15000'),
('พรหมสวัสดิ์', 'พยุห์', 'ศรีสะเกษ', '33230'),
('พรหมโลก', 'พรหมคีรี', 'นครศรีธรรมราช', '80320'),
('พระกลางทุ่ง', 'ธาตุพนม', 'นครพนม', '48110'),
('พระขาว', 'บางบาล', 'พระนครศรีอยุธยา', '13250'),
('พระครู', 'เมืองบุรีรัมย์', 'บุรีรัมย์', '31000'),
('พระงาม', 'พรหมบุรี', 'สิงห์บุรี', '16120'),
('พระซอง', 'นาแก', 'นครพนม', '48130'),
('พระธาตุ', 'นาดูน', 'มหาสารคาม', '44180'),
('พระธาตุขิงแกง', 'จุน', 'พะเยา', '56150'),
('พระธาตุบังพวน', 'เมืองหนองคาย', 'หนองคาย', '43100'),
('พระธาตุผาแดง', 'แม่สอด', 'ตาก', '63110'),
('พระนอน', 'นครหลวง', 'พระนครศรีอยุธยา', '13260'),
('พระบรมมหาราชวัง', 'พระนคร', 'กรุงเทพมหานคร', '10200'),
('พระบาท', 'เมืองลำปาง', 'ลำปาง', '52000'),
('พระบาทนาสิงห์', 'รัตนวาปี', 'หนองคาย', '43120'),
('พระบาทวังตวง', 'แม่พริก', 'ลำปาง', '52230'),
('พระบุ', 'พระยืน', 'ขอนแก่น', '40320'),
('พระปฐมเจดีย์', 'เมืองนครปฐม', 'นครปฐม', '73000'),
('พระประโทน', 'เมืองนครปฐม', 'นครปฐม', '73000'),
('พระพุทธ', 'เฉลิมพระเกียรติ', 'นครราชสีมา', '30230'),
('พระพุทธบาท', 'พระพุทธบาท', 'สระบุรี', '18120'),
('พระยาทด', 'เสาไห้', 'สระบุรี', '18160'),
('พระยาบันลือ', 'ลาดบัวหลวง', 'พระนครศรีอยุธยา', '13230'),
('พระยืน', 'พระยืน', 'ขอนแก่น', '40320'),
('พระรักษ์', 'พะโต๊ะ', 'ชุมพร', '86180'),
('พระลับ', 'เมืองขอนแก่น', 'ขอนแก่น', '40000'),
('พระสิงห์', 'เมืองเชียงใหม่', 'เชียงใหม่', '50200'),
('พระหลวง', 'สูงเม่น', 'แพร่', '54130'),
('พระอาจารย์', 'องครักษ์', 'นครนายก', '26120'),
('พระเจ้า', 'เชียงขวัญ', 'ร้อยเอ็ด', '45000'),
('พระเพลิง', 'เขาฉกรรจ์', 'สระแก้ว', '27000'),
('พระเสาร์', 'มหาชนะชัย', 'ยโสธร', '35130'),
('พระเหลา', 'พนา', 'อำนาจเจริญ', '37180'),
('พระแก้ว', 'ภาชี', 'พระนครศรีอยุธยา', '13140'),
('พระแท่น', 'ท่ามะกา', 'กาญจนบุรี', '71130'),
('พระโขนง', 'คลองเตย', 'กรุงเทพมหานคร', '10110'),
('พระโขนงเหนือ', 'วัฒนา', 'กรุงเทพมหานคร', '10110'),
('พระโขนงใต้', 'พระโขนง', 'กรุงเทพมหานคร', '10260'),
('พราน', 'ขุนหาญ', 'ศรีสะเกษ', '33150'),
('พรานกระต่าย', 'พรานกระต่าย', 'กำแพงเพชร', '62110'),
('พรุดินนา', 'คลองท่อม', 'กระบี่', '81120'),
('พรุพี', 'บ้านนาสาร', 'สุราษฎร์ธานี', '84270'),
('พรุเตียว', 'เขาพนม', 'กระบี่', '81140'),
('พรุใน', 'เกาะยาว', 'พังงา', '83000'),
('พรุไทย', 'บ้านตาขุน', 'สุราษฎร์ธานี', '84230'),
('พรเจริญ', 'พรเจริญ', 'บึงกาฬ', '38180'),
('พร่อน', 'เมืองยะลา', 'ยะลา', '95160'),
('พลกรัง', 'เมืองนครราชสีมา', 'นครราชสีมา', '30000'),
('พลงตาเอี่ยม', 'วังจันทร์', 'ระยอง', '21210'),
('พลวง', 'เขาคิชฌกูฏ', 'จันทบุรี', '22210'),
('พลวงทอง', 'บ่อทอง', 'ชลบุรี', '20270'),
('พลวงสองนาง', 'สว่างอารมณ์', 'อุทัยธานี', '61150'),
('พลสงคราม', 'โนนสูง', 'นครราชสีมา', '30160'),
('พลอยแหวน', 'ท่าใหม่', 'จันทบุรี', '22120'),
('พลับพลา', 'วังทองหลาง', 'กรุงเทพมหานคร', '10310'),
('พลับพลาไชย', 'อู่ทอง', 'สุพรรณบุรี', '72160'),
('พลา', 'บ้านฉาง', 'ระยอง', '21130'),
('พลายชุมพล', 'เมืองพิษณุโลก', 'พิษณุโลก', '65000'),
('พลายวาส', 'กาญจนดิษฐ์', 'สุราษฎร์ธานี', '84160'),
('พลิ้ว', 'แหลมสิงห์', 'จันทบุรี', '22190'),
('พลูตาหลวง', 'สัตหีบ', 'ชลบุรี', '20180'),
('พลูเถื่อน', 'พนม', 'สุราษฎร์ธานี', '84250'),
('พวา', 'แก่งหางแมว', 'จันทบุรี', '22160'),
('พอกน้อย', 'พรรณานิคม', 'สกลนคร', '47220'),
('พะงาด', 'ขามสะแกแสง', 'นครราชสีมา', '30290'),
('พะตง', 'หาดใหญ่', 'สงขลา', '90230'),
('พะทาย', 'ท่าอุเทน', 'นครพนม', '48120'),
('พะลาน', 'นาตาล', 'อุบลราชธานี', '34170'),
('พะวง', 'เมืองสงขลา', 'สงขลา', '90100'),
('พะวอ', 'แม่สอด', 'ตาก', '63110'),
('พะเนา', 'เมืองนครราชสีมา', 'นครราชสีมา', '30000'),
('พะเนียด', 'นครชัยศรี', 'นครปฐม', '73120'),
('พะแสง', 'บ้านตาขุน', 'สุราษฎร์ธานี', '84230'),
('พะโต๊ะ', 'พะโต๊ะ', 'ชุมพร', '86180'),
('พักทัน', 'บางระจัน', 'สิงห์บุรี', '16130'),
('พังกาญจน์', 'พนม', 'สุราษฎร์ธานี', '84250'),
('พังขว้าง', 'เมืองสกลนคร', 'สกลนคร', '47000'),
('พังงู', 'หนองหาน', 'อุดรธานี', '41130'),
('พังตรุ', 'ท่าม่วง', 'กาญจนบุรี', '71110'),
('พังทุย', 'น้ำพอง', 'ขอนแก่น', '40140'),
('พังยาง', 'ระโนด', 'สงขลา', '90140'),
('พังราด', 'แกลง', 'ระยอง', '21170'),
('พังลา', 'สะเดา', 'สงขลา', '90170'),
('พังเคน', 'นาตาล', 'อุบลราชธานี', '34170'),
('พังเทียม', 'พระทองคำ', 'นครราชสีมา', '30220'),
('พังแดง', 'ดงหลวง', 'มุกดาหาร', '49140'),
('พังโคน', 'พังโคน', 'สกลนคร', '47160'),
('พัฒนาการ', 'สวนหลวง', 'กรุงเทพมหานคร', '10250'),
('พัฒนานิคม', 'พัฒนานิคม', 'ลพบุรี', '15140'),
('พันชนะ', 'ด่านขุนทด', 'นครราชสีมา', '30210'),
('พันชาลี', 'วังทอง', 'พิษณุโลก', '65130'),
('พันดอน', 'กุมภวาปี', 'อุดรธานี', '41370'),
('พันดุง', 'ขามทะเลสอ', 'นครราชสีมา', '30280'),
('พันท้ายนรสิงห์', 'เมืองสมุทรสาคร', 'สมุทรสาคร', '74000'),
('พันนา', 'สว่างแดนดิน', 'สกลนคร', '47240'),
('พันลาน', 'ชุมแสง', 'นครสวรรค์', '60250'),
('พันเสา', 'บางระกำ', 'พิษณุโลก', '65140'),
('พานทอง', 'พานทอง', 'ชลบุรี', '20160'),
('พานพร้าว', 'ศรีเชียงใหม่', 'หนองคาย', '43130'),
('พิกุล', 'ชุมแสง', 'นครสวรรค์', '60120'),
('พิกุลทอง', 'ท่าช้าง', 'สิงห์บุรี', '16140'),
('พิกุลออก', 'บ้านนา', 'นครนายก', '26110'),
('พิงพวย', 'ศรีรัตนะ', 'ศรีสะเกษ', '33240'),
('พิจิตร', 'นาหม่อม', 'สงขลา', '90310'),
('พิชัย', 'เมืองลำปาง', 'ลำปาง', '52000'),
('พิตเพียน', 'มหาราช', 'พระนครศรีอยุธยา', '13150'),
('พิบูล', 'พิบูลมังสาหาร', 'อุบลราชธานี', '34110'),
('พิปูน', 'พิปูน', 'นครศรีธรรมราช', '80270'),
('พิมพา', 'บางปะกง', 'ฉะเชิงเทรา', '24180'),
('พิมลราช', 'บางบัวทอง', 'นนทบุรี', '11110'),
('พิมาน', 'นาแก', 'นครพนม', '48130'),
('พิมาย', 'ปรางค์กู่', 'ศรีสะเกษ', '33170'),
('พิมายเหนือ', 'ปรางค์กู่', 'ศรีสะเกษ', '33170'),
('พิมูล', 'ห้วยเม็ก', 'กาฬสินธุ์', '46170'),
('พิหารแดง', 'เมืองสุพรรณบุรี', 'สุพรรณบุรี', '72000'),
('พิเทน', 'ทุ่งยางแดง', 'ปัตตานี', '94140'),
('พืชอุดม', 'ลำลูกกา', 'ปทุมธานี', '12150'),
('พุกร่าง', 'พระพุทธบาท', 'สระบุรี', '18120'),
('พุขาม', 'วิเชียรบุรี', 'เพชรบูรณ์', '67180'),
('พุคา', 'บ้านหมี่', 'ลพบุรี', '15110'),
('พุคำจาน', 'พระพุทธบาท', 'สระบุรี', '18120'),
('พุดซา', 'เมืองนครราชสีมา', 'นครราชสีมา', '30000'),
('พุทธบาท', 'ชนแดน', 'เพชรบูรณ์', '67150'),
('พุทเลา', 'บางปะหัน', 'พระนครศรีอยุธยา', '13220'),
('พุทไธสง', 'พุทไธสง', 'บุรีรัมย์', '31120'),
('พุนกยูง', 'ตากฟ้า', 'นครสวรรค์', '60190'),
('พุนพิน', 'พุนพิน', 'สุราษฎร์ธานี', '84130'),
('พุมเรียง', 'ไชยา', 'สุราษฎร์ธานี', '84110'),
('พุสวรรค์', 'แก่งกระจาน', 'เพชรบุรี', '76170'),
('พุเตย', 'วิเชียรบุรี', 'เพชรบูรณ์', '67180'),
('พุแค', 'เฉลิมพระเกียรติ', 'สระบุรี', '18240'),
('พุ่มแก', 'นาแก', 'นครพนม', '48130'),
('พ่วงพรมคร', 'เคียนซา', 'สุราษฎร์ธานี', '84210'),
('พ่อมิ่ง', 'ปะนาเระ', 'ปัตตานี', '94130'),
('พ้อแดง', 'หลังสวน', 'ชุมพร', '86110'),
('ฟากท่า', 'ฟากท่า', 'อุตรดิตถ์', '53160'),
('ฟากห้วย', 'อรัญประเทศ', 'สระแก้ว', '27120'),
('ฟ้าหยาด', 'มหาชนะชัย', 'ยโสธร', '35130'),
('ฟ้าห่วน', 'ค้อวัง', 'ยโสธร', '35160'),
('ฟ้าฮ่าม', 'เมืองเชียงใหม่', 'เชียงใหม่', '50000'),
('ภาชี', 'ภาชี', 'พระนครศรีอยุธยา', '13140'),
('ภารแอ่น', 'พยัคฆภูมิพิสัย', 'มหาสารคาม', '44110'),
('ภูกระดึง', 'ภูกระดึง', 'เลย', '42180'),
('ภูคา', 'ปัว', 'น่าน', '55120'),
('ภูซาง', 'ภูซาง', 'พะเยา', '56110'),
('ภูดิน', 'เมืองกาฬสินธุ์', 'กาฬสินธุ์', '46000'),
('ภูน้ำหยด', 'วิเชียรบุรี', 'เพชรบูรณ์', '67180'),
('ภูปอ', 'เมืองกาฬสินธุ์', 'กาฬสินธุ์', '46000'),
('ภูผาม่าน', 'ภูผาม่าน', 'ขอนแก่น', '40350'),
('ภูผาหมอก', 'กันทรลักษ์', 'ศรีสะเกษ', '33110'),
('ภูฝ้าย', 'ขุนหาญ', 'ศรีสะเกษ', '33150'),
('ภูฟ้า', 'บ่อเกลือ', 'น่าน', '55220'),
('ภูมิ', 'บางมูลนาก', 'พิจิตร', '66120'),
('ภูวง', 'หนองสูง', 'มุกดาหาร', '49160'),
('ภูสิงห์', 'สหัสขันธ์', 'กาฬสินธุ์', '46140'),
('ภูหลวง', 'ปักธงชัย', 'นครราชสีมา', '30150'),
('ภูหอ', 'ภูหลวง', 'เลย', '42230'),
('ภูห่าน', 'สีชมพู', 'ขอนแก่น', '40220'),
('ภูเขาทอง', 'พระนครศรีอยุธยา', 'พระนครศรีอยุธยา', '13000'),
('ภูเงิน', 'กันทรลักษ์', 'ศรีสะเกษ', '33110'),
('ภูเวียง', 'ภูเวียง', 'ขอนแก่น', '40150'),
('ภูเหล็ก', 'บ้านไผ่', 'ขอนแก่น', '40110'),
('ภูแลนคา', 'บ้านเขว้า', 'ชัยภูมิ', '36170'),
('ภูแล่นช้าง', 'นาคู', 'กาฬสินธุ์', '46160'),
('มงคลธรรมนิมิต', 'สามโก้', 'อ่างทอง', '14160'),
('มดแดง', 'ศรีประจันต์', 'สุพรรณบุรี', '72140'),
('มวกเหล็ก', 'มวกเหล็ก', 'สระบุรี', '18180'),
('มหาชัย', 'ปลาปาก', 'นครพนม', '48160'),
('มหาดไทย', 'เมืองอ่างทอง', 'อ่างทอง', '14000'),
('มหาพราหมณ์', 'บางบาล', 'พระนครศรีอยุธยา', '13250'),
('มหาพฤฒาราม', 'บางรัก', 'กรุงเทพมหานคร', '10500'),
('มหาราช', 'มหาราช', 'พระนครศรีอยุธยา', '13150'),
('มหาวัน', 'แม่สอด', 'ตาก', '63110'),
('มหาสวัสดิ์', 'บางกรวย', 'นนทบุรี', '11130'),
('มหาสอน', 'บ้านหมี่', 'ลพบุรี', '15110'),
('มหาโพธิ', 'สระโบสถ์', 'ลพบุรี', '15240'),
('มหาไชย', 'สมเด็จ', 'กาฬสินธุ์', '46150'),
('มะกรูด', 'โคกโพธิ์', 'ปัตตานี', '94120'),
('มะกอก', 'ป่าซาง', 'ลำพูน', '51120'),
('มะกอกหวาน', 'ชัยบาดาล', 'ลพบุรี', '15230'),
('มะกอกเหนือ', 'ควนขนุน', 'พัทลุง', '93150'),
('มะขาม', 'มะขาม', 'จันทบุรี', '22150'),
('มะขามคู่', 'นิคมพัฒนา', 'ระยอง', '21180'),
('มะขามล้ม', 'บางปลาม้า', 'สุพรรณบุรี', '72150'),
('มะขามสูง', 'เมืองพิษณุโลก', 'พิษณุโลก', '65000'),
('มะขามหย่ง', 'เมืองชลบุรี', 'ชลบุรี', '20000'),
('มะขามหลวง', 'สันป่าตอง', 'เชียงใหม่', '50120'),
('มะขามเฒ่า', 'วัดสิงห์', 'ชัยนาท', '17120'),
('มะขามเตี้ย', 'เมืองสุราษฎร์ธานี', 'สุราษฎร์ธานี', '84000'),
('มะขุนหวาน', 'สันป่าตอง', 'เชียงใหม่', '50120'),
('มะค่า', 'โนนสูง', 'นครราชสีมา', '30160'),
('มะตูม', 'พรหมพิราม', 'พิษณุโลก', '65150'),
('มะต้อง', 'พรหมพิราม', 'พิษณุโลก', '65180'),
('มะนังดาลำ', 'สายบุรี', 'ปัตตานี', '94110'),
('มะนังตายอ', 'เมืองนราธิวาส', 'นราธิวาส', '96000'),
('มะนังยง', 'ยะหริ่ง', 'ปัตตานี', '94150'),
('มะนาวหวาน', 'พัฒนานิคม', 'ลพบุรี', '15140'),
('มะบ้า', 'ทุ่งเขาหลวง', 'ร้อยเอ็ด', '45170'),
('มะมุ', 'กระบุรี', 'ระนอง', '85110'),
('มะม่วงสองต้น', 'เมืองนครศรีธรรมราช', 'นครศรีธรรมราช', '80000'),
('มะรือโบตก', 'ระแงะ', 'นราธิวาส', '96130'),
('มะรือโบออก', 'เจาะไอร้อง', 'นราธิวาส', '96130'),
('มะรุ่ย', 'ทับปุด', 'พังงา', '82180'),
('มะลวน', 'พุนพิน', 'สุราษฎร์ธานี', '84130'),
('มะลิกา', 'แม่อาย', 'เชียงใหม่', '50280'),
('มะอึ', 'ธวัชบุรี', 'ร้อยเอ็ด', '45170'),
('มะเกลือเก่า', 'สูงเนิน', 'นครราชสีมา', '30170'),
('มะเกลือใหม่', 'สูงเนิน', 'นครราชสีมา', '30170'),
('มะเขือแจ้', 'เมืองลำพูน', 'ลำพูน', '51000'),
('มะเฟือง', 'พุทไธสง', 'บุรีรัมย์', '31120'),
('มะเริง', 'เมืองนครราชสีมา', 'นครราชสีมา', '30000'),
('มะเร็ต', 'เกาะสมุย', 'สุราษฎร์ธานี', '84310'),
('มักกะสัน', 'ราชเทวี', 'กรุงเทพมหานคร', '10400'),
('มาบกราด', 'พระทองคำ', 'นครราชสีมา', '30220'),
('มาบข่า', 'นิคมพัฒนา', 'ระยอง', '21180'),
('มาบตะโกเอน', 'ครบุรี', 'นครราชสีมา', '30250'),
('มาบตาพุด', 'เมืองระยอง', 'ระยอง', '21150'),
('มาบปลาเค้า', 'ท่ายาง', 'เพชรบุรี', '76130'),
('มาบยางพร', 'ปลวกแดง', 'ระยอง', '21140'),
('มาบแก', 'ลาดยาว', 'นครสวรรค์', '60150'),
('มาบแค', 'เมืองนครปฐม', 'นครปฐม', '73000'),
('มาบโป่ง', 'พานทอง', 'ชลบุรี', '20160'),
('มาบไผ่', 'บ้านบึง', 'ชลบุรี', '20170'),
('มาบไพ', 'ขลุง', 'จันทบุรี', '22110'),
('มาย', 'บ้านม่วง', 'สกลนคร', '47140'),
('มายอ', 'มายอ', 'ปัตตานี', '94140'),
('มารวิชัย', 'เสนา', 'พระนครศรีอยุธยา', '13110'),
('มาโมง', 'สุคิริน', 'นราธิวาส', '96190'),
('มิตรภาพ', 'มวกเหล็ก', 'สระบุรี', '18180'),
('มีชัย', 'เมืองหนองคาย', 'หนองคาย', '43000'),
('มีนบุรี', 'มีนบุรี', 'กรุงเทพมหานคร', '10510'),
('มืดกา', 'ดอยเต่า', 'เชียงใหม่', '50260'),
('มุกดาหาร', 'เมืองมุกดาหาร', 'มุกดาหาร', '49000'),
('มุจลินท์', 'ท่าวุ้ง', 'ลพบุรี', '15150'),
('มูโนะ', 'สุไหงโก-ลก', 'นราธิวาส', '96120'),
('ม่วง', 'มหาชนะชัย', 'ยโสธร', '35130'),
('ม่วงกลวง', 'กะเปอร์', 'ระนอง', '85120'),
('ม่วงคำ', 'พาน', 'เชียงราย', '57120'),
('ม่วงค่อม', 'ชัยบาดาล', 'ลพบุรี', '15230'),
('ม่วงงาม', 'เสาไห้', 'สระบุรี', '18160'),
('ม่วงชุม', 'ท่าม่วง', 'กาญจนบุรี', '71110'),
('ม่วงตึ๊ด', 'ภูเพียง', 'น่าน', '55000'),
('ม่วงนา', 'ดอนจาน', 'กาฬสินธุ์', '46000'),
('ม่วงน้อย', 'ป่าซาง', 'ลำพูน', '51120'),
('ม่วงยาย', 'เวียงแก่น', 'เชียงราย', '57310'),
('ม่วงลาด', 'จังหาร', 'ร้อยเอ็ด', '45000'),
('ม่วงลาย', 'เมืองสกลนคร', 'สกลนคร', '47000'),
('ม่วงสามสิบ', 'ม่วงสามสิบ', 'อุบลราชธานี', '34140'),
('ม่วงหมู่', 'เมืองสิงห์บุรี', 'สิงห์บุรี', '16000'),
('ม่วงหวาน', 'หนองแซง', 'สระบุรี', '18170'),
('ม่วงหัก', 'พยุหะคีรี', 'นครสวรรค์', '60130'),
('ม่วงเจ็ดต้น', 'บ้านโคก', 'อุตรดิตถ์', '53180'),
('ม่วงเตี้ย', 'วิเศษชัยชาญ', 'อ่างทอง', '14110'),
('ม่วงใหญ่', 'โพธิ์ไทร', 'อุบลราชธานี', '34340'),
('ม่วงไข่', 'พังโคน', 'สกลนคร', '47160'),
('ม่อนจอง', 'อมก๋อย', 'เชียงใหม่', '50310'),
('ม่อนปิ่น', 'ฝาง', 'เชียงใหม่', '50110'),
('ยกกระบัตร', 'สามเงา', 'ตาก', '63130'),
('ยม', 'ท่าวังผา', 'น่าน', '55140'),
('ยอด', 'สองแคว', 'น่าน', '55160'),
('ยอดชาด', 'วังยาง', 'นครพนม', '48130'),
('ยอดแกง', 'นามน', 'กาฬสินธุ์', '46230'),
('ยะต๊ะ', 'รามัน', 'ยะลา', '95140'),
('ยะรม', 'เบตง', 'ยะลา', '95110'),
('ยะรัง', 'ยะรัง', 'ปัตตานี', '94160'),
('ยะลา', 'เมืองยะลา', 'ยะลา', '95000'),
('ยะวึก', 'ชุมพลบุรี', 'สุรินทร์', '32190'),
('ยะหา', 'ยะหา', 'ยะลา', '95120'),
('ยั้งเมิน', 'สะเมิง', 'เชียงใหม่', '50250'),
('ยาง', 'ศีขรภูมิ', 'สุรินทร์', '32110'),
('ยางขาว', 'พยุหะคีรี', 'นครสวรรค์', '60130'),
('ยางขี้นก', 'เขื่องใน', 'อุบลราชธานี', '34150'),
('ยางคราม', 'ดอยหล่อ', 'เชียงใหม่', '50160'),
('ยางคำ', 'หนองเรือ', 'ขอนแก่น', '40240'),
('ยางค้อม', 'พิปูน', 'นครศรีธรรมราช', '80270'),
('ยางงาม', 'หนองไผ่', 'เพชรบูรณ์', '67220'),
('ยางชุมน้อย', 'ยางชุมน้อย', 'ศรีสะเกษ', '33190'),
('ยางชุมใหญ่', 'ยางชุมน้อย', 'ศรีสะเกษ', '33190'),
('ยางช้าย', 'โพธิ์ทอง', 'อ่างทอง', '14120'),
('ยางซ้าย', 'เมืองสุโขทัย', 'สุโขทัย', '64000'),
('ยางตลาด', 'ยางตลาด', 'กาฬสินธุ์', '46120'),
('ยางตาล', 'โกรกพระ', 'นครสวรรค์', '60170'),
('ยางท่าแจ้ง', 'โกสุมพิสัย', 'มหาสารคาม', '44140'),
('ยางนอน', 'เดิมบางนางบวช', 'สุพรรณบุรี', '72120'),
('ยางน้อย', 'โกสุมพิสัย', 'มหาสารคาม', '44140'),
('ยางน้ำกลัดเหนือ', 'หนองหญ้าปล้อง', 'เพชรบุรี', '76160'),
('ยางน้ำกลัดใต้', 'หนองหญ้าปล้อง', 'เพชรบุรี', '76160'),
('ยางม่วง', 'ท่ามะกา', 'กาญจนบุรี', '71120'),
('ยางราก', 'โคกเจริญ', 'ลพบุรี', '15250'),
('ยางสว่าง', 'รัตนบุรี', 'สุรินทร์', '32130'),
('ยางสักกระโพหลุ่ม', 'ม่วงสามสิบ', 'อุบลราชธานี', '34140'),
('ยางสาว', 'วิเชียรบุรี', 'เพชรบูรณ์', '67130'),
('ยางสีสุราช', 'ยางสีสุราช', 'มหาสารคาม', '44210'),
('ยางสูง', 'ขาณุวรลักษบุรี', 'กำแพงเพชร', '62130'),
('ยางหย่อง', 'ท่ายาง', 'เพชรบุรี', '76130'),
('ยางหล่อ', 'ศรีบุญเรือง', 'หนองบัวลำภู', '39180'),
('ยางหวาย', 'คอนสวรรค์', 'ชัยภูมิ', '36140'),
('ยางหัก', 'ปากท่อ', 'ราชบุรี', '70140'),
('ยางอู้ม', 'ท่าคันโท', 'กาฬสินธุ์', '46190'),
('ยางฮอม', 'ขุนตาล', 'เชียงราย', '57340'),
('ยางเนิ้ง', 'สารภี', 'เชียงใหม่', '50140'),
('ยางเปียง', 'อมก๋อย', 'เชียงใหม่', '50310'),
('ยางโกลน', 'นครไทย', 'พิษณุโลก', '65120'),
('ยางโทน', 'หนองม่วง', 'ลพบุรี', '15170'),
('ยางโยภาพ', 'ม่วงสามสิบ', 'อุบลราชธานี', '34140'),
('ยางใหญ่', 'น้ำยืน', 'อุบลราชธานี', '34260'),
('ยานนาวา', 'สาทร', 'กรุงเทพมหานคร', '10120'),
('ยาบหัวนา', 'เวียงสา', 'น่าน', '55110'),
('ยาบี', 'หนองจิก', 'ปัตตานี', '94170'),
('ยามู', 'ยะหริ่ง', 'ปัตตานี', '94150'),
('ยายชา', 'สามพราน', 'นครปฐม', '73110'),
('ยายร้า', 'ท่าใหม่', 'จันทบุรี', '22120'),
('ยายแพง', 'บางคนที', 'สมุทรสงคราม', '75120'),
('ยายแย้มวัฒนา', 'เฉลิมพระเกียรติ', 'บุรีรัมย์', '31170'),
('ยี่งอ', 'ยี่งอ', 'นราธิวาส', '96180'),
('ยี่ล้น', 'วิเศษชัยชาญ', 'อ่างทอง', '14110'),
('ยี่สาร', 'อัมพวา', 'สมุทรสงคราม', '75110'),
('ยุหว่า', 'สันป่าตอง', 'เชียงใหม่', '50120'),
('ยุโป', 'เมืองยะลา', 'ยะลา', '95000'),
('ยุ้งทะลาย', 'อู่ทอง', 'สุพรรณบุรี', '72160'),
('ย่อ', 'คำเขื่อนแก้ว', 'ยโสธร', '35110'),
('ย่านซื่อ', 'เมืองอ่างทอง', 'อ่างทอง', '14000'),
('ย่านตาขาว', 'ย่านตาขาว', 'ตรัง', '92140'),
('ย่านมัทรี', 'พยุหะคีรี', 'นครสวรรค์', '60130'),
('ย่านยาว', 'สวรรคโลก', 'สุโขทัย', '64110'),
('ย่านรี', 'กบินทร์บุรี', 'ปราจีนบุรี', '25110'),
('รมณีย์', 'กะปง', 'พังงา', '82170'),
('รวมไทยพัฒนา', 'พบพระ', 'ตาก', '63160'),
('รองเมือง', 'ปทุมวัน', 'กรุงเทพมหานคร', '10330'),
('รอบเมือง', 'เมืองปราจีนบุรี', 'ปราจีนบุรี', '25000'),
('รอบเวียง', 'เมืองเชียงราย', 'เชียงราย', '57000'),
('ระบำ', 'ลานสัก', 'อุทัยธานี', '61160'),
('ระวะ', 'ระโนด', 'สงขลา', '90140'),
('ระวิง', 'เมืองเพชรบูรณ์', 'เพชรบูรณ์', '67210'),
('ระหาน', 'บึงสามัคคี', 'กำแพงเพชร', '62210'),
('ระเริง', 'วังน้ำเขียว', 'นครราชสีมา', '30150'),
('ระเว', 'พิบูลมังสาหาร', 'อุบลราชธานี', '34110'),
('ระเวียง', 'โนนนารายณ์', 'สุรินทร์', '32130'),
('ระแงง', 'ศีขรภูมิ', 'สุรินทร์', '32110'),
('ระแว้ง', 'ยะรัง', 'ปัตตานี', '94160'),
('ระแหง', 'ลาดหลุมแก้ว', 'ปทุมธานี', '12140'),
('ระโนด', 'ระโนด', 'สงขลา', '90140'),
('ระโสม', 'ภาชี', 'พระนครศรีอยุธยา', '13140'),
('รังกาใหญ่', 'พิมาย', 'นครราชสีมา', '30110'),
('รังงาม', 'เนินสง่า', 'ชัยภูมิ', '36130'),
('รังนก', 'สามง่าม', 'พิจิตร', '66140'),
('รังสิต', 'ธัญบุรี', 'ปทุมธานี', '12110'),
('รังแร้ง', 'อุทุมพรพิสัย', 'ศรีสะเกษ', '33120'),
('รัชดาภิเษก', 'ดินแดง', 'กรุงเทพมหานคร', '10400'),
('รัตนบุรี', 'รัตนบุรี', 'สุรินทร์', '32130'),
('รัตนวาปี', 'รัตนวาปี', 'หนองคาย', '43120'),
('รัตนวารี', 'หัวตะพาน', 'อำนาจเจริญ', '37240'),
('รัตภูมิ', 'ควนเนียง', 'สงขลา', '90220'),
('รับร่อ', 'ท่าแซะ', 'ชุมพร', '86190'),
('รัษฎา', 'เมืองภูเก็ต', 'ภูเก็ต', '83000'),
('รั้วใหญ่', 'เมืองสุพรรณบุรี', 'สุพรรณบุรี', '72000'),
('รางจรเข้', 'เสนา', 'พระนครศรีอยุธยา', '13110'),
('รางบัว', 'จอมบึง', 'ราชบุรี', '70150'),
('รางพิกุล', 'กำแพงแสน', 'นครปฐม', '73140'),
('รางสาลี่', 'ท่าม่วง', 'กาญจนบุรี', '71110'),
('รางหวาย', 'พนมทวน', 'กาญจนบุรี', '71170'),
('ราชกรูด', 'เมืองระนอง', 'ระนอง', '85000'),
('ราชคราม', 'บางไทร', 'พระนครศรีอยุธยา', '13290'),
('ราชธานี', 'ธวัชบุรี', 'ร้อยเอ็ด', '45170'),
('ราชสถิตย์', 'ไชโย', 'อ่างทอง', '14140'),
('ราชาเทวะ', 'บางพลี', 'สมุทรปราการ', '10540'),
('ราตาปันยัง', 'ยะหริ่ง', 'ปัตตานี', '94150'),
('ราม', 'เมืองสุรินทร์', 'สุรินทร์', '32000'),
('รามราช', 'ท่าอุเทน', 'นครพนม', '48120'),
('รามอินทรา', 'คันนายาว', 'กรุงเทพมหานคร', '10230'),
('รามแก้ว', 'หัวไทร', 'นครศรีธรรมราช', '80170'),
('ราวต้นจันทร์', 'ศรีสำโรง', 'สุโขทัย', '64120'),
('ราษฎรพัฒนา', 'สามโก้', 'อ่างทอง', '14160'),
('ราษฎร์นิยม', 'ไทรน้อย', 'นนทบุรี', '11150'),
('ราษฎร์บูรณะ', 'ราษฎร์บูรณะ', 'กรุงเทพมหานคร', '10140'),
('ราษฎร์พัฒนา', 'สะพานสูง', 'กรุงเทพมหานคร', '10240'),
('ราษฎร์เจริญ', 'พยัคฆภูมิพิสัย', 'มหาสารคาม', '44110'),
('ราไวย์', 'เมืองภูเก็ต', 'ภูเก็ต', '83130'),
('รำพัน', 'ท่าใหม่', 'จันทบุรี', '22170'),
('รำมะสัก', 'โพธิ์ทอง', 'อ่างทอง', '14120'),
('รำแดง', 'สิงหนคร', 'สงขลา', '90330'),
('ริม', 'ท่าวังผา', 'น่าน', '55140'),
('ริมกก', 'เมืองเชียงราย', 'เชียงราย', '57100'),
('ริมปิง', 'เมืองลำพูน', 'ลำพูน', '51000'),
('ริมสีม่วง', 'เขาค้อ', 'เพชรบูรณ์', '67270'),
('ริมเหนือ', 'แม่ริม', 'เชียงใหม่', '50180'),
('ริมโขง', 'เชียงของ', 'เชียงราย', '57140'),
('ริมใต้', 'แม่ริม', 'เชียงใหม่', '50180'),
('ริโก๋', 'สุไหงปาดี', 'นราธิวาส', '96140'),
('รือเสาะ', 'รือเสาะ', 'นราธิวาส', '96150'),
('รือเสาะออก', 'รือเสาะ', 'นราธิวาส', '96150'),
('รุง', 'กันทรลักษ์', 'ศรีสะเกษ', '33110'),
('รุ่งระวี', 'น้ำเกลี้ยง', 'ศรีสะเกษ', '33130'),
('รูสะมิแล', 'เมืองปัตตานี', 'ปัตตานี', '94000'),
('ร่มเกล้า', 'นิคมคำสร้อย', 'มุกดาหาร', '49130'),
('ร่มเมือง', 'เมืองพัทลุง', 'พัทลุง', '93000'),
('ร่มเย็น', 'เชียงคำ', 'พะเยา', '56110'),
('ร่มไทร', 'สุคิริน', 'นราธิวาส', '96190'),
('ร่วมจิต', 'ท่าปลา', 'อุตรดิตถ์', '53190'),
('ร่องกาศ', 'สูงเม่น', 'แพร่', '54130'),
('ร่องคำ', 'ร่องคำ', 'กาฬสินธุ์', '46210'),
('ร่องจิก', 'ภูเรือ', 'เลย', '42160'),
('ร่องฟอง', 'เมืองแพร่', 'แพร่', '54000'),
('ร่องเคาะ', 'วังเหนือ', 'ลำปาง', '52140'),
('ร่อนทอง', 'สตึก', 'บุรีรัมย์', '31150'),
('ร่อนพิบูลย์', 'ร่อนพิบูลย์', 'นครศรีธรรมราช', '80130'),
('ร้องกวาง', 'ร้องกวาง', 'แพร่', '54140'),
('ร้องวัวแดง', 'สันกำแพง', 'เชียงใหม่', '50130'),
('ร้องเข็ม', 'ร้องกวาง', 'แพร่', '54140'),
('ลมศักดิ์', 'ขุขันธ์', 'ศรีสะเกษ', '33140'),
('ลวงเหนือ', 'ดอยสะเก็ด', 'เชียงใหม่', '50220'),
('ลอ', 'จุน', 'พะเยา', '56150'),
('ลอมคอม', 'พล', 'ขอนแก่น', '40120'),
('ละงู', 'ละงู', 'สตูล', '91110'),
('ละทาย', 'กันทรารมย์', 'ศรีสะเกษ', '33130'),
('ละมอ', 'นาโยง', 'ตรัง', '92170'),
('ละลม', 'ภูสิงห์', 'ศรีสะเกษ', '33140'),
('ละลมใหม่พัฒนา', 'โชคชัย', 'นครราชสีมา', '30190'),
('ละลวด', 'ชำนิ', 'บุรีรัมย์', '31110'),
('ละลาย', 'กันทรลักษ์', 'ศรีสะเกษ', '33110'),
('ละหาน', 'จัตุรัส', 'ชัยภูมิ', '36130'),
('ละหานทราย', 'ละหานทราย', 'บุรีรัมย์', '31170'),
('ละหานนา', 'แวงน้อย', 'ขอนแก่น', '40230'),
('ละหานปลาค้าว', 'เมืองยาง', 'นครราชสีมา', '30270'),
('ละหาร', 'บางบัวทอง', 'นนทบุรี', '11110'),
('ละอาย', 'ฉวาง', 'นครศรีธรรมราช', '80250'),
('ละอุ่นเหนือ', 'ละอุ่น', 'ระนอง', '85130'),
('ละอุ่นใต้', 'ละอุ่น', 'ระนอง', '85130'),
('ละเวี้ย', 'ประโคนชัย', 'บุรีรัมย์', '31140'),
('ละเอาะ', 'น้ำเกลี้ยง', 'ศรีสะเกษ', '33130'),
('ละแม', 'ละแม', 'ชุมพร', '86170'),
('ละแอ', 'ยะหา', 'ยะลา', '95120'),
('ลางา', 'มายอ', 'ปัตตานี', '94190'),
('ลาดกระทิง', 'สนามชัยเขต', 'ฉะเชิงเทรา', '24160'),
('ลาดกระบัง', 'ลาดกระบัง', 'กรุงเทพมหานคร', '10520'),
('ลาดขวาง', 'บ้านโพธิ์', 'ฉะเชิงเทรา', '24140'),
('ลาดควาย', 'ศรีเมืองใหม่', 'อุบลราชธานี', '34250'),
('ลาดค่าง', 'ภูเรือ', 'เลย', '42160'),
('ลาดงา', 'เสนา', 'พระนครศรีอยุธยา', '13110'),
('ลาดชิด', 'ผักไห่', 'พระนครศรีอยุธยา', '13120'),
('ลาดตะเคียน', 'กบินทร์บุรี', 'ปราจีนบุรี', '25110'),
('ลาดทิพรส', 'ตาคลี', 'นครสวรรค์', '60260'),
('ลาดน้ำเค็ม', 'ผักไห่', 'พระนครศรีอยุธยา', '13120'),
('ลาดบัวขาว', 'สีคิ้ว', 'นครราชสีมา', '30340'),
('ลาดบัวหลวง', 'ลาดบัวหลวง', 'พระนครศรีอยุธยา', '13230'),
('ลาดพร้าว', 'ลาดพร้าว', 'กรุงเทพมหานคร', '10230'),
('ลาดพัฒนา', 'เมืองมหาสารคาม', 'มหาสารคาม', '44000'),
('ลาดยาว', 'จตุจักร', 'กรุงเทพมหานคร', '10900'),
('ลาดสวาย', 'ลำลูกกา', 'ปทุมธานี', '12150'),
('ลาดสาลี่', 'ท่าวุ้ง', 'ลพบุรี', '15150'),
('ลาดหญ้า', 'เมืองกาญจนบุรี', 'กาญจนบุรี', '71190'),
('ลาดหลุมแก้ว', 'ลาดหลุมแก้ว', 'ปทุมธานี', '12140'),
('ลาดแค', 'ชนแดน', 'เพชรบูรณ์', '67150'),
('ลาดโพธิ์', 'บ้านลาด', 'เพชรบุรี', '76150'),
('ลาดใหญ่', 'เมืองชัยภูมิ', 'ชัยภูมิ', '36000'),
('ลานกระบือ', 'ลานกระบือ', 'กำแพงเพชร', '62170'),
('ลานข่อย', 'ป่าพะยอม', 'พัทลุง', '93210'),
('ลานดอกไม้', 'เมืองกำแพงเพชร', 'กำแพงเพชร', '62000'),
('ลานดอกไม้ตก', 'โกสัมพีนคร', 'กำแพงเพชร', '62000'),
('ลานตากฟ้า', 'นครชัยศรี', 'นครปฐม', '73120'),
('ลานบ่า', 'หล่มสัก', 'เพชรบูรณ์', '67110'),
('ลานสกา', 'ลานสกา', 'นครศรีธรรมราช', '80230'),
('ลานสะแก', 'พยัคฆภูมิพิสัย', 'มหาสารคาม', '44110'),
('ลานสัก', 'ลานสัก', 'อุทัยธานี', '61160'),
('ลานหอย', 'บ้านด่านลานหอย', 'สุโขทัย', '64140'),
('ลาโละ', 'รือเสาะ', 'นราธิวาส', '96150'),
('ลำคลอง', 'เมืองกาฬสินธุ์', 'กาฬสินธุ์', '46000'),
('ลำคอหงษ์', 'โนนสูง', 'นครราชสีมา', '30160'),
('ลำชี', 'ฆ้องชัย', 'กาฬสินธุ์', '46130'),
('ลำดวน', 'กระสัง', 'บุรีรัมย์', '31160'),
('ลำตะเคียน', 'ผักไห่', 'พระนครศรีอยุธยา', '13280'),
('ลำตาเสา', 'วังน้อย', 'พระนครศรีอยุธยา', '13170'),
('ลำต้อยติ่ง', 'หนองจอก', 'กรุงเทพมหานคร', '10530'),
('ลำทับ', 'ลำทับ', 'กระบี่', '81190'),
('ลำนางรอง', 'โนนดินแดง', 'บุรีรัมย์', '31260'),
('ลำนางแก้ว', 'ปักธงชัย', 'นครราชสีมา', '30150'),
('ลำนารายณ์', 'ชัยบาดาล', 'ลพบุรี', '15130'),
('ลำประดา', 'บางมูลนาก', 'พิจิตร', '66120'),
('ลำปลาทิว', 'ลาดกระบัง', 'กรุงเทพมหานคร', '10520'),
('ลำปลายมาศ', 'ลำปลายมาศ', 'บุรีรัมย์', '31130'),
('ลำปางหลวง', 'เกาะคา', 'ลำปาง', '52130'),
('ลำปาว', 'เมืองกาฬสินธุ์', 'กาฬสินธุ์', '46000'),
('ลำปำ', 'เมืองพัทลุง', 'พัทลุง', '93000'),
('ลำผักกูด', 'ธัญบุรี', 'ปทุมธานี', '12110'),
('ลำผักชี', 'หนองจอก', 'กรุงเทพมหานคร', '10530'),
('ลำพญา', 'บางเลน', 'นครปฐม', '73130'),
('ลำพญากลาง', 'มวกเหล็ก', 'สระบุรี', '30130'),
('ลำพยนต์', 'ตากฟ้า', 'นครสวรรค์', '60190'),
('ลำพยา', 'เมืองนครปฐม', 'นครปฐม', '73000'),
('ลำพะยา', 'เมืองยะลา', 'ยะลา', '95160');
INSERT INTO `p_district` (`District`, `Amphurs`, `Province`, `Zipcode`) VALUES
('ลำพาน', 'เมืองกาฬสินธุ์', 'กาฬสินธุ์', '46000'),
('ลำพูน', 'บ้านนาสาร', 'สุราษฎร์ธานี', '84120'),
('ลำภี', 'ท้ายเหมือง', 'พังงา', '82120'),
('ลำภู', 'เมืองหนองบัวลำภู', 'หนองบัวลำภู', '39000'),
('ลำภูรา', 'ห้วยยอด', 'ตรัง', '92190'),
('ลำมูล', 'โนนสูง', 'นครราชสีมา', '30160'),
('ลำลูกกา', 'ลำลูกกา', 'ปทุมธานี', '12150'),
('ลำลูกบัว', 'ดอนตูม', 'นครปฐม', '73150'),
('ลำสนธิ', 'ลำสนธิ', 'ลพบุรี', '15190'),
('ลำสมพุง', 'มวกเหล็ก', 'สระบุรี', '30130'),
('ลำสินธุ์', 'ศรีนครินทร์', 'พัทลุง', '93000'),
('ลำหนองแสน', 'หนองกุงศรี', 'กาฬสินธุ์', '46220'),
('ลำห้วยหลัว', 'สมเด็จ', 'กาฬสินธุ์', '46150'),
('ลำเพียก', 'ครบุรี', 'นครราชสีมา', '30250'),
('ลำเลียง', 'กระบุรี', 'ระนอง', '85110'),
('ลำเหย', 'ดอนตูม', 'นครปฐม', '73150'),
('ลำแก่น', 'ท้ายเหมือง', 'พังงา', '82210'),
('ลำโพ', 'บางบัวทอง', 'นนทบุรี', '11110'),
('ลำใหม่', 'เมืองยะลา', 'ยะลา', '95160'),
('ลำไทร', 'ลำลูกกา', 'ปทุมธานี', '12150'),
('ลำไทรโยง', 'นางรอง', 'บุรีรัมย์', '31110'),
('ลำไพล', 'เทพา', 'สงขลา', '90260'),
('ลิดล', 'เมืองยะลา', 'ยะลา', '95160'),
('ลิปะน้อย', 'เกาะสมุย', 'สุราษฎร์ธานี', '84140'),
('ลิปะสะโง', 'หนองจิก', 'ปัตตานี', '94170'),
('ลิพัง', 'ปะเหลียน', 'ตรัง', '92180'),
('ลิ่นถิ่น', 'ทองผาภูมิ', 'กาญจนบุรี', '71180'),
('ลิ้นฟ้า', 'ยางชุมน้อย', 'ศรีสะเกษ', '33190'),
('ลีเล็ด', 'พุนพิน', 'สุราษฎร์ธานี', '84130'),
('ลี้', 'ลี้', 'ลำพูน', '51110'),
('ลือ', 'ปทุมราชวงศา', 'อำนาจเจริญ', '37110'),
('ลุงเขว้า', 'หนองบุญมาก', 'นครราชสีมา', '30410'),
('ลุมปุ๊ก', 'เมืองบุรีรัมย์', 'บุรีรัมย์', '31000'),
('ลุมพลี', 'พระนครศรีอยุธยา', 'พระนครศรีอยุธยา', '13000'),
('ลุมพินี', 'ปทุมวัน', 'กรุงเทพมหานคร', '10330'),
('ลุมพุก', 'คำเขื่อนแก้ว', 'ยโสธร', '35110'),
('ลุโบะบายะ', 'ยี่งอ', 'นราธิวาส', '96180'),
('ลุโบะบือซา', 'ยี่งอ', 'นราธิวาส', '96180'),
('ลุโบะยิไร', 'มายอ', 'ปัตตานี', '94140'),
('ลุโบะสาวอ', 'บาเจาะ', 'นราธิวาส', '96170'),
('ลุ่มระวี', 'จอมพระ', 'สุรินทร์', '32180'),
('ลุ่มลำชี', 'บ้านเขว้า', 'ชัยภูมิ', '36170'),
('ลุ่มสุ่ม', 'ไทรโยค', 'กาญจนบุรี', '71150'),
('ล้อมแรด', 'เถิน', 'ลำปาง', '52160'),
('วงฆ้อง', 'พรหมพิราม', 'พิษณุโลก', '65180'),
('วงศ์สว่าง', 'บางซื่อ', 'กรุงเทพมหานคร', '10800'),
('วชิรพยาบาล', 'ดุสิต', 'กรุงเทพมหานคร', '10300'),
('วรนคร', 'ปัว', 'น่าน', '55120'),
('วอแก้ว', 'ห้างฉัตร', 'ลำปาง', '52190'),
('วะตะแบก', 'เทพสถิต', 'ชัยภูมิ', '36230'),
('วัง', 'ท่าชนะ', 'สุราษฎร์ธานี', '84170'),
('วังกรด', 'บางมูลนาก', 'พิจิตร', '66120'),
('วังกระแจะ', 'เมืองตราด', 'ตราด', '23000'),
('วังกระโจม', 'เมืองนครนายก', 'นครนายก', '26000'),
('วังกวาง', 'น้ำหนาว', 'เพชรบูรณ์', '67260'),
('วังกะทะ', 'ปากช่อง', 'นครราชสีมา', '30130'),
('วังกะพี้', 'เมืองอุตรดิตถ์', 'อุตรดิตถ์', '53170'),
('วังก์พง', 'ปราณบุรี', 'ประจวบคีรีขันธ์', '77120'),
('วังขนาย', 'ท่าม่วง', 'กาญจนบุรี', '71110'),
('วังขอนขว้าง', 'โคกสำโรง', 'ลพบุรี', '15120'),
('วังข่อย', 'ไพศาลี', 'นครสวรรค์', '60220'),
('วังควง', 'พรานกระต่าย', 'กำแพงเพชร', '62110'),
('วังคัน', 'ด่านช้าง', 'สุพรรณบุรี', '72180'),
('วังคีรี', 'ห้วยยอด', 'ตรัง', '92210'),
('วังงิ้ว', 'ดงเจริญ', 'พิจิตร', '66210'),
('วังงิ้วใต้', 'ดงเจริญ', 'พิจิตร', '66210'),
('วังจันทร์', 'วังจันทร์', 'ระยอง', '21210'),
('วังจั่น', 'โคกสำโรง', 'ลพบุรี', '15120'),
('วังจิก', 'โพธิ์ประทับช้าง', 'พิจิตร', '66190'),
('วังจุฬา', 'วังน้อย', 'พระนครศรีอยุธยา', '13170'),
('วังชมภู', 'หนองบัวแดง', 'ชัยภูมิ', '36210'),
('วังชะพลู', 'ขาณุวรลักษบุรี', 'กำแพงเพชร', '62140'),
('วังชะโอน', 'บึงสามัคคี', 'กำแพงเพชร', '62210'),
('วังชัย', 'น้ำพอง', 'ขอนแก่น', '40140'),
('วังชิ้น', 'วังชิ้น', 'แพร่', '54160'),
('วังซ่าน', 'แม่วงก์', 'นครสวรรค์', '60150'),
('วังซ้าย', 'วังเหนือ', 'ลำปาง', '52140'),
('วังดาล', 'กบินทร์บุรี', 'ปราจีนบุรี', '25110'),
('วังดิน', 'เมืองอุตรดิตถ์', 'อุตรดิตถ์', '53000'),
('วังด้ง', 'เมืองกาญจนบุรี', 'กาญจนบุรี', '71190'),
('วังตะกอ', 'หลังสวน', 'ชุมพร', '86110'),
('วังตะกู', 'บางมูลนาก', 'พิจิตร', '66210'),
('วังตะคร้อ', 'บ้านด่านลานหอย', 'สุโขทัย', '64140'),
('วังตะเคียน', 'หนองมะโมง', 'ชัยนาท', '17120'),
('วังตะเฆ่', 'หนองบัวระเหว', 'ชัยภูมิ', '36250'),
('วังตะแบก', 'พรานกระต่าย', 'กำแพงเพชร', '62110'),
('วังตะโก', 'เมืองเพชรบุรี', 'เพชรบุรี', '76000'),
('วังตามัว', 'เมืองนครพนม', 'นครพนม', '48000'),
('วังทรายคำ', 'วังเหนือ', 'ลำปาง', '52140'),
('วังทรายพูน', 'วังทรายพูน', 'พิจิตร', '66180'),
('วังทอง', 'โคกเจริญ', 'ลพบุรี', '15250'),
('วังทองหลาง', 'วังทองหลาง', 'กรุงเทพมหานคร', '10310'),
('วังทองแดง', 'เมืองสุโขทัย', 'สุโขทัย', '64210'),
('วังทับไทร', 'สากเหล็ก', 'พิจิตร', '66160'),
('วังท่าช้าง', 'กบินทร์บุรี', 'ปราจีนบุรี', '25110'),
('วังท่าดี', 'หนองไผ่', 'เพชรบูรณ์', '67140'),
('วังธง', 'เมืองแพร่', 'แพร่', '54000'),
('วังนกแอ่น', 'วังทอง', 'พิษณุโลก', '65130'),
('วังน้อย', 'วังน้อย', 'พระนครศรีอยุธยา', '13170'),
('วังน้ำขาว', 'บ้านด่านลานหอย', 'สุโขทัย', '64140'),
('วังน้ำคู้', 'เมืองพิษณุโลก', 'พิษณุโลก', '65230'),
('วังน้ำซับ', 'ศรีประจันต์', 'สุพรรณบุรี', '72140'),
('วังน้ำลัด', 'ไพศาลี', 'นครสวรรค์', '60220'),
('วังน้ำเขียว', 'วังน้ำเขียว', 'นครราชสีมา', '30370'),
('วังน้ำเย็น', 'แสวงหา', 'อ่างทอง', '14150'),
('วังบัว', 'คลองขลุง', 'กำแพงเพชร', '62120'),
('วังบาล', 'หล่มเก่า', 'เพชรบูรณ์', '67120'),
('วังบูรพาภิรมย์', 'พระนคร', 'กรุงเทพมหานคร', '10200'),
('วังบ่อ', 'หนองบัว', 'นครสวรรค์', '60110'),
('วังประจบ', 'เมืองตาก', 'ตาก', '63000'),
('วังประจัน', 'ควนโดน', 'สตูล', '91160'),
('วังปลาป้อม', 'นาวัง', 'หนองบัวลำภู', '39170'),
('วังผาง', 'เวียงหนองล่อง', 'ลำพูน', '51120'),
('วังพญา', 'รามัน', 'ยะลา', '95140'),
('วังพร้าว', 'เกาะคา', 'ลำปาง', '52130'),
('วังพัฒนา', 'บางซ้าย', 'พระนครศรีอยุธยา', '13270'),
('วังพิกุล', 'วังทอง', 'พิษณุโลก', '65130'),
('วังพิณพาทย์', 'สวรรคโลก', 'สุโขทัย', '64110'),
('วังมหากร', 'ท่าตะโก', 'นครสวรรค์', '60160'),
('วังมะนาว', 'ปากท่อ', 'ราชบุรี', '70140'),
('วังมะปราง', 'วังวิเศษ', 'ตรัง', '92220'),
('วังมะปรางเหนือ', 'วังวิเศษ', 'ตรัง', '92220'),
('วังม่วง', 'วังม่วง', 'สระบุรี', '18220'),
('วังม้า', 'ลาดยาว', 'นครสวรรค์', '60150'),
('วังยาง', 'พรรณานิคม', 'สกลนคร', '47130'),
('วังยายทอง', 'เทพารักษ์', 'นครราชสีมา', '30210'),
('วังยาว', 'ด่านซ้าย', 'เลย', '42120'),
('วังลึก', 'ศรีสำโรง', 'สุโขทัย', '64120'),
('วังวน', 'พรหมพิราม', 'พิษณุโลก', '65150'),
('วังศรีราช', 'เดิมบางนางบวช', 'สุพรรณบุรี', '72120'),
('วังศาล', 'วังโป่ง', 'เพชรบูรณ์', '67240'),
('วังศาลา', 'ท่าม่วง', 'กาญจนบุรี', '71110'),
('วังสมบูรณ์', 'วังสมบูรณ์', 'สระแก้ว', '27250'),
('วังสรรพรส', 'ขลุง', 'จันทบุรี', '22110'),
('วังสวาบ', 'ภูผาม่าน', 'ขอนแก่น', '40350'),
('วังสะพุง', 'วังสะพุง', 'เลย', '42130'),
('วังสามหมอ', 'วังสามหมอ', 'อุดรธานี', '41280'),
('วังสามัคคี', 'โพนทอง', 'ร้อยเอ็ด', '45110'),
('วังสำโรง', 'ตะพานหิน', 'พิจิตร', '66110'),
('วังหงส์', 'เมืองแพร่', 'แพร่', '54000'),
('วังหมัน', 'วัดสิงห์', 'ชัยนาท', '17120'),
('วังหมี', 'วังน้ำเขียว', 'นครราชสีมา', '30370'),
('วังหลวง', 'เฝ้าไร่', 'หนองคาย', '43230'),
('วังหลุม', 'ตะพานหิน', 'พิจิตร', '66150'),
('วังหว้า', 'แกลง', 'ระยอง', '21110'),
('วังหามแห', 'ขาณุวรลักษบุรี', 'กำแพงเพชร', '62140'),
('วังหิน', 'โนนแดง', 'นครราชสีมา', '30360'),
('วังหินลาด', 'ชุมแพ', 'ขอนแก่น', '40130'),
('วังอิทก', 'บางระกำ', 'พิษณุโลก', '65140'),
('วังอ่าง', 'ชะอวด', 'นครศรีธรรมราช', '80180'),
('วังเงิน', 'แม่ทะ', 'ลำปาง', '52150'),
('วังเพลิง', 'โคกสำโรง', 'ลพบุรี', '15120'),
('วังเพิ่ม', 'สีชมพู', 'ขอนแก่น', '40220'),
('วังเมือง', 'ลาดยาว', 'นครสวรรค์', '60150'),
('วังเย็น', 'แปลงยาว', 'ฉะเชิงเทรา', '24190'),
('วังเหนือ', 'บ้านด่าน', 'บุรีรัมย์', '31000'),
('วังแก้ว', 'วังเหนือ', 'ลำปาง', '52140'),
('วังแขม', 'คลองขลุง', 'กำแพงเพชร', '62120'),
('วังแซ้ม', 'มะขาม', 'จันทบุรี', '22150'),
('วังแดง', 'ท่าเรือ', 'พระนครศรีอยุธยา', '13130'),
('วังแสง', 'ชนบท', 'ขอนแก่น', '40180'),
('วังโตนด', 'นายายอาม', 'จันทบุรี', '22170'),
('วังโบสถ์', 'หนองไผ่', 'เพชรบูรณ์', '67140'),
('วังโป่ง', 'วังโป่ง', 'เพชรบูรณ์', '67240'),
('วังโพธิ์', 'บ้านเหลื่อม', 'นครราชสีมา', '30350'),
('วังโพรง', 'เนินมะปราง', 'พิษณุโลก', '65190'),
('วังโมกข์', 'วชิรบารมี', 'พิจิตร', '66140'),
('วังโรงใหญ่', 'สีคิ้ว', 'นครราชสีมา', '30140'),
('วังใต้', 'วังเหนือ', 'ลำปาง', '52140'),
('วังใหญ่', 'ท่าตะโก', 'นครสวรรค์', '60160'),
('วังใหม่', 'ปทุมวัน', 'กรุงเทพมหานคร', '10330'),
('วังไก่เถื่อน', 'หันคา', 'ชัยนาท', '17130'),
('วังไคร้', 'ท่ายาง', 'เพชรบุรี', '76130'),
('วังไชย', 'บรบือ', 'มหาสารคาม', '44130'),
('วังไทร', 'ปากช่อง', 'นครราชสีมา', '30130'),
('วังไผ่', 'ห้วยกระเจา', 'กาญจนบุรี', '71170'),
('วังไม้ขอน', 'สวรรคโลก', 'สุโขทัย', '64110'),
('วังไม้แดง', 'ประทาย', 'นครราชสีมา', '30180'),
('วัฒนา', 'ส่องดาว', 'สกลนคร', '47190'),
('วัฒนานคร', 'วัฒนานคร', 'สระแก้ว', '27160'),
('วัด', 'ยะรัง', 'ปัตตานี', '94160'),
('วัดกัลยาณ์', 'ธนบุรี', 'กรุงเทพมหานคร', '10600'),
('วัดขนุน', 'สิงหนคร', 'สงขลา', '90330'),
('วัดขวาง', 'โพทะเล', 'พิจิตร', '66130'),
('วัดจันทร์', 'เมืองพิษณุโลก', 'พิษณุโลก', '65000'),
('วัดชลอ', 'บางกรวย', 'นนทบุรี', '11130'),
('วัดดาว', 'บางปลาม้า', 'สุพรรณบุรี', '72150'),
('วัดตะกู', 'บางบาล', 'พระนครศรีอยุธยา', '13250'),
('วัดตายม', 'บางกระทุ่ม', 'พิษณุโลก', '65210'),
('วัดตูม', 'พระนครศรีอยุธยา', 'พระนครศรีอยุธยา', '13000'),
('วัดท่าพระ', 'บางกอกใหญ่', 'กรุงเทพมหานคร', '10600'),
('วัดธาตุ', 'เมืองหนองคาย', 'หนองคาย', '43000'),
('วัดประดู่', 'อัมพวา', 'สมุทรสงคราม', '75110'),
('วัดป่า', 'หล่มสัก', 'เพชรบูรณ์', '67110'),
('วัดพระยาไกร', 'บางคอแหลม', 'กรุงเทพมหานคร', '10120'),
('วัดพริก', 'เมืองพิษณุโลก', 'พิษณุโลก', '65230'),
('วัดยม', 'บางปะอิน', 'พระนครศรีอยุธยา', '13160'),
('วัดยางงาม', 'ปากท่อ', 'ราชบุรี', '70140'),
('วัดราชบพิธ', 'พระนคร', 'กรุงเทพมหานคร', '10200'),
('วัดละมุด', 'นครชัยศรี', 'นครปฐม', '73120'),
('วัดสน', 'ระโนด', 'สงขลา', '90140'),
('วัดสามพระยา', 'พระนคร', 'กรุงเทพมหานคร', '10200'),
('วัดสำโรง', 'นครชัยศรี', 'นครปฐม', '73120'),
('วัดสิงห์', 'วัดสิงห์', 'ชัยนาท', '17120'),
('วัดสุวรรณ', 'บ่อทอง', 'ชลบุรี', '20270'),
('วัดหลวง', 'พนัสนิคม', 'ชลบุรี', '20140'),
('วัดอรุณ', 'บางกอกใหญ่', 'กรุงเทพมหานคร', '10600'),
('วัดเกต', 'เมืองเชียงใหม่', 'เชียงใหม่', '50000'),
('วัดเกาะ', 'ศรีสำโรง', 'สุโขทัย', '64120'),
('วัดเทพศิรินทร์', 'ป้อมปราบศัตรูพ่าย', 'กรุงเทพมหานคร', '10100'),
('วัดเพลง', 'วัดเพลง', 'ราชบุรี', '70170'),
('วัดแก้ว', 'บางแพ', 'ราชบุรี', '70160'),
('วัดแค', 'นครชัยศรี', 'นครปฐม', '73120'),
('วัดโคก', 'มโนรมย์', 'ชัยนาท', '17110'),
('วัดโบสถ์', 'พนัสนิคม', 'ชลบุรี', '20140'),
('วัดโสมนัส', 'ป้อมปราบศัตรูพ่าย', 'กรุงเทพมหานคร', '10100'),
('วัดใหม่', 'เมืองจันทบุรี', 'จันทบุรี', '22000'),
('วัดไทร', 'เมืองนครสวรรค์', 'นครสวรรค์', '60000'),
('วันดาว', 'ปากท่อ', 'ราชบุรี', '70140'),
('วันยาว', 'ขลุง', 'จันทบุรี', '22110'),
('วานรนิวาส', 'วานรนิวาส', 'สกลนคร', '47120'),
('วาริชภูมิ', 'วาริชภูมิ', 'สกลนคร', '47150'),
('วาริน', 'ศรีเมืองใหม่', 'อุบลราชธานี', '34250'),
('วารินชำราบ', 'วารินชำราบ', 'อุบลราชธานี', '34190'),
('วารีสวัสดิ์', 'พนมไพร', 'ร้อยเอ็ด', '45140'),
('วาวี', 'แม่สรวย', 'เชียงราย', '57180'),
('วาเล่ย์', 'พบพระ', 'ตาก', '63160'),
('วาใหญ่', 'อากาศอำนวย', 'สกลนคร', '47170'),
('วิชิต', 'เมืองภูเก็ต', 'ภูเก็ต', '83000'),
('วิศิษฐ์', 'เมืองบึงกาฬ', 'บึงกาฬ', '38000'),
('วิสัยเหนือ', 'เมืองชุมพร', 'ชุมพร', '86100'),
('วิสัยใต้', 'สวี', 'ชุมพร', '86130'),
('วิหารขาว', 'ท่าช้าง', 'สิงห์บุรี', '16140'),
('วิหารแดง', 'วิหารแดง', 'สระบุรี', '18150'),
('วิเชตนคร', 'แจ้ห่ม', 'ลำปาง', '52120'),
('ศรีกะอาง', 'บ้านนา', 'นครนายก', '26110'),
('ศรีคีรีมาศ', 'คีรีมาศ', 'สุโขทัย', '64160'),
('ศรีค้ำ', 'แม่จัน', 'เชียงราย', '57110'),
('ศรีจุฬา', 'เมืองนครนายก', 'นครนายก', '26000'),
('ศรีชมภู', 'โซ่พิสัย', 'บึงกาฬ', '38170'),
('ศรีฐาน', 'ป่าติ้ว', 'ยโสธร', '35150'),
('ศรีณรงค์', 'ชุมพลบุรี', 'สุรินทร์', '32190'),
('ศรีดงเย็น', 'ไชยปราการ', 'เชียงใหม่', '50320'),
('ศรีดอนชัย', 'เชียงของ', 'เชียงราย', '57140'),
('ศรีดอนมูล', 'เชียงแสน', 'เชียงราย', '57150'),
('ศรีดอนไชย', 'เทิง', 'เชียงราย', '57230'),
('ศรีตระกูล', 'ขุขันธ์', 'ศรีสะเกษ', '33140'),
('ศรีถ้อย', 'แม่ใจ', 'พะเยา', '56130'),
('ศรีธาตุ', 'ศรีธาตุ', 'อุดรธานี', '41230'),
('ศรีนคร', 'ศรีนคร', 'สุโขทัย', '64180'),
('ศรีนาวา', 'เมืองนครนายก', 'นครนายก', '26000'),
('ศรีบรรพต', 'ศรีสาคร', 'นราธิวาส', '96210'),
('ศรีบัวบาน', 'เมืองลำพูน', 'ลำพูน', '51000'),
('ศรีบุญเรือง', 'ศรีบุญเรือง', 'หนองบัวลำภู', '39180'),
('ศรีประจันต์', 'ศรีประจันต์', 'สุพรรณบุรี', '72140'),
('ศรีพนมมาศ', 'ลับแล', 'อุตรดิตถ์', '53130'),
('ศรีพราน', 'แสวงหา', 'อ่างทอง', '14150'),
('ศรีภิรมย์', 'พรหมพิราม', 'พิษณุโลก', '65180'),
('ศรีภูมิ', 'กระสัง', 'บุรีรัมย์', '31160'),
('ศรีมงคล', 'บึงสามพัน', 'เพชรบูรณ์', '67160'),
('ศรีมหาโพธิ', 'ศรีมหาโพธิ', 'ปราจีนบุรี', '25140'),
('ศรีมหาโพธิ์', 'นครชัยศรี', 'นครปฐม', '73120'),
('ศรีราชา', 'ศรีราชา', 'ชลบุรี', '20110'),
('ศรีละกอ', 'จักราช', 'นครราชสีมา', '30230'),
('ศรีวิชัย', 'วานรนิวาส', 'สกลนคร', '47120'),
('ศรีวิลัย', 'เสลภูมิ', 'ร้อยเอ็ด', '45120'),
('ศรีวิไล', 'ศรีวิไล', 'บึงกาฬ', '38210'),
('ศรีษะทอง', 'นครชัยศรี', 'นครปฐม', '73120'),
('ศรีษะเกษ', 'นาน้อย', 'น่าน', '55150'),
('ศรีสงคราม', 'วังสะพุง', 'เลย', '42130'),
('ศรีสมเด็จ', 'ศรีสมเด็จ', 'ร้อยเอ็ด', '45000'),
('ศรีสว่าง', 'นาโพธิ์', 'บุรีรัมย์', '31230'),
('ศรีสองรัก', 'เมืองเลย', 'เลย', '42100'),
('ศรีสะอาด', 'ขุขันธ์', 'ศรีสะเกษ', '33140'),
('ศรีสัชนาลัย', 'ศรีสัชนาลัย', 'สุโขทัย', '64190'),
('ศรีสาคร', 'ศรีสาคร', 'นราธิวาส', '96210'),
('ศรีสำราญ', 'วังหิน', 'ศรีสะเกษ', '33270'),
('ศรีสุข', 'ศรีณรงค์', 'สุรินทร์', '32150'),
('ศรีสุขสำราญ', 'อุบลรัตน์', 'ขอนแก่น', '40250'),
('ศรีสุทโธ', 'บ้านดุง', 'อุดรธานี', '41190'),
('ศรีสุนทร', 'ถลาง', 'ภูเก็ต', '83110'),
('ศรีสุราษฎร์', 'ดำเนินสะดวก', 'ราชบุรี', '70130'),
('ศรีเตี้ย', 'บ้านโฮ่ง', 'ลำพูน', '51130'),
('ศรีเทพ', 'ศรีเทพ', 'เพชรบูรณ์', '67170'),
('ศรีเมืองชุม', 'แม่สาย', 'เชียงราย', '57130'),
('ศรีแก้ว', 'ศรีรัตนะ', 'ศรีสะเกษ', '33240'),
('ศรีโคตร', 'จตุรพักตรพิมาน', 'ร้อยเอ็ด', '45180'),
('ศรีโนนงาม', 'ศรีรัตนะ', 'ศรีสะเกษ', '33240'),
('ศรีโพธิ์เงิน', 'ป่าแดด', 'เชียงราย', '57190'),
('ศาลา', 'เกาะคา', 'ลำปาง', '52130'),
('ศาลากลาง', 'บางกรวย', 'นนทบุรี', '11130'),
('ศาลาขาว', 'เมืองสุพรรณบุรี', 'สุพรรณบุรี', '72210'),
('ศาลาครุ', 'หนองเสือ', 'ปทุมธานี', '12170'),
('ศาลาด่าน', 'เกาะลันตา', 'กระบี่', '81150'),
('ศาลาธรรมสพน์', 'ทวีวัฒนา', 'กรุงเทพมหานคร', '10170'),
('ศาลายา', 'พุทธมณฑล', 'นครปฐม', '73170'),
('ศาลารีไทย', 'เสาไห้', 'สระบุรี', '18160'),
('ศาลาลอย', 'ท่าเรือ', 'พระนครศรีอยุธยา', '13130'),
('ศาลาลัย', 'สามร้อยยอด', 'ประจวบคีรีขันธ์', '77180'),
('ศาลาลาย', 'ชนแดน', 'เพชรบูรณ์', '67150'),
('ศาลาลำดวน', 'เมืองสระแก้ว', 'สระแก้ว', '27000'),
('ศาลาแดง', 'เมืองอ่างทอง', 'อ่างทอง', '14000'),
('ศาลาใหม่', 'ตากใบ', 'นราธิวาส', '96110'),
('ศาลเจ้าพ่อเสือ', 'พระนคร', 'กรุงเทพมหานคร', '10200'),
('ศาลเจ้าโรงทอง', 'วิเศษชัยชาญ', 'อ่างทอง', '14110'),
('ศาลเจ้าไก่ต่อ', 'ลาดยาว', 'นครสวรรค์', '60150'),
('ศิริราช', 'บางกอกน้อย', 'กรุงเทพมหานคร', '10700'),
('ศิลา', 'เมืองขอนแก่น', 'ขอนแก่น', '40000'),
('ศิลาดาน', 'มโนรมย์', 'ชัยนาท', '17110'),
('ศิลาทิพย์', 'ชัยบาดาล', 'ลพบุรี', '15130'),
('ศิลาลอย', 'สามร้อยยอด', 'ประจวบคีรีขันธ์', '77180'),
('ศิลาเพชร', 'ปัว', 'น่าน', '55120'),
('ศิลาแลง', 'ปัว', 'น่าน', '55120'),
('ศีรษะกระบือ', 'องครักษ์', 'นครนายก', '26120'),
('ศีรษะจรเข้น้อย', 'บางเสาธง', 'สมุทรปราการ', '10570'),
('ศีรษะจรเข้ใหญ่', 'บางเสาธง', 'สมุทรปราการ', '10570'),
('สกาด', 'ปัว', 'น่าน', '55120'),
('สงยาง', 'ศรีเมืองใหม่', 'อุบลราชธานี', '34250'),
('สงเปลือย', 'เขาวง', 'กาฬสินธุ์', '46160'),
('สงเปือย', 'คำเขื่อนแก้ว', 'ยโสธร', '35110'),
('สง่าบ้าน', 'ดอยสะเก็ด', 'เชียงใหม่', '50220'),
('สตึก', 'สตึก', 'บุรีรัมย์', '31150'),
('สถาน', 'ปัว', 'น่าน', '55120'),
('สทิงหม้อ', 'สิงหนคร', 'สงขลา', '90280'),
('สนม', 'สนม', 'สุรินทร์', '32160'),
('สนวน', 'ห้วยราช', 'บุรีรัมย์', '31000'),
('สนับทึบ', 'วังน้อย', 'พระนครศรีอยุธยา', '13170'),
('สนามคลี', 'บางกระทุ่ม', 'พิษณุโลก', '65110'),
('สนามจันทร์', 'บ้านโพธิ์', 'ฉะเชิงเทรา', '24140'),
('สนามชัย', 'บางไทร', 'พระนครศรีอยุธยา', '13190'),
('สนามบิน', 'ดอนเมือง', 'กรุงเทพมหานคร', '10210'),
('สนามแจง', 'บ้านหมี่', 'ลพบุรี', '15110'),
('สนามแย้', 'ท่ามะกา', 'กาญจนบุรี', '70190'),
('สนามไชย', 'นายายอาม', 'จันทบุรี', '22170'),
('สบตุ๋ย', 'เมืองลำปาง', 'ลำปาง', '52100'),
('สบบง', 'ภูซาง', 'พะเยา', '56110'),
('สบปราบ', 'สบปราบ', 'ลำปาง', '52170'),
('สบป่อง', 'ปางมะผ้า', 'แม่ฮ่องสอน', '58150'),
('สบป้าด', 'แม่เมาะ', 'ลำปาง', '52220'),
('สบสาย', 'สูงเม่น', 'แพร่', '54130'),
('สบเตี๊ยะ', 'จอมทอง', 'เชียงใหม่', '50160'),
('สบเปิง', 'แม่แตง', 'เชียงใหม่', '50150'),
('สบเมย', 'สบเมย', 'แม่ฮ่องสอน', '58110'),
('สบแม่ข่า', 'หางดง', 'เชียงใหม่', '50230'),
('สบโขง', 'อมก๋อย', 'เชียงใหม่', '50310'),
('สมสนุก', 'ปากคาด', 'บึงกาฬ', '38190'),
('สมสะอาด', 'เดชอุดม', 'อุบลราชธานี', '34160'),
('สมหวัง', 'กงหรา', 'พัทลุง', '93000'),
('สมอ', 'ปรางค์กู่', 'ศรีสะเกษ', '33170'),
('สมอทอง', 'ท่าชนะ', 'สุราษฎร์ธานี', '84170'),
('สมอพลือ', 'บ้านลาด', 'เพชรบุรี', '76150'),
('สมอแข', 'เมืองพิษณุโลก', 'พิษณุโลก', '65000'),
('สมอโคน', 'บ้านตาก', 'ตาก', '63120'),
('สมัย', 'สบปราบ', 'ลำปาง', '52170'),
('สมุด', 'ปราสาท', 'สุรินทร์', '32140'),
('สมเด็จ', 'สมเด็จ', 'กาฬสินธุ์', '46150'),
('สมเด็จเจริญ', 'หนองปรือ', 'กาญจนบุรี', '71220'),
('สมเด็จเจ้าพระยา', 'คลองสาน', 'กรุงเทพมหานคร', '10600'),
('สรรพยา', 'สรรพยา', 'ชัยนาท', '17150'),
('สรอย', 'วังชิ้น', 'แพร่', '54160'),
('สระ', 'เชียงม่วน', 'พะเยา', '56160'),
('สระกรวด', 'ศรีเทพ', 'เพชรบูรณ์', '67170'),
('สระกระโจม', 'ดอนเจดีย์', 'สุพรรณบุรี', '72250'),
('สระกะเทียม', 'เมืองนครปฐม', 'นครปฐม', '73000'),
('สระกำแพงใหญ่', 'อุทุมพรพิสัย', 'ศรีสะเกษ', '33120'),
('สระขวัญ', 'เมืองสระแก้ว', 'สระแก้ว', '27000'),
('สระขุด', 'ชุมพลบุรี', 'สุรินทร์', '32190'),
('สระคู', 'สุวรรณภูมิ', 'ร้อยเอ็ด', '45130'),
('สระจรเข้', 'ด่านขุนทด', 'นครราชสีมา', '30210'),
('สระตะเคียน', 'เสิงสาง', 'นครราชสีมา', '30330'),
('สระทอง', 'หนองหงส์', 'บุรีรัมย์', '31240'),
('สระทะเล', 'พยุหะคีรี', 'นครสวรรค์', '60130'),
('สระนกแก้ว', 'โพนทอง', 'ร้อยเอ็ด', '45110'),
('สระบัว', 'แคนดง', 'บุรีรัมย์', '31150'),
('สระประดู่', 'วิเชียรบุรี', 'เพชรบูรณ์', '67130'),
('สระพระ', 'พระทองคำ', 'นครราชสีมา', '30220'),
('สระพัง', 'บ้านแท่น', 'ชัยภูมิ', '36190'),
('สระพังทอง', 'เขาวง', 'กาฬสินธุ์', '46160'),
('สระพังลาน', 'อู่ทอง', 'สุพรรณบุรี', '72220'),
('สระพัฒนา', 'กำแพงแสน', 'นครปฐม', '73180'),
('สระยายโสม', 'อู่ทอง', 'สุพรรณบุรี', '72220'),
('สระลงเรือ', 'ห้วยกระเจา', 'กาญจนบุรี', '71170'),
('สระว่านพระยา', 'ครบุรี', 'นครราชสีมา', '30250'),
('สระสมิง', 'วารินชำราบ', 'อุบลราชธานี', '34190'),
('สระสี่มุม', 'กำแพงแสน', 'นครปฐม', '73180'),
('สระสี่เหลี่ยม', 'พนัสนิคม', 'ชลบุรี', '20140'),
('สระเยาว์', 'ศรีรัตนะ', 'ศรีสะเกษ', '33240'),
('สระแก้ว', 'เมืองสระแก้ว', 'สระแก้ว', '27000'),
('สระแจง', 'บางระจัน', 'สิงห์บุรี', '16130'),
('สระโบสถ์', 'สระโบสถ์', 'ลพบุรี', '15240'),
('สระโพนทอง', 'เกษตรสมบูรณ์', 'ชัยภูมิ', '36120'),
('สระใคร', 'สระใคร', 'หนองคาย', '43100'),
('สร่างโศก', 'บ้านหมอ', 'สระบุรี', '18130'),
('สร้อยทอง', 'ตาคลี', 'นครสวรรค์', '60210'),
('สร้อยพร้าว', 'หนองหาน', 'อุดรธานี', '41130'),
('สร้อยฟ้า', 'โพธาราม', 'ราชบุรี', '70120'),
('สร้อยละคร', 'ลาดยาว', 'นครสวรรค์', '60150'),
('สร้างก่อ', 'กุดจับ', 'อุดรธานี', '41250'),
('สร้างคอม', 'สร้างคอม', 'อุดรธานี', '41260'),
('สร้างค้อ', 'ภูพาน', 'สกลนคร', '47180'),
('สร้างถ่อ', 'เขื่องใน', 'อุบลราชธานี', '34150'),
('สร้างถ่อน้อย', 'หัวตะพาน', 'อำนาจเจริญ', '37240'),
('สร้างนกทา', 'เมืองอำนาจเจริญ', 'อำนาจเจริญ', '37000'),
('สร้างนางขาว', 'โพนพิสัย', 'หนองคาย', '43120'),
('สร้างปี่', 'ราษีไศล', 'ศรีสะเกษ', '33160'),
('สร้างมิ่ง', 'เลิงนกทา', 'ยโสธร', '35120'),
('สร้างแซ่ง', 'ยางสีสุราช', 'มหาสารคาม', '44210'),
('สร้างแป้น', 'เพ็ญ', 'อุดรธานี', '41150'),
('สลกบาตร', 'ขาณุวรลักษบุรี', 'กำแพงเพชร', '62140'),
('สลักได', 'เมืองสุรินทร์', 'สุรินทร์', '32000'),
('สลุย', 'ท่าแซะ', 'ชุมพร', '86140'),
('สวด', 'บ้านหลวง', 'น่าน', '55190'),
('สวนกล้วย', 'กันทรลักษ์', 'ศรีสะเกษ', '33110'),
('สวนขัน', 'ช้างกลาง', 'นครศรีธรรมราช', '80250'),
('สวนจิก', 'ศรีสมเด็จ', 'ร้อยเอ็ด', '45280'),
('สวนจิตรลดา', 'ดุสิต', 'กรุงเทพมหานคร', '10300'),
('สวนดอก', 'เมืองลำปาง', 'ลำปาง', '52100'),
('สวนดอกไม้', 'เสาไห้', 'สระบุรี', '18160'),
('สวนป่าน', 'เมืองนครปฐม', 'นครปฐม', '73000'),
('สวนผึ้ง', 'สวนผึ้ง', 'ราชบุรี', '70180'),
('สวนพริก', 'พระนครศรีอยุธยา', 'พระนครศรีอยุธยา', '13000'),
('สวนพริกไทย', 'เมืองปทุมธานี', 'ปทุมธานี', '12000'),
('สวนส้ม', 'บ้านแพ้ว', 'สมุทรสาคร', '74120'),
('สวนหม่อน', 'มัญจาคีรี', 'ขอนแก่น', '40160'),
('สวนหลวง', 'สวนหลวง', 'กรุงเทพมหานคร', '10250'),
('สวนเขื่อน', 'เมืองแพร่', 'แพร่', '54000'),
('สวนเมี่ยง', 'ชาติตระการ', 'พิษณุโลก', '65170'),
('สวนแตง', 'เมืองสุพรรณบุรี', 'สุพรรณบุรี', '72210'),
('สวนใหญ่', 'เมืองนนทบุรี', 'นนทบุรี', '11000'),
('สวาท', 'เลิงนกทา', 'ยโสธร', '35120'),
('สวาย', 'เมืองสุรินทร์', 'สุรินทร์', '32000'),
('สวายจีก', 'เมืองบุรีรัมย์', 'บุรีรัมย์', '31000'),
('สวี', 'สวี', 'ชุมพร', '86130'),
('สว่าง', 'สว่างวีระวงศ์', 'อุบลราชธานี', '34190'),
('สว่างอารมณ์', 'ดอกคำใต้', 'พะเยา', '56120'),
('สว่างแดนดิน', 'สว่างแดนดิน', 'สกลนคร', '47110'),
('สหกรณ์นิคม', 'ทองผาภูมิ', 'กาญจนบุรี', '71180'),
('สหธาตุ', 'เขื่องใน', 'อุบลราชธานี', '34150'),
('สหัสขันธ์', 'สหัสขันธ์', 'กาฬสินธุ์', '46140'),
('สองคลอง', 'บางปะกง', 'ฉะเชิงเทรา', '24130'),
('สองคอน', 'แก่งคอย', 'สระบุรี', '18110'),
('สองชั้น', 'กระสัง', 'บุรีรัมย์', '31160'),
('สองพี่น้อง', 'ท่าใหม่', 'จันทบุรี', '22120'),
('สองสลึง', 'แกลง', 'ระยอง', '21110'),
('สองห้อง', 'บ้านแพรก', 'พระนครศรีอยุธยา', '13240'),
('สองแคว', 'ดอยหล่อ', 'เชียงใหม่', '50160'),
('สองแพรก', 'เมืองพังงา', 'พังงา', '82000'),
('สะกอม', 'จะนะ', 'สงขลา', '90130'),
('สะกาด', 'สังขะ', 'สุรินทร์', '32150'),
('สะกำ', 'มายอ', 'ปัตตานี', '94140'),
('สะดาวา', 'ยะรัง', 'ปัตตานี', '94160'),
('สะตอ', 'เขาสมิง', 'ตราด', '23150'),
('สะตอน', 'สอยดาว', 'จันทบุรี', '22180'),
('สะท้อน', 'นาทวี', 'สงขลา', '90160'),
('สะนอ', 'ยะรัง', 'ปัตตานี', '94160'),
('สะบารัง', 'เมืองปัตตานี', 'ปัตตานี', '94000'),
('สะบ้าย้อย', 'สะบ้าย้อย', 'สงขลา', '90210'),
('สะพลี', 'ปะทิว', 'ชุมพร', '86230'),
('สะพานสอง', 'วังทองหลาง', 'กรุงเทพมหานคร', '10310'),
('สะพานสูง', 'สะพานสูง', 'กรุงเทพมหานคร', '10240'),
('สะพานหิน', 'หนองมะโมง', 'ชัยนาท', '17120'),
('สะพานไกร', 'บ้านลาด', 'เพชรบุรี', '76150'),
('สะพานไทย', 'บางบาล', 'พระนครศรีอยุธยา', '13250'),
('สะพานไม้แก่น', 'จะนะ', 'สงขลา', '90130'),
('สะพือ', 'ตระการพืชผล', 'อุบลราชธานี', '34130'),
('สะพุง', 'ศรีรัตนะ', 'ศรีสะเกษ', '33240'),
('สะลวง', 'แม่ริม', 'เชียงใหม่', '50330'),
('สะอาด', 'น้ำพอง', 'ขอนแก่น', '40310'),
('สะอาดสมบูรณ์', 'เมืองร้อยเอ็ด', 'ร้อยเอ็ด', '45000'),
('สะอาดไชยศรี', 'ดอนจาน', 'กาฬสินธุ์', '46000'),
('สะเดา', 'นางรอง', 'บุรีรัมย์', '31110'),
('สะเดาะพง', 'เขาค้อ', 'เพชรบูรณ์', '67270'),
('สะเดาใหญ่', 'ขุขันธ์', 'ศรีสะเกษ', '33140'),
('สะเดียง', 'เมืองเพชรบูรณ์', 'เพชรบูรณ์', '67000'),
('สะเตง', 'เมืองยะลา', 'ยะลา', '95000'),
('สะเตงนอก', 'เมืองยะลา', 'ยะลา', '95000'),
('สะเนียน', 'เมืองน่าน', 'น่าน', '55000'),
('สะเมิงเหนือ', 'สะเมิง', 'เชียงใหม่', '50250'),
('สะเมิงใต้', 'สะเมิง', 'เชียงใหม่', '50250'),
('สะเอะ', 'กรงปินัง', 'ยะลา', '95000'),
('สะเอียบ', 'สอง', 'แพร่', '54120'),
('สะแก', 'สตึก', 'บุรีรัมย์', '31150'),
('สะแกกรัง', 'เมืองอุทัยธานี', 'อุทัยธานี', '61000'),
('สะแกซำ', 'เมืองบุรีรัมย์', 'บุรีรัมย์', '31000'),
('สะแกราช', 'ปักธงชัย', 'นครราชสีมา', '30150'),
('สะแกราบ', 'โคกสำโรง', 'ลพบุรี', '15120'),
('สะแกโพรง', 'เมืองบุรีรัมย์', 'บุรีรัมย์', '31000'),
('สะแบง', 'หนองหาน', 'อุดรธานี', '41130'),
('สะโน', 'สำโรงทาบ', 'สุรินทร์', '32170'),
('สักงาม', 'คลองลาน', 'กำแพงเพชร', '62180'),
('สักหลง', 'หล่มสัก', 'เพชรบูรณ์', '67110'),
('สังขะ', 'สังขะ', 'สุรินทร์', '32150'),
('สังคม', 'สังคม', 'หนองคาย', '43160'),
('สังเม็ก', 'กันทรลักษ์', 'ศรีสะเกษ', '33110'),
('สัตหีบ', 'สัตหีบ', 'ชลบุรี', '20180'),
('สันกลาง', 'สันป่าตอง', 'เชียงใหม่', '50120'),
('สันกำแพง', 'สันกำแพง', 'เชียงใหม่', '50130'),
('สันดอนแก้ว', 'แม่ทะ', 'ลำปาง', '52150'),
('สันติคีรี', 'แม่ลาน้อย', 'แม่ฮ่องสอน', '58120'),
('สันติสุข', 'ดอยหล่อ', 'เชียงใหม่', '50160'),
('สันต้นหมื้อ', 'แม่อาย', 'เชียงใหม่', '50280'),
('สันทราย', 'ฝาง', 'เชียงใหม่', '50110'),
('สันทรายงาม', 'เทิง', 'เชียงราย', '57160'),
('สันทรายน้อย', 'สันทราย', 'เชียงใหม่', '50210'),
('สันทรายหลวง', 'สันทราย', 'เชียงใหม่', '50210'),
('สันทะ', 'นาน้อย', 'น่าน', '55150'),
('สันนาเม็ง', 'สันทราย', 'เชียงใหม่', '50210'),
('สันปูเลย', 'ดอยสะเก็ด', 'เชียงใหม่', '50220'),
('สันป่าตอง', 'นาเชือก', 'มหาสารคาม', '44170'),
('สันป่าม่วง', 'เมืองพะเยา', 'พะเยา', '56000'),
('สันป่ายาง', 'แม่แตง', 'เชียงใหม่', '50330'),
('สันป่าเปา', 'สันทราย', 'เชียงใหม่', '50210'),
('สันผักหวาน', 'หางดง', 'เชียงใหม่', '50230'),
('สันผีเสื้อ', 'เมืองเชียงใหม่', 'เชียงใหม่', '50300'),
('สันพระเนตร', 'สันทราย', 'เชียงใหม่', '50210'),
('สันมหาพน', 'แม่แตง', 'เชียงใหม่', '50150'),
('สันมะค่า', 'ป่าแดด', 'เชียงราย', '57190'),
('สันมะเค็ด', 'พาน', 'เชียงราย', '57120'),
('สันสลี', 'เวียงป่าเป้า', 'เชียงราย', '57170'),
('สันโค้ง', 'ดอกคำใต้', 'พะเยา', '56120'),
('สันโป่ง', 'แม่ริม', 'เชียงใหม่', '50180'),
('สัมปทวน', 'นครชัยศรี', 'นครปฐม', '73120'),
('สัมพันธวงศ์', 'สัมพันธวงศ์', 'กรุงเทพมหานคร', '10100'),
('สัมพันธ์', 'ศรีมหาโพธิ', 'ปราจีนบุรี', '25140'),
('สัมฤทธิ์', 'พิมาย', 'นครราชสีมา', '30110'),
('สากอ', 'สุไหงปาดี', 'นราธิวาส', '96140'),
('สากเหล็ก', 'สากเหล็ก', 'พิจิตร', '66160'),
('สาคร', 'ท่าแพ', 'สตูล', '91150'),
('สาคอบน', 'มายอ', 'ปัตตานี', '94140'),
('สาคอใต้', 'มายอ', 'ปัตตานี', '94140'),
('สาคู', 'ถลาง', 'ภูเก็ต', '83110'),
('สานตม', 'ภูเรือ', 'เลย', '42160'),
('สาบัน', 'ยะหริ่ง', 'ปัตตานี', '94150'),
('สามกระทาย', 'กุยบุรี', 'ประจวบคีรีขันธ์', '77150'),
('สามกอ', 'เสนา', 'พระนครศรีอยุธยา', '13110'),
('สามขา', 'โพนทราย', 'ร้อยเอ็ด', '45240'),
('สามควายเผือก', 'เมืองนครปฐม', 'นครปฐม', '73000'),
('สามง่าม', 'โพธิ์ทอง', 'อ่างทอง', '14120'),
('สามง่ามท่าโบสถ์', 'หันคา', 'ชัยนาท', '17160'),
('สามชุก', 'สามชุก', 'สุพรรณบุรี', '72130'),
('สามตำบล', 'จุฬาภรณ์', 'นครศรีธรรมราช', '80130'),
('สามตุ่ม', 'เสนา', 'พระนครศรีอยุธยา', '13110'),
('สามบัณฑิต', 'อุทัย', 'พระนครศรีอยุธยา', '13210'),
('สามผง', 'ศรีสงคราม', 'นครพนม', '48150'),
('สามพระยา', 'ชะอำ', 'เพชรบุรี', '76120'),
('สามพราน', 'สามพราน', 'นครปฐม', '73110'),
('สามพร้าว', 'เมืองอุดรธานี', 'อุดรธานี', '41000'),
('สามพวง', 'คีรีมาศ', 'สุโขทัย', '64160'),
('สามพี่น้อง', 'แก่งหางแมว', 'จันทบุรี', '22160'),
('สามร้อยยอด', 'สามร้อยยอด', 'ประจวบคีรีขันธ์', '77120'),
('สามวาตะวันตก', 'คลองสามวา', 'กรุงเทพมหานคร', '10510'),
('สามวาตะวันออก', 'คลองสามวา', 'กรุงเทพมหานคร', '10510'),
('สามสวน', 'บ้านแท่น', 'ชัยภูมิ', '36190'),
('สามหมื่น', 'แม่ระมาด', 'ตาก', '63140'),
('สามัคคี', 'เลิงนกทา', 'ยโสธร', '35120'),
('สามัคคีพัฒนา', 'อากาศอำนวย', 'สกลนคร', '47170'),
('สามเงา', 'สามเงา', 'ตาก', '63130'),
('สามเมือง', 'ลาดบัวหลวง', 'พระนครศรีอยุธยา', '13230'),
('สามเรือน', 'บางปะอิน', 'พระนครศรีอยุธยา', '13160'),
('สามเสนนอก', 'ห้วยขวาง', 'กรุงเทพมหานคร', '10310'),
('สามเสนใน', 'พญาไท', 'กรุงเทพมหานคร', '10400'),
('สามแยก', 'เลิงนกทา', 'ยโสธร', '35120'),
('สามแวง', 'ห้วยราช', 'บุรีรัมย์', '31000'),
('สามโก้', 'สามโก้', 'อ่างทอง', '14160'),
('สามโคก', 'สามโคก', 'ปทุมธานี', '12160'),
('สามไถ', 'นครหลวง', 'พระนครศรีอยุธยา', '13260'),
('สายคำโห้', 'เมืองพิจิตร', 'พิจิตร', '66000'),
('สายตะกู', 'บ้านกรวด', 'บุรีรัมย์', '31180'),
('สายทอง', 'ป่าโมก', 'อ่างทอง', '14130'),
('สายนาวัง', 'นาคู', 'กาฬสินธุ์', '46160'),
('สายลำโพง', 'ท่าตะโก', 'นครสวรรค์', '60160'),
('สายห้วยแก้ว', 'บ้านหมี่', 'ลพบุรี', '15110'),
('สายออ', 'โนนไทย', 'นครราชสีมา', '30220'),
('สายไหม', 'สายไหม', 'กรุงเทพมหานคร', '10220'),
('สารจิตร', 'ศรีสัชนาลัย', 'สุโขทัย', '64130'),
('สารภี', 'หนองบุญมาก', 'นครราชสีมา', '30410'),
('สาริกา', 'เมืองนครนายก', 'นครนายก', '26000'),
('สาลี', 'บางปลาม้า', 'สุพรรณบุรี', '72150'),
('สาวชะโงก', 'บางคล้า', 'ฉะเชิงเทรา', '24110'),
('สาวร้องไห้', 'วิเศษชัยชาญ', 'อ่างทอง', '14110'),
('สาวอ', 'รือเสาะ', 'นราธิวาส', '96150'),
('สาวะถี', 'เมืองขอนแก่น', 'ขอนแก่น', '40000'),
('สาวแห', 'หนองฮี', 'ร้อยเอ็ด', '45140'),
('สาหร่าย', 'ชุมพวง', 'นครราชสีมา', '30270'),
('สำนักขาม', 'สะเดา', 'สงขลา', '90320'),
('สำนักขุนเณร', 'ดงเจริญ', 'พิจิตร', '66210'),
('สำนักตะคร้อ', 'เทพารักษ์', 'นครราชสีมา', '30210'),
('สำนักทอง', 'เมืองระยอง', 'ระยอง', '21100'),
('สำนักท้อน', 'บ้านฉาง', 'ระยอง', '21130'),
('สำนักบก', 'เมืองชลบุรี', 'ชลบุรี', '20000'),
('สำนักแต้ว', 'สะเดา', 'สงขลา', '90120'),
('สำพะเนียง', 'บ้านแพรก', 'พระนครศรีอยุธยา', '13240'),
('สำพันตา', 'นาดี', 'ปราจีนบุรี', '25220'),
('สำมะโรง', 'เมืองเพชรบุรี', 'เพชรบุรี', '76000'),
('สำราญ', 'เมืองยโสธร', 'ยโสธร', '35000'),
('สำราญราษฎร์', 'พระนคร', 'กรุงเทพมหานคร', '10200'),
('สำราญใต้', 'สามชัย', 'กาฬสินธุ์', '46180'),
('สำเภาลูน', 'บัวเชด', 'สุรินทร์', '32230'),
('สำเภาล่ม', 'พระนครศรีอยุธยา', 'พระนครศรีอยุธยา', '13000'),
('สำเหร่', 'ธนบุรี', 'กรุงเทพมหานคร', '10600'),
('สำโรง', 'พระประแดง', 'สมุทรปราการ', '10130'),
('สำโรงกลาง', 'พระประแดง', 'สมุทรปราการ', '10130'),
('สำโรงชัย', 'ไพศาลี', 'นครสวรรค์', '60220'),
('สำโรงตาเจ็น', 'ขุขันธ์', 'ศรีสะเกษ', '33140'),
('สำโรงทาบ', 'สำโรงทาบ', 'สุรินทร์', '32170'),
('สำโรงปราสาท', 'ปรางค์กู่', 'ศรีสะเกษ', '33170'),
('สำโรงพลัน', 'ไพรบึง', 'ศรีสะเกษ', '33180'),
('สำโรงเหนือ', 'เมืองสมุทรปราการ', 'สมุทรปราการ', '10270'),
('สำโรงใต้', 'พระประแดง', 'สมุทรปราการ', '10130'),
('สำโรงใหม่', 'ละหานทราย', 'บุรีรัมย์', '31170'),
('สิ', 'ขุนหาญ', 'ศรีสะเกษ', '33150'),
('สิงหนาท', 'ลาดบัวหลวง', 'พระนครศรีอยุธยา', '13230'),
('สิงห์', 'บางระจัน', 'สิงห์บุรี', '16130'),
('สิงห์โคก', 'เกษตรวิสัย', 'ร้อยเอ็ด', '45150'),
('สิงโตทอง', 'บางน้ำเปรี้ยว', 'ฉะเชิงเทรา', '24150'),
('สิชล', 'สิชล', 'นครศรีธรรมราช', '80120'),
('สินปุน', 'เขาพนม', 'กระบี่', '80240'),
('สินเจริญ', 'พระแสง', 'สุราษฎร์ธานี', '84210'),
('สิบเอ็ดศอก', 'บ้านโพธิ์', 'ฉะเชิงเทรา', '24140'),
('สีกัน', 'ดอนเมือง', 'กรุงเทพมหานคร', '10210'),
('สีกาย', 'เมืองหนองคาย', 'หนองคาย', '43000'),
('สีคิ้ว', 'สีคิ้ว', 'นครราชสีมา', '30140'),
('สีชมพู', 'สีชมพู', 'ขอนแก่น', '40220'),
('สีดา', 'สีดา', 'นครราชสีมา', '30430'),
('สีบัวทอง', 'แสวงหา', 'อ่างทอง', '14150'),
('สีพยา', 'ท่าใหม่', 'จันทบุรี', '22120'),
('สีมุม', 'เมืองนครราชสีมา', 'นครราชสีมา', '30000'),
('สีลม', 'บางรัก', 'กรุงเทพมหานคร', '10500'),
('สีวิเชียร', 'น้ำยืน', 'อุบลราชธานี', '34260'),
('สีสุก', 'จักราช', 'นครราชสีมา', '30230'),
('สีออ', 'กุมภวาปี', 'อุดรธานี', '41110'),
('สีแก้ว', 'เมืองร้อยเอ็ด', 'ร้อยเอ็ด', '45000'),
('สี่ขีด', 'สิชล', 'นครศรีธรรมราช', '80120'),
('สี่คลอง', 'เมืองลพบุรี', 'ลพบุรี', '15000'),
('สี่พระยา', 'บางรัก', 'กรุงเทพมหานคร', '10500'),
('สี่ร้อย', 'วิเศษชัยชาญ', 'อ่างทอง', '14110'),
('สี่หมื่น', 'ดำเนินสะดวก', 'ราชบุรี', '70130'),
('สี่เหลี่ยม', 'ประโคนชัย', 'บุรีรัมย์', '31140'),
('สี่แยกมหานาค', 'ดุสิต', 'กรุงเทพมหานคร', '10300'),
('สุขฤทัย', 'ห้วยคต', 'อุทัยธานี', '61170'),
('สุขสวัสดิ์', 'ไพรบึง', 'ศรีสะเกษ', '33180'),
('สุขสำราญ', 'ตากฟ้า', 'นครสวรรค์', '60190'),
('สุขเกษม', 'ปักธงชัย', 'นครราชสีมา', '30150'),
('สุขเดือนห้า', 'เนินขาม', 'ชัยนาท', '17130'),
('สุขไพบูลย์', 'เสิงสาง', 'นครราชสีมา', '30330'),
('สุคิริน', 'สุคิริน', 'นราธิวาส', '96190'),
('สุมเส้า', 'เพ็ญ', 'อุดรธานี', '41150'),
('สุรนารี', 'เมืองนครราชสีมา', 'นครราชสีมา', '30000'),
('สุรศักดิ์', 'ศรีราชา', 'ชลบุรี', '20110'),
('สุริยวงศ์', 'บางรัก', 'กรุงเทพมหานคร', '10500'),
('สุวรรณคาม', 'นิคมน้ำอูน', 'สกลนคร', '47270'),
('สุวรรณคูหา', 'สุวรรณคูหา', 'หนองบัวลำภู', '39270'),
('สุวารี', 'รือเสาะ', 'นราธิวาส', '96150'),
('สุเทพ', 'เมืองเชียงใหม่', 'เชียงใหม่', '50200'),
('สุโสะ', 'ปะเหลียน', 'ตรัง', '92120'),
('สุไหงปาดี', 'สุไหงปาดี', 'นราธิวาส', '96140'),
('สุไหงโก-ลก', 'สุไหงโก-ลก', 'นราธิวาส', '96120'),
('สูงเนิน', 'สูงเนิน', 'นครราชสีมา', '30170'),
('สูงเม่น', 'สูงเม่น', 'แพร่', '54130'),
('ส่องดาว', 'ส่องดาว', 'สกลนคร', '47190'),
('ส้มป่อย', 'โนนดินแดง', 'บุรีรัมย์', '31260'),
('ส้มผ่อ', 'ไทยเจริญ', 'ยโสธร', '35120'),
('ส้าน', 'เวียงสา', 'น่าน', '55110'),
('ส้านนาหนองใหม่', 'เวียงสา', 'น่าน', '55110'),
('หงษ์เจริญ', 'ท่าแซะ', 'ชุมพร', '86140'),
('หงส์หิน', 'จุน', 'พะเยา', '56150'),
('หงาว', 'เทิง', 'เชียงราย', '57160'),
('หญ้าปล้อง', 'เมืองศรีสะเกษ', 'ศรีสะเกษ', '33000'),
('หนองกง', 'นางรอง', 'บุรีรัมย์', '31110'),
('หนองกบ', 'หนองแซง', 'สระบุรี', '18170'),
('หนองกรด', 'บรรพตพิสัย', 'นครสวรรค์', '60180'),
('หนองกระดิ่ง', 'คีรีมาศ', 'สุโขทัย', '64160'),
('หนองกระทุ่ม', 'ค่ายบางระจัน', 'สิงห์บุรี', '16150'),
('หนองกระเจา', 'ชุมแสง', 'นครสวรรค์', '60120'),
('หนองกระเจ็ด', 'บ้านลาด', 'เพชรบุรี', '76150'),
('หนองกระเบียน', 'บ้านหมี่', 'ลพบุรี', '15110'),
('หนองกระโดน', 'เมืองนครสวรรค์', 'นครสวรรค์', '60240'),
('หนองกราด', 'ด่านขุนทด', 'นครราชสีมา', '30210'),
('หนองกร่าง', 'บ่อพลอย', 'กาญจนบุรี', '71220'),
('หนองกลับ', 'หนองบัว', 'นครสวรรค์', '60110'),
('หนองกลางดง', 'ทัพทัน', 'อุทัยธานี', '61120'),
('หนองกลางนา', 'เมืองราชบุรี', 'ราชบุรี', '70000'),
('หนองกวั่ง', 'บ้านม่วง', 'สกลนคร', '47140'),
('หนองกวาง', 'โพธาราม', 'ราชบุรี', '70120'),
('หนองกอมเกาะ', 'เมืองหนองคาย', 'หนองคาย', '43000'),
('หนองกะขะ', 'พานทอง', 'ชลบุรี', '20160'),
('หนองกะทิง', 'ลำปลายมาศ', 'บุรีรัมย์', '31130'),
('หนองกะท้าว', 'นครไทย', 'พิษณุโลก', '65120'),
('หนองกะปุ', 'บ้านลาด', 'เพชรบุรี', '76150'),
('หนองกินเพล', 'วารินชำราบ', 'อุบลราชธานี', '34190'),
('หนองกี่', 'กบินทร์บุรี', 'ปราจีนบุรี', '25110'),
('หนองกุง', 'โนนคูณ', 'ศรีสะเกษ', '33250'),
('หนองกุงทับม้า', 'วังสามหมอ', 'อุดรธานี', '41280'),
('หนองกุงธนสาร', 'ภูเวียง', 'ขอนแก่น', '40150'),
('หนองกุงศรี', 'โนนสะอาด', 'อุดรธานี', '41240'),
('หนองกุงสวรรค์', 'โกสุมพิสัย', 'มหาสารคาม', '44140'),
('หนองกุงเซิน', 'ภูเวียง', 'ขอนแก่น', '40150'),
('หนองกุงแก้ว', 'ศรีบุญเรือง', 'หนองบัวลำภู', '39180'),
('หนองกุงใหญ่', 'กระนวน', 'ขอนแก่น', '40170'),
('หนองกุลา', 'บางระกำ', 'พิษณุโลก', '65140'),
('หนองกุ่ม', 'บ่อพลอย', 'กาญจนบุรี', '71160'),
('หนองขนาก', 'ท่าเรือ', 'พระนครศรีอยุธยา', '13130'),
('หนองขนาน', 'เมืองเพชรบุรี', 'เพชรบุรี', '76000'),
('หนองขมาร', 'คูเมือง', 'บุรีรัมย์', '31190'),
('หนองขยาด', 'พนัสนิคม', 'ชลบุรี', '20140'),
('หนองขวาว', 'ศีขรภูมิ', 'สุรินทร์', '32110'),
('หนองขอน', 'เมืองอุบลราชธานี', 'อุบลราชธานี', '34000'),
('หนองขอนกว้าง', 'เมืองอุดรธานี', 'อุดรธานี', '41000'),
('หนองขาม', 'ศรีราชา', 'ชลบุรี', '20110'),
('หนองขาว', 'ท่าม่วง', 'กาญจนบุรี', '71110'),
('หนองขาหย่าง', 'หนองขาหย่าง', 'อุทัยธานี', '61130'),
('หนองขุ่น', 'วัดสิงห์', 'ชัยนาท', '17120'),
('หนองขุ่นใหญ่', 'หนองพอก', 'ร้อยเอ็ด', '45210'),
('หนองข่า', 'เกษตรสมบูรณ์', 'ชัยภูมิ', '36120'),
('หนองข้างคอก', 'เมืองชลบุรี', 'ชลบุรี', '20000'),
('หนองครก', 'เมืองศรีสะเกษ', 'ศรีสะเกษ', '33000'),
('หนองคล้า', 'ไทรงาม', 'กำแพงเพชร', '62150'),
('หนองควาย', 'หางดง', 'เชียงใหม่', '50230'),
('หนองควายโซ', 'หนองแซง', 'สระบุรี', '18170'),
('หนองคอนไทย', 'ภูเขียว', 'ชัยภูมิ', '36110'),
('หนองคัน', 'ภูหลวง', 'เลย', '42230'),
('หนองคันทรง', 'เมืองตราด', 'ตราด', '23000'),
('หนองคู', 'ลำปลายมาศ', 'บุรีรัมย์', '31130'),
('หนองคูขาด', 'บรบือ', 'มหาสารคาม', '44130'),
('หนองค่าย', 'ประทาย', 'นครราชสีมา', '30180'),
('หนองค้า', 'พยุห์', 'ศรีสะเกษ', '33230'),
('หนองค้างพลู', 'หนองแขม', 'กรุงเทพมหานคร', '10160'),
('หนองงิ้ว', 'วังสะพุง', 'เลย', '42130'),
('หนองงูเหลือม', 'เฉลิมพระเกียรติ', 'นครราชสีมา', '30000'),
('หนองจรเข้', 'หนองแค', 'สระบุรี', '18140'),
('หนองจอก', 'หนองจอก', 'กรุงเทพมหานคร', '10530'),
('หนองจะบก', 'เมืองนครราชสีมา', 'นครราชสีมา', '30000'),
('หนองจิก', 'หนองแค', 'สระบุรี', '18230'),
('หนองจ๊อม', 'สันทราย', 'เชียงใหม่', '50210'),
('หนองฉลอง', 'ขุขันธ์', 'ศรีสะเกษ', '33140'),
('หนองฉาง', 'หนองฉาง', 'อุทัยธานี', '61110'),
('หนองฉิม', 'เนินสง่า', 'ชัยภูมิ', '36130'),
('หนองชัยศรี', 'หนองหงส์', 'บุรีรัมย์', '31240'),
('หนองชาก', 'บ้านบึง', 'ชลบุรี', '20170'),
('หนองชิ่ม', 'แหลมสิงห์', 'จันทบุรี', '22130'),
('หนองชุมพล', 'เขาย้อย', 'เพชรบุรี', '76140'),
('หนองชุมพลเหนือ', 'เขาย้อย', 'เพชรบุรี', '76140'),
('หนองช้าง', 'สามชัย', 'กาฬสินธุ์', '46180'),
('หนองช้างคืน', 'เมืองลำพูน', 'ลำพูน', '51150'),
('หนองช้างแล่น', 'ห้วยยอด', 'ตรัง', '92130'),
('หนองช้างใหญ่', 'ม่วงสามสิบ', 'อุบลราชธานี', '34140'),
('หนองซน', 'นาทม', 'นครพนม', '48140'),
('หนองซอน', 'เชียงยืน', 'มหาสารคาม', '44160'),
('หนองซ้ำซาก', 'บ้านบึง', 'ชลบุรี', '20170'),
('หนองญาติ', 'เมืองนครพนม', 'นครพนม', '48000'),
('หนองดินแดง', 'เมืองนครปฐม', 'นครปฐม', '73000'),
('หนองตรุด', 'เมืองตรัง', 'ตรัง', '92000'),
('หนองตอกแป้น', 'ยางตลาด', 'กาฬสินธุ์', '46120'),
('หนองตอง', 'หางดง', 'เชียงใหม่', '50340'),
('หนองตะครอง', 'ละหานทราย', 'บุรีรัมย์', '31170'),
('หนองตะพาน', 'บ้านค่าย', 'ระยอง', '21120'),
('หนองตะเคียนบอน', 'วัฒนานคร', 'สระแก้ว', '27160'),
('หนองตะไก้', 'สูงเนิน', 'นครราชสีมา', '30380'),
('หนองตากยา', 'ท่าม่วง', 'กาญจนบุรี', '71110'),
('หนองตาคง', 'โป่งน้ำร้อน', 'จันทบุรี', '22140'),
('หนองตางู', 'บรรพตพิสัย', 'นครสวรรค์', '60180'),
('หนองตาด', 'เมืองบุรีรัมย์', 'บุรีรัมย์', '31000'),
('หนองตาดใหญ่', 'สีดา', 'นครราชสีมา', '30430'),
('หนองตาแต้ม', 'ปราณบุรี', 'ประจวบคีรีขันธ์', '77120'),
('หนองตาไก้', 'โพธิ์ชัย', 'ร้อยเอ็ด', '45230'),
('หนองตำลึง', 'พานทอง', 'ชลบุรี', '20160'),
('หนองตีนนก', 'บ้านโพธิ์', 'ฉะเชิงเทรา', '24140'),
('หนองตูม', 'ภูเขียว', 'ชัยภูมิ', '36110'),
('หนองทรายขาว', 'บ้านหมี่', 'ลพบุรี', '15110'),
('หนองทอง', 'ไทรงาม', 'กำแพงเพชร', '62150'),
('หนองทะเล', 'เมืองกระบี่', 'กระบี่', '81000'),
('หนองทันน้ำ', 'กุดข้าวปุ้น', 'อุบลราชธานี', '34270'),
('หนองทัพไทย', 'พนมไพร', 'ร้อยเอ็ด', '45140'),
('หนองทุ่ม', 'เซกา', 'บึงกาฬ', '38150'),
('หนองธง', 'ป่าบอน', 'พัทลุง', '93170'),
('หนองนกทา', 'เขมราฐ', 'อุบลราชธานี', '34170'),
('หนองนกเขียน', 'ศรีธาตุ', 'อุดรธานี', '41230'),
('หนองนกแก้ว', 'เลาขวัญ', 'กาญจนบุรี', '71210'),
('หนองนกไข่', 'กระทุ่มแบน', 'สมุทรสาคร', '74110'),
('หนองนมวัว', 'ลาดยาว', 'นครสวรรค์', '60150'),
('หนองนาก', 'หนองแค', 'สระบุรี', '18230'),
('หนองนาคำ', 'เมืองอุดรธานี', 'อุดรธานี', '41000'),
('หนองนาง', 'ท่าบ่อ', 'หนองคาย', '43110'),
('หนองนางนวล', 'หนองฉาง', 'อุทัยธานี', '61110'),
('หนองนาแซง', 'เมืองชัยภูมิ', 'ชัยภูมิ', '36000'),
('หนองน้อย', 'วัดสิงห์', 'ชัยนาท', '17120'),
('หนองน้ำส้ม', 'อุทัย', 'พระนครศรีอยุธยา', '13210'),
('หนองน้ำแดง', 'ปากช่อง', 'นครราชสีมา', '30130'),
('หนองน้ำใส', 'ภาชี', 'พระนครศรีอยุธยา', '13140'),
('หนองน้ำใหญ่', 'ผักไห่', 'พระนครศรีอยุธยา', '13280'),
('หนองบก', 'เหล่าเสือโก้ก', 'อุบลราชธานี', '34000'),
('หนองบอน', 'ประเวศ', 'กรุงเทพมหานคร', '10250'),
('หนองบอนแดง', 'บ้านบึง', 'ชลบุรี', '20170'),
('หนองบัว', 'พัฒนานิคม', 'ลพบุรี', '15140'),
('หนองบัวดง', 'ศิลาลาด', 'ศรีสะเกษ', '33160'),
('หนองบัวตะเกียด', 'ด่านขุนทด', 'นครราชสีมา', '30210'),
('หนองบัวทอง', 'รัตนบุรี', 'สุรินทร์', '32130'),
('หนองบัวน้อย', 'สีคิ้ว', 'นครราชสีมา', '30140'),
('หนองบัวบาน', 'รัตนบุรี', 'สุรินทร์', '32130'),
('หนองบัวระเหว', 'หนองบัวระเหว', 'ชัยภูมิ', '36250'),
('หนองบัวละคร', 'ด่านขุนทด', 'นครราชสีมา', '30210'),
('หนองบัวศาลา', 'เมืองนครราชสีมา', 'นครราชสีมา', '30000'),
('หนองบัวสะอาด', 'บัวใหญ่', 'นครราชสีมา', '30120'),
('หนองบัวสันตุ', 'ยางสีสุราช', 'มหาสารคาม', '44210'),
('หนองบัวสิม', 'คำตากล้า', 'สกลนคร', '47250'),
('หนองบัวฮี', 'พิบูลมังสาหาร', 'อุบลราชธานี', '34110'),
('หนองบัวเหนือ', 'เมืองตาก', 'ตาก', '63000'),
('หนองบัวแก้ว', 'พยัคฆภูมิพิสัย', 'มหาสารคาม', '44110'),
('หนองบัวแดง', 'หนองบัวแดง', 'ชัยภูมิ', '36210'),
('หนองบัวโคก', 'ลำปลายมาศ', 'บุรีรัมย์', '31130'),
('หนองบัวใต้', 'ศรีบุญเรือง', 'หนองบัวลำภู', '39180'),
('หนองบัวใหญ่', 'จัตุรัส', 'ชัยภูมิ', '36130'),
('หนองบุนนาก', 'หนองบุญมาก', 'นครราชสีมา', '30410'),
('หนองบ่มกล้วย', 'บ้านไร่', 'อุทัยธานี', '61180'),
('หนองบ่อ', 'เมืองอุบลราชธานี', 'อุบลราชธานี', '34000'),
('หนองปรง', 'เขาย้อย', 'เพชรบุรี', '76140'),
('หนองประดู่', 'เลาขวัญ', 'กาญจนบุรี', '71210'),
('หนองปรือ', 'บางพลี', 'สมุทรปราการ', '10540'),
('หนองปลาปาก', 'ศรีเชียงใหม่', 'หนองคาย', '43130'),
('หนองปลาสะวาย', 'บ้านโฮ่ง', 'ลำพูน', '51130'),
('หนองปลาหมอ', 'หนองแค', 'สระบุรี', '18140'),
('หนองปลาไหล', 'เมืองสระบุรี', 'สระบุรี', '18000'),
('หนองปลิง', 'นครหลวง', 'พระนครศรีอยุธยา', '13260'),
('หนองปล่อง', 'ชำนิ', 'บุรีรัมย์', '31110'),
('หนองปล้อง', 'วังทรายพูน', 'พิจิตร', '66180'),
('หนองปากโลง', 'เมืองนครปฐม', 'นครปฐม', '73000'),
('หนองป่าก่อ', 'ดอยหลวง', 'เชียงราย', '57110'),
('หนองป่าครั่ง', 'เมืองเชียงใหม่', 'เชียงใหม่', '50000'),
('หนองผักนาก', 'สามชุก', 'สุพรรณบุรี', '72130'),
('หนองผักแว่น', 'ท่าหลวง', 'ลพบุรี', '15230'),
('หนองผึ้ง', 'สารภี', 'เชียงใหม่', '50140'),
('หนองผือ', 'เขมราฐ', 'อุบลราชธานี', '34170'),
('หนองฝ้าย', 'เลาขวัญ', 'กาญจนบุรี', '71210'),
('หนองพยอม', 'ตะพานหิน', 'พิจิตร', '66110'),
('หนองพระ', 'วังทอง', 'พิษณุโลก', '65130'),
('หนองพลวง', 'ประทาย', 'นครราชสีมา', '30180'),
('หนองพลับ', 'เมืองเพชรบุรี', 'เพชรบุรี', '76000'),
('หนองพอก', 'ธวัชบุรี', 'ร้อยเอ็ด', '45170'),
('หนองพังค่า', 'เมืองอุทัยธานี', 'อุทัยธานี', '61000'),
('หนองพันจันทร์', 'บ้านคา', 'ราชบุรี', '70180'),
('หนองพันทา', 'โซ่พิสัย', 'บึงกาฬ', '38170'),
('หนองพิกุล', 'ตากฟ้า', 'นครสวรรค์', '60190'),
('หนองภัยศูนย์', 'เมืองหนองบัวลำภู', 'หนองบัวลำภู', '39000'),
('หนองมะค่า', 'โคกเจริญ', 'ลพบุรี', '15250'),
('หนองมะค่าโมง', 'ด่านช้าง', 'สุพรรณบุรี', '72180'),
('หนองมะนาว', 'คง', 'นครราชสีมา', '30260'),
('หนองมะเขือ', 'พล', 'ขอนแก่น', '40120'),
('หนองมะแซว', 'เมืองอำนาจเจริญ', 'อำนาจเจริญ', '37000'),
('หนองมะโมง', 'หนองมะโมง', 'ชัยนาท', '17120'),
('หนองม่วง', 'หนองม่วง', 'ลพบุรี', '15170'),
('หนองม่วงไข่', 'หนองม่วงไข่', 'แพร่', '54170'),
('หนองม้า', 'โพธิ์ศรีสุวรรณ', 'ศรีสะเกษ', '33120'),
('หนองยวง', 'เวียงหนองล่อง', 'ลำพูน', '51120'),
('หนองยอง', 'ปากคาด', 'บึงกาฬ', '38190'),
('หนองยาง', 'เฉลิมพระเกียรติ', 'นครราชสีมา', '30230'),
('หนองยายดา', 'ทัพทัน', 'อุทัยธานี', '61120'),
('หนองยายพิมพ์', 'นางรอง', 'บุรีรัมย์', '31110'),
('หนองยายโต๊ะ', 'ชัยบาดาล', 'ลพบุรี', '15130'),
('หนองยาว', 'เมืองสระบุรี', 'สระบุรี', '18000'),
('หนองย่างชิ้น', 'เรณูนคร', 'นครพนม', '48170'),
('หนองย่างทอย', 'ศรีเทพ', 'เพชรบูรณ์', '67170'),
('หนองย่างเสือ', 'มวกเหล็ก', 'สระบุรี', '18180'),
('หนองระฆัง', 'สนม', 'สุรินทร์', '32160'),
('หนองระเวียง', 'เมืองนครราชสีมา', 'นครราชสีมา', '30000'),
('หนองราชวัตร', 'หนองหญ้าไซ', 'สุพรรณบุรี', '72240'),
('หนองรี', 'ลำสนธิ', 'ลพบุรี', '15190'),
('หนองละลอก', 'บ้านค่าย', 'ระยอง', '21120'),
('หนองลาด', 'วาริชภูมิ', 'สกลนคร', '47150'),
('หนองลาน', 'ท่ามะกา', 'กาญจนบุรี', '71130'),
('หนองลู', 'สังขละบุรี', 'กาญจนบุรี', '71240'),
('หนองล่อง', 'เวียงหนองล่อง', 'ลำพูน', '51120'),
('หนองวัวซอ', 'หนองวัวซอ', 'อุดรธานี', '41360'),
('หนองศาลา', 'ชะอำ', 'เพชรบุรี', '76120'),
('หนองสนม', 'วานรนิวาส', 'สกลนคร', '47120'),
('หนองสนิท', 'จอมพระ', 'สุรินทร์', '32180'),
('หนองสรวง', 'วิหารแดง', 'สระบุรี', '18150'),
('หนองสระ', 'ทัพทัน', 'อุทัยธานี', '61120'),
('หนองสระปลา', 'หนองหาน', 'อุดรธานี', '41320'),
('หนองสวรรค์', 'เมืองหนองบัวลำภู', 'หนองบัวลำภู', '39000'),
('หนองสว่าง', 'หล่มสัก', 'เพชรบูรณ์', '67110'),
('หนองสองห้อง', 'หนองสองห้อง', 'ขอนแก่น', '40190'),
('หนองสะเดา', 'สามชุก', 'สุพรรณบุรี', '72130'),
('หนองสะโน', 'บุณฑริก', 'อุบลราชธานี', '34230'),
('หนองสังข์', 'อรัญประเทศ', 'สระแก้ว', '27120'),
('หนองสามวัง', 'หนองเสือ', 'ปทุมธานี', '12170'),
('หนองสามสี', 'เสนางคนิคม', 'อำนาจเจริญ', '37290'),
('หนองสาหร่าย', 'ปากช่อง', 'นครราชสีมา', '30130'),
('หนองสิม', 'เขมราฐ', 'อุบลราชธานี', '34170'),
('หนองสีดา', 'หนองแซง', 'สระบุรี', '18170'),
('หนองสูง', 'หนองสูง', 'มุกดาหาร', '49160'),
('หนองสูงเหนือ', 'หนองสูง', 'มุกดาหาร', '49160'),
('หนองสูงใต้', 'หนองสูง', 'มุกดาหาร', '49160'),
('หนองหงษ์', 'พานทอง', 'ชลบุรี', '20160'),
('หนองหงส์', 'ทุ่งสง', 'นครศรีธรรมราช', '80110'),
('หนองหญ้า', 'เมืองกาญจนบุรี', 'กาญจนบุรี', '71000'),
('หนองหญ้าขาว', 'สีคิ้ว', 'นครราชสีมา', '30140'),
('หนองหญ้าปล้อง', 'วังสะพุง', 'เลย', '42130'),
('หนองหญ้าลาด', 'กันทรลักษ์', 'ศรีสะเกษ', '33110'),
('หนองหญ้าไซ', 'วังสามหมอ', 'อุดรธานี', '41280'),
('หนองหญ้าไทร', 'สากเหล็ก', 'พิจิตร', '66160'),
('หนองหนาม', 'เมืองลำพูน', 'ลำพูน', '51000'),
('หนองหมากฝ้าย', 'วัฒนานคร', 'สระแก้ว', '27160'),
('หนองหมี', 'ราษีไศล', 'ศรีสะเกษ', '33160'),
('หนองหมื่นถ่าน', 'อาจสามารถ', 'ร้อยเอ็ด', '45160'),
('หนองหมู', 'วิหารแดง', 'สระบุรี', '18150'),
('หนองหม้อ', 'ตาคลี', 'นครสวรรค์', '60140'),
('หนองหลวง', 'โนนนารายณ์', 'สุรินทร์', '32130'),
('หนองหลัก', 'ชุมพวง', 'นครราชสีมา', '30270'),
('หนองหลุม', 'วชิรบารมี', 'พิจิตร', '66220'),
('หนองหล่ม', 'ห้างฉัตร', 'ลำปาง', '52190'),
('หนองหว้า', 'เขาฉกรรจ์', 'สระแก้ว', '27000'),
('หนองหอย', 'พระทองคำ', 'นครราชสีมา', '30220'),
('หนองหัวคู', 'บ้านผือ', 'อุดรธานี', '41160'),
('หนองหัวช้าง', 'กันทรารมย์', 'ศรีสะเกษ', '33130'),
('หนองหัวฟาน', 'ขามสะแกแสง', 'นครราชสีมา', '30290'),
('หนองหัววัว', 'พรานกระต่าย', 'กำแพงเพชร', '62110'),
('หนองหัวแรต', 'หนองบุญมาก', 'นครราชสีมา', '30410'),
('หนองหัวโพ', 'หนองแซง', 'สระบุรี', '18170'),
('หนองหาน', 'หนองหาน', 'อุดรธานี', '41130'),
('หนองหาร', 'สันทราย', 'เชียงใหม่', '50290'),
('หนองหิน', 'เมืองยโสธร', 'ยโสธร', '35000'),
('หนองห้าง', 'อุทุมพรพิสัย', 'ศรีสะเกษ', '33120'),
('หนองอิรุณ', 'บ้านบึง', 'ชลบุรี', '20220'),
('หนองอิเฒ่า', 'ยางตลาด', 'กาฬสินธุ์', '46120'),
('หนองอีบุตร', 'ห้วยผึ้ง', 'กาฬสินธุ์', '46240'),
('หนองอียอ', 'สนม', 'สุรินทร์', '32160'),
('หนองอึ่ง', 'ราษีไศล', 'ศรีสะเกษ', '33160'),
('หนองอ้ม', 'ทุ่งศรีอุดม', 'อุบลราชธานี', '34160'),
('หนองอ้อ', 'หนองวัวซอ', 'อุดรธานี', '41220'),
('หนองฮะ', 'สำโรงทาบ', 'สุรินทร์', '32170'),
('หนองฮาง', 'เบญจลักษ์', 'ศรีสะเกษ', '33110'),
('หนองฮี', 'หนองฮี', 'ร้อยเอ็ด', '45140'),
('หนองเขียด', 'ชุมแพ', 'ขอนแก่น', '40290'),
('หนองเชียงทูน', 'ปรางค์กู่', 'ศรีสะเกษ', '33170'),
('หนองเดิ่น', 'บุ่งคล้า', 'บึงกาฬ', '38000'),
('หนองเต็ง', 'กระสัง', 'บุรีรัมย์', '31160'),
('หนองเต่า', 'บ้านหมี่', 'ลพบุรี', '15110'),
('หนองเทพ', 'โนนนารายณ์', 'สุรินทร์', '32130'),
('หนองเทา', 'ท่าอุเทน', 'นครพนม', '48120'),
('หนองเทาใหญ่', 'ปลาปาก', 'นครพนม', '48160'),
('หนองเป็ด', 'เมืองยโสธร', 'ยโสธร', '35000'),
('หนองเพรางาย', 'ไทรน้อย', 'นนทบุรี', '11150'),
('หนองเมธี', 'ท่าตูม', 'สุรินทร์', '32120'),
('หนองเมือง', 'บ้านหมี่', 'ลพบุรี', '15110'),
('หนองเม็ก', 'หนองสองห้อง', 'ขอนแก่น', '40190'),
('หนองเยือง', 'บ้านใหม่ไชยพจน์', 'บุรีรัมย์', '31120'),
('หนองเรือ', 'ชุมพลบุรี', 'สุรินทร์', '32190'),
('หนองเลิง', 'เมืองบึงกาฬ', 'บึงกาฬ', '38000'),
('หนองเสม็ด', 'เมืองตราด', 'ตราด', '23000'),
('หนองเสาเล้า', 'ชุมแพ', 'ขอนแก่น', '40130'),
('หนองเสือช้าง', 'หนองใหญ่', 'ชลบุรี', '20190'),
('หนองเหล็ก', 'ศีขรภูมิ', 'สุรินทร์', '32110'),
('หนองเหล่า', 'ม่วงสามสิบ', 'อุบลราชธานี', '34140'),
('หนองเหียง', 'พนัสนิคม', 'ชลบุรี', '20140'),
('หนองเอี่ยน', 'คำชะอี', 'มุกดาหาร', '49110'),
('หนองแก', 'พระพุทธบาท', 'สระบุรี', '18120'),
('หนองแก้ว', 'ประจันตคาม', 'ปราจีนบุรี', '25130'),
('หนองแก๋ว', 'หางดง', 'เชียงใหม่', '50230'),
('หนองแขม', 'หนองแขม', 'กรุงเทพมหานคร', '10160'),
('หนองแค', 'หนองแค', 'สระบุรี', '18140'),
('หนองแคน', 'ปทุมรัตต์', 'ร้อยเอ็ด', '45190'),
('หนองแจง', 'บึงสามพัน', 'เพชรบูรณ์', '67160'),
('หนองแจ้งใหญ่', 'บัวใหญ่', 'นครราชสีมา', '30120'),
('หนองแซง', 'หันคา', 'ชัยนาท', '17160'),
('หนองแดง', 'สีชมพู', 'ขอนแก่น', '40220'),
('หนองแปน', 'มัญจาคีรี', 'ขอนแก่น', '40160'),
('หนองแฝก', 'สารภี', 'เชียงใหม่', '50140'),
('หนองแม่นา', 'เขาค้อ', 'เพชรบูรณ์', '67270'),
('หนองแม่แตง', 'ไทรงาม', 'กำแพงเพชร', '62150'),
('หนองแม่ไก่', 'โพธิ์ทอง', 'อ่างทอง', '14120'),
('หนองแรด', 'เทิง', 'เชียงราย', '57230'),
('หนองแรต', 'ยะหริ่ง', 'ปัตตานี', '94150'),
('หนองแวง', 'โคกสูง', 'สระแก้ว', '27120'),
('หนองแวงควง', 'ศรีสมเด็จ', 'ร้อยเอ็ด', '45000'),
('หนองแวงนางเบ้า', 'พล', 'ขอนแก่น', '40120'),
('หนองแวงโสกพระ', 'พล', 'ขอนแก่น', '40120'),
('หนองแวงใต้', 'วานรนิวาส', 'สกลนคร', '47120'),
('หนองแสง', 'ประจันตคาม', 'ปราจีนบุรี', '25130'),
('หนองแสงใหญ่', 'โขงเจียม', 'อุบลราชธานี', '34220'),
('หนองแสน', 'วาปีปทุม', 'มหาสารคาม', '44120'),
('หนองแหน', 'พนมสารคาม', 'ฉะเชิงเทรา', '24120'),
('หนองแหย่ง', 'สันทราย', 'เชียงใหม่', '50210'),
('หนองโก', 'กระนวน', 'ขอนแก่น', '40170'),
('หนองโดน', 'หนองโดน', 'สระบุรี', '18190'),
('หนองโน', 'เมืองสระบุรี', 'สระบุรี', '18000'),
('หนองโบสถ์', 'นางรอง', 'บุรีรัมย์', '31110'),
('หนองโพ', 'ตาคลี', 'นครสวรรค์', '60140'),
('หนองโพธิ์', 'นาเชือก', 'มหาสารคาม', '44170'),
('หนองโพนงาม', 'เกษตรสมบูรณ์', 'ชัยภูมิ', '36120'),
('หนองโพรง', 'ศรีมหาโพธิ', 'ปราจีนบุรี', '25140'),
('หนองโรง', 'หนองแค', 'สระบุรี', '18140'),
('หนองโสน', 'เมืองตราด', 'ตราด', '23000'),
('หนองโอ่ง', 'อู่ทอง', 'สุพรรณบุรี', '72160'),
('หนองใหญ่', 'หนองใหญ่', 'ชลบุรี', '20190'),
('หนองไขว่', 'หล่มสัก', 'เพชรบูรณ์', '67110'),
('หนองไข่นก', 'ม่วงสามสิบ', 'อุบลราชธานี', '34140'),
('หนองไข่น้ำ', 'หนองแค', 'สระบุรี', '18140'),
('หนองไทร', 'นางรอง', 'บุรีรัมย์', '31110'),
('หนองไผ่', 'เมืองศรีสะเกษ', 'ศรีสะเกษ', '33000'),
('หนองไผ่ล้อม', 'เมืองนครราชสีมา', 'นครราชสีมา', '30000'),
('หนองไผ่แก้ว', 'บ้านบึง', 'ชลบุรี', '20220'),
('หนองไผ่แบน', 'เมืองอุทัยธานี', 'อุทัยธานี', '61000'),
('หนองไม้กอง', 'ไทรงาม', 'กำแพงเพชร', '62150'),
('หนองไม้งาม', 'บ้านกรวด', 'บุรีรัมย์', '31180'),
('หนองไม้ซุง', 'อุทัย', 'พระนครศรีอยุธยา', '13210'),
('หนองไม้แก่น', 'แปลงยาว', 'ฉะเชิงเทรา', '24190'),
('หนองไม้แดง', 'เมืองชลบุรี', 'ชลบุรี', '20000'),
('หนองไม้ไผ่', 'หนองบุญมาก', 'นครราชสีมา', '30410'),
('หนองไร่', 'ปลวกแดง', 'ระยอง', '21140'),
('หนองไฮ', 'เมืองศรีสะเกษ', 'ศรีสะเกษ', '33000'),
('หนามแดง', 'เมืองฉะเชิงเทรา', 'ฉะเชิงเทรา', '24000'),
('หนามแท่ง', 'ศรีเมืองใหม่', 'อุบลราชธานี', '34250'),
('หน่อม', 'อาจสามารถ', 'ร้อยเอ็ด', '45160'),
('หน้าถ้ำ', 'เมืองยะลา', 'ยะลา', '95000'),
('หน้าประดู่', 'พานทอง', 'ชลบุรี', '20160'),
('หน้าพระธาตุ', 'พนัสนิคม', 'ชลบุรี', '20140'),
('หน้าพระลาน', 'เฉลิมพระเกียรติ', 'สระบุรี', '18240'),
('หน้าสตน', 'หัวไทร', 'นครศรีธรรมราช', '80170'),
('หน้าเขา', 'เขาพนม', 'กระบี่', '81140'),
('หน้าเมือง', 'เมืองฉะเชิงเทรา', 'ฉะเชิงเทรา', '24000'),
('หน้าโคก', 'ผักไห่', 'พระนครศรีอยุธยา', '13120'),
('หน้าไม้', 'ลาดหลุมแก้ว', 'ปทุมธานี', '12140'),
('หมกแถว', 'หนองขาหย่าง', 'อุทัยธานี', '61130'),
('หมอกจำแป่', 'เมืองแม่ฮ่องสอน', 'แม่ฮ่องสอน', '58000'),
('หมอนทอง', 'บางน้ำเปรี้ยว', 'ฉะเชิงเทรา', '24150'),
('หมอนนาง', 'พนัสนิคม', 'ชลบุรี', '20140'),
('หมอเมือง', 'แม่จริม', 'น่าน', '55170'),
('หมากหญ้า', 'หนองวัวซอ', 'อุดรธานี', '41360'),
('หมากเขียบ', 'เมืองศรีสะเกษ', 'ศรีสะเกษ', '33000'),
('หมากแข้ง', 'เมืองอุดรธานี', 'อุดรธานี', '41000'),
('หมื่นศรี', 'สำโรงทาบ', 'สุรินทร์', '32170'),
('หมื่นไวย', 'เมืองนครราชสีมา', 'นครราชสีมา', '30000'),
('หมูม่น', 'เมืองอุดรธานี', 'อุดรธานี', '41000'),
('หมูม้น', 'เชียงขวัญ', 'ร้อยเอ็ด', '45170'),
('หมูสี', 'ปากช่อง', 'นครราชสีมา', '30130'),
('หย่วน', 'เชียงคำ', 'พะเยา', '56110'),
('หรเทพ', 'บ้านหมอ', 'สระบุรี', '18130'),
('หลวงเหนือ', 'งาว', 'ลำปาง', '52110'),
('หลวงใต้', 'งาว', 'ลำปาง', '52110'),
('หลักชัย', 'ลาดบัวหลวง', 'พระนครศรีอยุธยา', '13230'),
('หลักช้าง', 'ช้างกลาง', 'นครศรีธรรมราช', '80250'),
('หลักด่าน', 'น้ำหนาว', 'เพชรบูรณ์', '67260'),
('หลักฟ้า', 'ไชโย', 'อ่างทอง', '14140'),
('หลักสอง', 'บางแค', 'กรุงเทพมหานคร', '10160'),
('หลักสาม', 'บ้านแพ้ว', 'สมุทรสาคร', '74120'),
('หลักหก', 'เมืองปทุมธานี', 'ปทุมธานี', '12000'),
('หลักเขต', 'เมืองบุรีรัมย์', 'บุรีรัมย์', '31000'),
('หลักเมือง', 'กมลาไสย', 'กาฬสินธุ์', '46130'),
('หลักเหลี่ยม', 'นามน', 'กาฬสินธุ์', '46230'),
('หลักแก้ว', 'วิเศษชัยชาญ', 'อ่างทอง', '14110'),
('หลังสวน', 'หลังสวน', 'ชุมพร', '86110'),
('หลุบ', 'เมืองกาฬสินธุ์', 'กาฬสินธุ์', '46000'),
('หลุบคา', 'แก้งคร้อ', 'ชัยภูมิ', '36150'),
('หลุบเลา', 'ภูพาน', 'สกลนคร', '47180'),
('หลุมข้าว', 'โคกสำโรง', 'ลพบุรี', '15120'),
('หลุมดิน', 'เมืองราชบุรี', 'ราชบุรี', '70000'),
('หลุมรัง', 'บ่อพลอย', 'กาญจนบุรี', '71160'),
('หลุมเข้า', 'หนองขาหย่าง', 'อุทัยธานี', '61130'),
('หลุ่งตะเคียน', 'ห้วยแถลง', 'นครราชสีมา', '30240'),
('หลุ่งประดู่', 'ห้วยแถลง', 'นครราชสีมา', '30240'),
('หล่มสัก', 'หล่มสัก', 'เพชรบูรณ์', '67110'),
('หล่มเก่า', 'หล่มเก่า', 'เพชรบูรณ์', '67120'),
('หล่อยูง', 'ตะกั่วทุ่ง', 'พังงา', '82140'),
('หล่ายงาว', 'เวียงแก่น', 'เชียงราย', '57310'),
('หวายเหนียว', 'ท่ามะกา', 'กาญจนบุรี', '71120'),
('หว้าทอง', 'ภูเวียง', 'ขอนแก่น', '40150'),
('หว้านคำ', 'ราษีไศล', 'ศรีสะเกษ', '33160'),
('หว้านใหญ่', 'หว้านใหญ่', 'มุกดาหาร', '49150'),
('หอกลอง', 'พรหมพิราม', 'พิษณุโลก', '65150'),
('หอคำ', 'เมืองบึงกาฬ', 'บึงกาฬ', '38000'),
('หอมศีล', 'บางปะกง', 'ฉะเชิงเทรา', '24180'),
('หอมเกร็ด', 'สามพราน', 'นครปฐม', '73110'),
('หอรัตนไชย', 'พระนครศรีอยุธยา', 'พระนครศรีอยุธยา', '13000'),
('หอไกร', 'บางมูลนาก', 'พิจิตร', '66120'),
('หันคา', 'หันคา', 'ชัยนาท', '17130'),
('หันตรา', 'พระนครศรีอยุธยา', 'พระนครศรีอยุธยา', '13000'),
('หันตะเภา', 'วังน้อย', 'พระนครศรีอยุธยา', '13170'),
('หันทราย', 'อรัญประเทศ', 'สระแก้ว', '27120'),
('หันนางาม', 'ศรีบุญเรือง', 'หนองบัวลำภู', '39180'),
('หันสัง', 'บางปะหัน', 'พระนครศรีอยุธยา', '13220'),
('หันห้วยทราย', 'ประทาย', 'นครราชสีมา', '30180'),
('หันโจด', 'หนองสองห้อง', 'ขอนแก่น', '40190'),
('หัวขวาง', 'โกสุมพิสัย', 'มหาสารคาม', '44140'),
('หัวงัว', 'สนม', 'สุรินทร์', '32160'),
('หัวง้ม', 'พาน', 'เชียงราย', '57120'),
('หัวช้าง', 'อุทุมพรพิสัย', 'ศรีสะเกษ', '33120'),
('หัวดง', 'นาดูน', 'มหาสารคาม', '44180'),
('หัวดอน', 'เขื่องใน', 'อุบลราชธานี', '34150'),
('หัวตะพาน', 'วิเศษชัยชาญ', 'อ่างทอง', '14110'),
('หัวถนน', 'พนัสนิคม', 'ชลบุรี', '20140'),
('หัวทะเล', 'เมืองนครราชสีมา', 'นครราชสีมา', '30000'),
('หัวทุ่ง', 'พล', 'ขอนแก่น', '40120'),
('หัวนา', 'เขมราฐ', 'อุบลราชธานี', '34170'),
('หัวนาคำ', 'กระนวน', 'ขอนแก่น', '40170'),
('หัวปลวก', 'เสาไห้', 'สระบุรี', '18160'),
('หัวป่า', 'พรหมบุรี', 'สิงห์บุรี', '16120'),
('หัวฝาย', 'แคนดง', 'บุรีรัมย์', '31150'),
('หัวรอ', 'พระนครศรีอยุธยา', 'พระนครศรีอยุธยา', '13000'),
('หัวลำ', 'ท่าหลวง', 'ลพบุรี', '15230'),
('หัวสะพาน', 'เมืองเพชรบุรี', 'เพชรบุรี', '76000'),
('หัวสำโรง', 'ท่าวุ้ง', 'ลพบุรี', '15150'),
('หัวหนอง', 'บ้านไผ่', 'ขอนแก่น', '40110');
INSERT INTO `p_district` (`District`, `Amphurs`, `Province`, `Zipcode`) VALUES
('หัวหมาก', 'บางกะปิ', 'กรุงเทพมหานคร', '10240'),
('หัวหวาย', 'ตาคลี', 'นครสวรรค์', '60140'),
('หัวหว้า', 'ศรีมหาโพธิ', 'ปราจีนบุรี', '25140'),
('หัวหิน', 'ห้วยเม็ก', 'กาฬสินธุ์', '46170'),
('หัวเขา', 'เดิมบางนางบวช', 'สุพรรณบุรี', '72120'),
('หัวเดียด', 'เมืองตาก', 'ตาก', '63000'),
('หัวเตย', 'พุนพิน', 'สุราษฎร์ธานี', '84130'),
('หัวเมือง', 'มหาชนะชัย', 'ยโสธร', '35130'),
('หัวเรือ', 'เมืองอุบลราชธานี', 'อุบลราชธานี', '34000'),
('หัวเวียง', 'เสนา', 'พระนครศรีอยุธยา', '13110'),
('หัวเสือ', 'ขุขันธ์', 'ศรีสะเกษ', '33140'),
('หัวโทน', 'สุวรรณภูมิ', 'ร้อยเอ็ด', '45130'),
('หัวโพ', 'บางแพ', 'ราชบุรี', '70160'),
('หัวโพธิ์', 'สองพี่น้อง', 'สุพรรณบุรี', '72110'),
('หัวไทร', 'บางคล้า', 'ฉะเชิงเทรา', '24110'),
('หัวไผ่', 'มหาราช', 'พระนครศรีอยุธยา', '13150'),
('หางดง', 'หางดง', 'เชียงใหม่', '50230'),
('หางน้ำสาคร', 'มโนรมย์', 'ชัยนาท', '17170'),
('หาดกรวด', 'เมืองอุตรดิตถ์', 'อุตรดิตถ์', '53000'),
('หาดขาม', 'กุยบุรี', 'ประจวบคีรีขันธ์', '77150'),
('หาดคัมภีร์', 'ปากชม', 'เลย', '42150'),
('หาดคำ', 'เมืองหนองคาย', 'หนองคาย', '43000'),
('หาดงิ้ว', 'เมืองอุตรดิตถ์', 'อุตรดิตถ์', '53000'),
('หาดทนง', 'เมืองอุทัยธานี', 'อุทัยธานี', '61000'),
('หาดทรายขาว', 'เชียงคาน', 'เลย', '42110'),
('หาดทรายรี', 'เมืองชุมพร', 'ชุมพร', '86120'),
('หาดท่าเสา', 'เมืองชัยนาท', 'ชัยนาท', '17000'),
('หาดนางแก้ว', 'กบินทร์บุรี', 'ปราจีนบุรี', '25110'),
('หาดพันไกร', 'เมืองชุมพร', 'ชุมพร', '86000'),
('หาดยาง', 'ศรีมหาโพธิ', 'ปราจีนบุรี', '25140'),
('หาดยาย', 'หลังสวน', 'ชุมพร', '86110'),
('หาดล้า', 'ท่าปลา', 'อุตรดิตถ์', '53190'),
('หาดสองแคว', 'ตรอน', 'อุตรดิตถ์', '53140'),
('หาดสำราญ', 'หาดสำราญ', 'ตรัง', '92120'),
('หาดสูง', 'โกรกพระ', 'นครสวรรค์', '60170'),
('หาดส้มแป้น', 'เมืองระนอง', 'ระนอง', '85000'),
('หาดอาษา', 'สรรพยา', 'ชัยนาท', '17150'),
('หาดเจ้าสำราญ', 'เมืองเพชรบุรี', 'เพชรบุรี', '76100'),
('หาดเล็ก', 'คลองใหญ่', 'ตราด', '23110'),
('หาดเสี้ยว', 'ศรีสัชนาลัย', 'สุโขทัย', '64130'),
('หาดแพง', 'ศรีสงคราม', 'นครพนม', '48150'),
('หาดใหญ่', 'หาดใหญ่', 'สงขลา', '90110'),
('หานโพธิ์', 'เขาชัยสน', 'พัทลุง', '93130'),
('หายยา', 'เมืองเชียงใหม่', 'เชียงใหม่', '50100'),
('หายโศก', 'พุทไธสง', 'บุรีรัมย์', '31120'),
('หารเทา', 'ปากพะยูน', 'พัทลุง', '93120'),
('หารแก้ว', 'หางดง', 'เชียงใหม่', '50230'),
('หินกอง', 'สุวรรณภูมิ', 'ร้อยเอ็ด', '45130'),
('หินซ้อน', 'แก่งคอย', 'สระบุรี', '18110'),
('หินดาด', 'ด่านขุนทด', 'นครราชสีมา', '30210'),
('หินดาต', 'ปางศิลาทอง', 'กำแพงเพชร', '62120'),
('หินตก', 'ร่อนพิบูลย์', 'นครศรีธรรมราช', '80350'),
('หินตั้ง', 'เมืองนครนายก', 'นครนายก', '26000'),
('หินปัก', 'บ้านหมี่', 'ลพบุรี', '15110'),
('หินมูล', 'บางเลน', 'นครปฐม', '73190'),
('หินลาด', 'บ้านกรวด', 'บุรีรัมย์', '31180'),
('หินฮาว', 'หล่มเก่า', 'เพชรบูรณ์', '67120'),
('หินเหล็กไฟ', 'คูเมือง', 'บุรีรัมย์', '31190'),
('หินแก้ว', 'ท่าแซะ', 'ชุมพร', '86190'),
('หินโคน', 'จักราช', 'นครราชสีมา', '30230'),
('หินโงม', 'เมืองหนองคาย', 'หนองคาย', '43000'),
('หิรัญรูจี', 'ธนบุรี', 'กรุงเทพมหานคร', '10600'),
('หูกวาง', 'บรรพตพิสัย', 'นครสวรรค์', '60180'),
('หูช้าง', 'บ้านไร่', 'อุทัยธานี', '61180'),
('หูทำนบ', 'ปะคำ', 'บุรีรัมย์', '31220'),
('หูล่อง', 'ปากพนัง', 'นครศรีธรรมราช', '80140'),
('ห่อหมก', 'บางไทร', 'พระนครศรีอยุธยา', '13190'),
('ห้วงน้ำขาว', 'เมืองตราด', 'ตราด', '23000'),
('ห้วย', 'ปทุมราชวงศา', 'อำนาจเจริญ', '37110'),
('ห้วยกรด', 'สรรคบุรี', 'ชัยนาท', '17140'),
('ห้วยกรดพัฒนา', 'สรรคบุรี', 'ชัยนาท', '17140'),
('ห้วยกระทิง', 'กรงปินัง', 'ยะลา', '95000'),
('ห้วยกระเจา', 'ห้วยกระเจา', 'กาญจนบุรี', '71170'),
('ห้วยกะปิ', 'เมืองชลบุรี', 'ชลบุรี', '20000'),
('ห้วยขมิ้น', 'หนองแค', 'สระบุรี', '18230'),
('ห้วยขวาง', 'ห้วยขวาง', 'กรุงเทพมหานคร', '10310'),
('ห้วยขะยุง', 'วารินชำราบ', 'อุบลราชธานี', '34310'),
('ห้วยขุนราม', 'พัฒนานิคม', 'ลพบุรี', '18220'),
('ห้วยข่า', 'บุณฑริก', 'อุบลราชธานี', '34230'),
('ห้วยข้อง', 'บ้านลาด', 'เพชรบุรี', '76150'),
('ห้วยข้าวก่ำ', 'จุน', 'พะเยา', '56150'),
('ห้วยคต', 'ห้วยคต', 'อุทัยธานี', '61170'),
('ห้วยคันแหลน', 'วิเศษชัยชาญ', 'อ่างทอง', '14110'),
('ห้วยงู', 'หันคา', 'ชัยนาท', '17160'),
('ห้วยจรเข้', 'เมืองนครปฐม', 'นครปฐม', '73000'),
('ห้วยจันทร์', 'ขุนหาญ', 'ศรีสะเกษ', '33150'),
('ห้วยชมภู', 'เมืองเชียงราย', 'เชียงราย', '57000'),
('ห้วยชัน', 'อินทร์บุรี', 'สิงห์บุรี', '16110'),
('ห้วยซ้อ', 'เชียงของ', 'เชียงราย', '57140'),
('ห้วยด้วน', 'ดอนตูม', 'นครปฐม', '73150'),
('ห้วยตามอญ', 'ภูสิงห์', 'ศรีสะเกษ', '33140'),
('ห้วยตึ๊กชู', 'ภูสิงห์', 'ศรีสะเกษ', '33140'),
('ห้วยต้อน', 'เมืองชัยภูมิ', 'ชัยภูมิ', '36000'),
('ห้วยถั่วเหนือ', 'หนองบัว', 'นครสวรรค์', '60110'),
('ห้วยถั่วใต้', 'หนองบัว', 'นครสวรรค์', '60110'),
('ห้วยทราย', 'หนองแค', 'สระบุรี', '18230'),
('ห้วยทรายเหนือ', 'ชะอำ', 'เพชรบุรี', '76120'),
('ห้วยทับทัน', 'ห้วยทับทัน', 'ศรีสะเกษ', '33210'),
('ห้วยทับมอญ', 'เขาชะเมา', 'ระยอง', '21110'),
('ห้วยท่าช้าง', 'เขาย้อย', 'เพชรบุรี', '76140'),
('ห้วยนาง', 'ห้วยยอด', 'ตรัง', '92130'),
('ห้วยน้ำขาว', 'คลองท่อม', 'กระบี่', '81120'),
('ห้วยน้ำหอม', 'ลาดยาว', 'นครสวรรค์', '60150'),
('ห้วยบง', 'เฉลิมพระเกียรติ', 'สระบุรี', '18000'),
('ห้วยบ่อซืน', 'ปากชม', 'เลย', '42150'),
('ห้วยปริก', 'ฉวาง', 'นครศรีธรรมราช', '80260'),
('ห้วยปูลิง', 'เมืองแม่ฮ่องสอน', 'แม่ฮ่องสอน', '58000'),
('ห้วยป่าหวาย', 'พระพุทธบาท', 'สระบุรี', '18120'),
('ห้วยผา', 'เมืองแม่ฮ่องสอน', 'แม่ฮ่องสอน', '58000'),
('ห้วยฝ้ายพัฒนา', 'ตระการพืชผล', 'อุบลราชธานี', '34130'),
('ห้วยพระ', 'ดอนตูม', 'นครปฐม', '73150'),
('ห้วยพลู', 'นครชัยศรี', 'นครปฐม', '73120'),
('ห้วยพิชัย', 'ปากชม', 'เลย', '42150'),
('ห้วยพุก', 'ดงเจริญ', 'พิจิตร', '66210'),
('ห้วยมุ่น', 'น้ำปาด', 'อุตรดิตถ์', '53110'),
('ห้วยม่วง', 'ภูผาม่าน', 'ขอนแก่น', '40350'),
('ห้วยม้า', 'เมืองแพร่', 'แพร่', '54000'),
('ห้วยยอด', 'ห้วยยอด', 'ตรัง', '92130'),
('ห้วยยั้ง', 'พรานกระต่าย', 'กำแพงเพชร', '62110'),
('ห้วยยาง', 'แกลง', 'ระยอง', '21110'),
('ห้วยยางขาม', 'จุน', 'พะเยา', '56150'),
('ห้วยยางโทน', 'ปากท่อ', 'ราชบุรี', '70140'),
('ห้วยยาบ', 'บ้านธิ', 'ลำพูน', '51180'),
('ห้วยยายจิ๋ว', 'เทพสถิต', 'ชัยภูมิ', '36230'),
('ห้วยยูง', 'เหนือคลอง', 'กระบี่', '81130'),
('ห้วยรอบ', 'หนองขาหย่าง', 'อุทัยธานี', '61130'),
('ห้วยราช', 'ห้วยราช', 'บุรีรัมย์', '31000'),
('ห้วยราชา', 'ห้วยราช', 'บุรีรัมย์', '31000'),
('ห้วยร่วม', 'หนองบัว', 'นครสวรรค์', '60110'),
('ห้วยลาน', 'ดอกคำใต้', 'พะเยา', '56120'),
('ห้วยลึก', 'บ้านลาด', 'เพชรบุรี', '76150'),
('ห้วยสะแก', 'เมืองเพชรบูรณ์', 'เพชรบูรณ์', '67210'),
('ห้วยสัก', 'เมืองเชียงราย', 'เชียงราย', '57000'),
('ห้วยสัตว์ใหญ่', 'หัวหิน', 'ประจวบคีรีขันธ์', '77110'),
('ห้วยสามพาด', 'ประจักษ์ศิลปาคม', 'อุดรธานี', '41110'),
('ห้วยสำราญ', 'กระสัง', 'บุรีรัมย์', '31160'),
('ห้วยสีเสียด', 'ภูหลวง', 'เลย', '42230'),
('ห้วยส้ม', 'ภูกระดึง', 'เลย', '42180'),
('ห้วยหมอนทอง', 'กำแพงแสน', 'นครปฐม', '73140'),
('ห้วยหม้าย', 'สอง', 'แพร่', '54120'),
('ห้วยหลัว', 'บ้านม่วง', 'สกลนคร', '47140'),
('ห้วยหอม', 'ตาคลี', 'นครสวรรค์', '60210'),
('ห้วยหิน', 'ชัยบาดาล', 'ลพบุรี', '15130'),
('ห้วยหินลาด', 'สุวรรณภูมิ', 'ร้อยเอ็ด', '45130'),
('ห้วยห้อม', 'แม่ลาน้อย', 'แม่ฮ่องสอน', '58120'),
('ห้วยอ้อ', 'ลอง', 'แพร่', '54150'),
('ห้วยเกตุ', 'ตะพานหิน', 'พิจิตร', '66110'),
('ห้วยเกิ้ง', 'กุมภวาปี', 'อุดรธานี', '41110'),
('ห้วยเขน', 'บางมูลนาก', 'พิจิตร', '66120'),
('ห้วยเขย่ง', 'ทองผาภูมิ', 'กาญจนบุรี', '71180'),
('ห้วยเตย', 'ซำสูง', 'ขอนแก่น', '40170'),
('ห้วยเม็ก', 'ห้วยเม็ก', 'กาฬสินธุ์', '46170'),
('ห้วยเหนือ', 'ขุขันธ์', 'ศรีสะเกษ', '33140'),
('ห้วยเฮี้ย', 'นครไทย', 'พิษณุโลก', '65120'),
('ห้วยแก', 'ชนบท', 'ขอนแก่น', '40180'),
('ห้วยแก้ง', 'กุดชุม', 'ยโสธร', '35140'),
('ห้วยแก้ว', 'แม่ออน', 'เชียงใหม่', '50130'),
('ห้วยแคน', 'ห้วยแถลง', 'นครราชสีมา', '30240'),
('ห้วยแถลง', 'ห้วยแถลง', 'นครราชสีมา', '30240'),
('ห้วยแม่เพรียง', 'แก่งกระจาน', 'เพชรบุรี', '76170'),
('ห้วยแย้', 'หนองบัวระเหว', 'ชัยภูมิ', '36250'),
('ห้วยแร้ง', 'เมืองตราด', 'ตราด', '23000'),
('ห้วยแห้ง', 'แก่งคอย', 'สระบุรี', '18110'),
('ห้วยแอ่ง', 'เมืองมหาสารคาม', 'มหาสารคาม', '44000'),
('ห้วยโก๋น', 'เฉลิมพระเกียรติ', 'น่าน', '55130'),
('ห้วยโจด', 'วัฒนานคร', 'สระแก้ว', '27160'),
('ห้วยโป่ง', 'โคกสำโรง', 'ลพบุรี', '15120'),
('ห้วยโพธิ์', 'เมืองกาฬสินธุ์', 'กาฬสินธุ์', '46000'),
('ห้วยโรง', 'ร้องกวาง', 'แพร่', '54140'),
('ห้วยใต้', 'ขุขันธ์', 'ศรีสะเกษ', '33140'),
('ห้วยใหญ่', 'สระโบสถ์', 'ลพบุรี', '15240'),
('ห้วยไคร้', 'แม่สาย', 'เชียงราย', '57220'),
('ห้วยไผ่', 'แสวงหา', 'อ่างทอง', '14150'),
('ห้วยไร่', 'คอนสวรรค์', 'ชัยภูมิ', '36140'),
('ห้องแซง', 'เลิงนกทา', 'ยโสธร', '35120'),
('ห้างฉัตร', 'ห้างฉัตร', 'ลำปาง', '52190'),
('ห้างสูง', 'หนองใหญ่', 'ชลบุรี', '20190'),
('องครักษ์', 'โพธิ์ทอง', 'อ่างทอง', '14120'),
('องค์พระ', 'ด่านช้าง', 'สุพรรณบุรี', '72180'),
('อนุสาวรีย์', 'บางเขน', 'กรุงเทพมหานคร', '10220'),
('อบทม', 'สามโก้', 'อ่างทอง', '14160'),
('อมก๋อย', 'อมก๋อย', 'เชียงใหม่', '50310'),
('อมฤต', 'ผักไห่', 'พระนครศรีอยุธยา', '13120'),
('อรพิมพ์', 'ครบุรี', 'นครราชสีมา', '30250'),
('อรัญคามวารี', 'เคียนซา', 'สุราษฎร์ธานี', '84260'),
('อรัญญิก', 'เมืองพิษณุโลก', 'พิษณุโลก', '65000'),
('อรัญประเทศ', 'อรัญประเทศ', 'สระแก้ว', '27120'),
('อรุณอมรินทร์', 'บางกอกน้อย', 'กรุงเทพมหานคร', '10700'),
('อวน', 'ปัว', 'น่าน', '55120'),
('ออนกลาง', 'แม่ออน', 'เชียงใหม่', '50130'),
('ออนเหนือ', 'แม่ออน', 'เชียงใหม่', '50130'),
('ออนใต้', 'สันกำแพง', 'เชียงใหม่', '50130'),
('ออย', 'ปง', 'พะเยา', '56140'),
('ออเงิน', 'สายไหม', 'กรุงเทพมหานคร', '10220'),
('อัคคะคำ', 'โพธิ์ชัย', 'ร้อยเอ็ด', '45230'),
('อัมพวา', 'อัมพวา', 'สมุทรสงคราม', '75110'),
('อัยเยอร์เวง', 'เบตง', 'ยะลา', '95110'),
('อากาศ', 'อากาศอำนวย', 'สกลนคร', '47170'),
('อาจสามารถ', 'อาจสามารถ', 'ร้อยเอ็ด', '45160'),
('อาซ่อง', 'รามัน', 'ยะลา', '95140'),
('อาษา', 'บ้านนา', 'นครนายก', '26110'),
('อาฮี', 'ท่าลี่', 'เลย', '42140'),
('อาเนาะรู', 'เมืองปัตตานี', 'ปัตตานี', '94000'),
('อาโพน', 'บัวเชด', 'สุรินทร์', '32230'),
('อำนาจ', 'ลืออำนาจ', 'อำนาจเจริญ', '37120'),
('อำแพง', 'บ้านแพ้ว', 'สมุทรสาคร', '74120'),
('อิตื้อ', 'ยางตลาด', 'กาฬสินธุ์', '46120'),
('อินคีรี', 'พรหมคีรี', 'นครศรีธรรมราช', '80320'),
('อินทขิล', 'แม่แตง', 'เชียงใหม่', '50150'),
('อินทประมูล', 'โพธิ์ทอง', 'อ่างทอง', '14120'),
('อินทร์บุรี', 'อินทร์บุรี', 'สิงห์บุรี', '16110'),
('อินทร์แปลง', 'วานรนิวาส', 'สกลนคร', '47120'),
('อิปัน', 'พระแสง', 'สุราษฎร์ธานี', '84210'),
('อิปุ่ม', 'ด่านซ้าย', 'เลย', '42120'),
('อิสาณ', 'เมืองบุรีรัมย์', 'บุรีรัมย์', '31000'),
('อีง่อง', 'จตุรพักตรพิมาน', 'ร้อยเอ็ด', '45180'),
('อีปาด', 'กันทรารมย์', 'ศรีสะเกษ', '33130'),
('อีสานเขต', 'เฉลิมพระเกียรติ', 'บุรีรัมย์', '31110'),
('อีเซ', 'โพธิ์ศรีสุวรรณ', 'ศรีสะเกษ', '33120'),
('อี่หล่ำ', 'อุทุมพรพิสัย', 'ศรีสะเกษ', '33120'),
('อุดมทรัพย์', 'วังน้ำเขียว', 'นครราชสีมา', '30370'),
('อุดมธัญญา', 'ตากฟ้า', 'นครสวรรค์', '60190'),
('อุดมพร', 'เฝ้าไร่', 'หนองคาย', '43230'),
('อุทัย', 'อุทัย', 'พระนครศรีอยุธยา', '13210'),
('อุทัยสวรรค์', 'นากลาง', 'หนองบัวลำภู', '39170'),
('อุทัยเก่า', 'หนองฉาง', 'อุทัยธานี', '61110'),
('อุทัยใหม่', 'เมืองอุทัยธานี', 'อุทัยธานี', '61000'),
('อุโมงค์', 'เมืองลำพูน', 'ลำพูน', '51150'),
('อุโลกสี่หมื่น', 'ท่ามะกา', 'กาญจนบุรี', '71130'),
('อุใดเจริญ', 'ควนกาหลง', 'สตูล', '91130'),
('อุ่มจาน', 'ประจักษ์ศิลปาคม', 'อุดรธานี', '41110'),
('อุ่มเม่า', 'โพนทอง', 'ร้อยเอ็ด', '45110'),
('อุ่มเม้า', 'ธวัชบุรี', 'ร้อยเอ็ด', '45170'),
('อุ่มเหม้า', 'ธาตุพนม', 'นครพนม', '48110'),
('อุ้มผาง', 'อุ้มผาง', 'ตาก', '63170'),
('อูบมุง', 'หนองวัวซอ', 'อุดรธานี', '41220'),
('อู่ตะเภา', 'มโนรมย์', 'ชัยนาท', '17170'),
('อู่ทอง', 'อู่ทอง', 'สุพรรณบุรี', '72160'),
('อู่โลก', 'ลำดวน', 'สุรินทร์', '32220'),
('อ่อนนุช', 'สวนหลวง', 'กรุงเทพมหานคร', '10250'),
('อ่างคีรี', 'มะขาม', 'จันทบุรี', '22150'),
('อ่างทอง', 'เชียงคำ', 'พะเยา', '56110'),
('อ่างศิลา', 'เมืองชลบุรี', 'ชลบุรี', '20000'),
('อ่างหิน', 'ปากท่อ', 'ราชบุรี', '70140'),
('อ่างแก้ว', 'โพธิ์ทอง', 'อ่างทอง', '14120'),
('อ่ายนาไลย', 'เวียงสา', 'น่าน', '55110'),
('อ่าวตง', 'วังวิเศษ', 'ตรัง', '92220'),
('อ่าวนาง', 'เมืองกระบี่', 'กระบี่', '81000'),
('อ่าวน้อย', 'เมืองประจวบคีรีขันธ์', 'ประจวบคีรีขันธ์', '77210'),
('อ่าวลึกน้อย', 'อ่าวลึก', 'กระบี่', '81110'),
('อ่าวลึกเหนือ', 'อ่าวลึก', 'กระบี่', '81110'),
('อ่าวลึกใต้', 'อ่าวลึก', 'กระบี่', '81110'),
('อ่าวใหญ่', 'เมืองตราด', 'ตราด', '23000'),
('อ้อมกอ', 'บ้านดุง', 'อุดรธานี', '41190'),
('อ้อมน้อย', 'กระทุ่มแบน', 'สมุทรสาคร', '74130'),
('อ้อมเกร็ด', 'ปากเกร็ด', 'นนทบุรี', '11120'),
('อ้อมใหญ่', 'สามพราน', 'นครปฐม', '73160'),
('ฮอด', 'ฮอด', 'เชียงใหม่', '50240'),
('ฮางโฮง', 'เมืองสกลนคร', 'สกลนคร', '47000'),
('เกตรี', 'เมืองสตูล', 'สตูล', '91140'),
('เกยไชย', 'ชุมแสง', 'นครสวรรค์', '60120'),
('เกรียงไกร', 'เมืองนครสวรรค์', 'นครสวรรค์', '60000'),
('เกวียนหัก', 'ขลุง', 'จันทบุรี', '22110'),
('เกษตรพัฒนา', 'บ้านแพ้ว', 'สมุทรสาคร', '74120'),
('เกษตรวิสัย', 'เกษตรวิสัย', 'ร้อยเอ็ด', '45150'),
('เกษตรสุวรรณ', 'บ่อทอง', 'ชลบุรี', '20270'),
('เกษม', 'ตระการพืชผล', 'อุบลราชธานี', '34130'),
('เกษมทรัพย์', 'ปักธงชัย', 'นครราชสีมา', '30150'),
('เกะรอ', 'รามัน', 'ยะลา', '95140'),
('เกาะกลาง', 'เกาะลันตา', 'กระบี่', '81120'),
('เกาะกูด', 'เกาะกูด', 'ตราด', '23000'),
('เกาะขนุน', 'พนมสารคาม', 'ฉะเชิงเทรา', '24120'),
('เกาะขวาง', 'เมืองจันทบุรี', 'จันทบุรี', '22000'),
('เกาะขันธ์', 'ชะอวด', 'นครศรีธรรมราช', '80180'),
('เกาะคอเขา', 'ตะกั่วป่า', 'พังงา', '82190'),
('เกาะคา', 'เกาะคา', 'ลำปาง', '52130'),
('เกาะจัน', 'มายอ', 'ปัตตานี', '94140'),
('เกาะจันทร์', 'เกาะจันทร์', 'ชลบุรี', '20240'),
('เกาะช้าง', 'เกาะช้าง', 'ตราด', '23170'),
('เกาะช้างใต้', 'เกาะช้าง', 'ตราด', '23170'),
('เกาะตะเภา', 'บ้านตาก', 'ตาก', '63120'),
('เกาะตาล', 'ขาณุวรลักษบุรี', 'กำแพงเพชร', '62130'),
('เกาะตาเลี้ยง', 'ศรีสำโรง', 'สุโขทัย', '64120'),
('เกาะทวด', 'ปากพนัง', 'นครศรีธรรมราช', '80330'),
('เกาะนางคำ', 'ปากพะยูน', 'พัทลุง', '93120'),
('เกาะปันหยี', 'เมืองพังงา', 'พังงา', '82000'),
('เกาะพยาม', 'เมืองระนอง', 'ระนอง', '85000'),
('เกาะพระทอง', 'คุระบุรี', 'พังงา', '82150'),
('เกาะพลับพลา', 'เมืองราชบุรี', 'ราชบุรี', '70000'),
('เกาะพะงัน', 'เกาะพะงัน', 'สุราษฎร์ธานี', '84280'),
('เกาะมะนาว', 'บำเหน็จณรงค์', 'ชัยภูมิ', '36160'),
('เกาะยอ', 'เมืองสงขลา', 'สงขลา', '90100'),
('เกาะยาวน้อย', 'เกาะยาว', 'พังงา', '82160'),
('เกาะยาวใหญ่', 'เกาะยาว', 'พังงา', '82160'),
('เกาะรัง', 'ชัยบาดาล', 'ลพบุรี', '15130'),
('เกาะลอย', 'พานทอง', 'ชลบุรี', '20160'),
('เกาะลันตาน้อย', 'เกาะลันตา', 'กระบี่', '81150'),
('เกาะลันตาใหญ่', 'เกาะลันตา', 'กระบี่', '81150'),
('เกาะลิบง', 'กันตัง', 'ตรัง', '92110'),
('เกาะศรีบอยา', 'เหนือคลอง', 'กระบี่', '81130'),
('เกาะศาลพระ', 'วัดเพลง', 'ราชบุรี', '70170'),
('เกาะสะท้อน', 'ตากใบ', 'นราธิวาส', '96110'),
('เกาะสะบ้า', 'เทพา', 'สงขลา', '90150'),
('เกาะสาหร่าย', 'เมืองสตูล', 'สตูล', '91000'),
('เกาะสำโรง', 'เมืองกาญจนบุรี', 'กาญจนบุรี', '71000'),
('เกาะสุกร', 'ปะเหลียน', 'ตรัง', '92120'),
('เกาะหมาก', 'เกาะกูด', 'ตราด', '23120'),
('เกาะหลัก', 'เมืองประจวบคีรีขันธ์', 'ประจวบคีรีขันธ์', '77000'),
('เกาะหวาย', 'ปากพลี', 'นครนายก', '26130'),
('เกาะเกร็ด', 'ปากเกร็ด', 'นนทบุรี', '11120'),
('เกาะเกิด', 'บางปะอิน', 'พระนครศรีอยุธยา', '13160'),
('เกาะเต่า', 'เกาะพะงัน', 'สุราษฎร์ธานี', '84360'),
('เกาะเทโพ', 'เมืองอุทัยธานี', 'อุทัยธานี', '61000'),
('เกาะเปริด', 'แหลมสิงห์', 'จันทบุรี', '22130'),
('เกาะเปาะ', 'หนองจิก', 'ปัตตานี', '94170'),
('เกาะเปียะ', 'ย่านตาขาว', 'ตรัง', '92140'),
('เกาะเพชร', 'หัวไทร', 'นครศรีธรรมราช', '80170'),
('เกาะเรียน', 'พระนครศรีอยุธยา', 'พระนครศรีอยุธยา', '13000'),
('เกาะแก้ว', 'โคกสำโรง', 'ลพบุรี', '15120'),
('เกาะแต้ว', 'เมืองสงขลา', 'สงขลา', '90000'),
('เกาะโพธิ์', 'ปากพลี', 'นครนายก', '26130'),
('เกาะใหญ่', 'กระแสสินธุ์', 'สงขลา', '90270'),
('เกาะไร่', 'บ้านโพธิ์', 'ฉะเชิงเทรา', '24140'),
('เกิ้ง', 'เมืองมหาสารคาม', 'มหาสารคาม', '44000'),
('เกียร์', 'สุคิริน', 'นราธิวาส', '96190'),
('เก่ากลอย', 'นากลาง', 'หนองบัวลำภู', '39350'),
('เก่าขาม', 'น้ำยืน', 'อุบลราชธานี', '34260'),
('เก่างิ้ว', 'พล', 'ขอนแก่น', '40120'),
('เก่าย่าดี', 'แก้งคร้อ', 'ชัยภูมิ', '36150'),
('เก้าเลี้ยว', 'เก้าเลี้ยว', 'นครสวรรค์', '60230'),
('เขมราฐ', 'เขมราฐ', 'อุบลราชธานี', '34170'),
('เขวา', 'เมืองมหาสารคาม', 'มหาสารคาม', '44000'),
('เขวาทุ่ง', 'ธวัชบุรี', 'ร้อยเอ็ด', '45170'),
('เขวาสินรินทร์', 'เขวาสินรินทร์', 'สุรินทร์', '32000'),
('เขวาใหญ่', 'กันทรวิชัย', 'มหาสารคาม', '44150'),
('เขวาไร่', 'โกสุมพิสัย', 'มหาสารคาม', '44140'),
('เขากระปุก', 'ท่ายาง', 'เพชรบุรี', '76130'),
('เขากวางทอง', 'หนองฉาง', 'อุทัยธานี', '61110'),
('เขากอบ', 'ห้วยยอด', 'ตรัง', '92130'),
('เขากะลา', 'พยุหะคีรี', 'นครสวรรค์', '60130'),
('เขาขลุง', 'บ้านโป่ง', 'ราชบุรี', '70110'),
('เขาขาว', 'ทุ่งสง', 'นครศรีธรรมราช', '80110'),
('เขาขี้ฝอย', 'ทัพทัน', 'อุทัยธานี', '61120'),
('เขาคราม', 'เมืองกระบี่', 'กระบี่', '81000'),
('เขาคอก', 'ประโคนชัย', 'บุรีรัมย์', '31140'),
('เขาคันทรง', 'ศรีราชา', 'ชลบุรี', '20110'),
('เขาคีริส', 'พรานกระต่าย', 'กำแพงเพชร', '62110'),
('เขาค่าย', 'สวี', 'ชุมพร', '86130'),
('เขาค้อ', 'เขาค้อ', 'เพชรบูรณ์', '67270'),
('เขาจ้าว', 'ปราณบุรี', 'ประจวบคีรีขันธ์', '77120'),
('เขาฉกรรจ์', 'เขาฉกรรจ์', 'สระแก้ว', '27000'),
('เขาชนกัน', 'แม่วงก์', 'นครสวรรค์', '60150'),
('เขาชะงุ้ม', 'โพธาราม', 'ราชบุรี', '70120'),
('เขาชัยสน', 'เขาชัยสน', 'พัทลุง', '93130'),
('เขาชายธง', 'ตากฟ้า', 'นครสวรรค์', '60190'),
('เขาซก', 'หนองใหญ่', 'ชลบุรี', '20190'),
('เขาดิน', 'หนองแซง', 'สระบุรี', '18170'),
('เขาดินพัฒนา', 'เฉลิมพระเกียรติ', 'สระบุรี', '18000'),
('เขาดินเหนือ', 'บ้านกรวด', 'บุรีรัมย์', '31180'),
('เขาตอก', 'เคียนซา', 'สุราษฎร์ธานี', '84260'),
('เขาตูม', 'ยะรัง', 'ปัตตานี', '94160'),
('เขาต่อ', 'ปลายพระยา', 'กระบี่', '81160'),
('เขาถ่าน', 'ท่าฉาง', 'สุราษฎร์ธานี', '84150'),
('เขาทราย', 'ทับคล้อ', 'พิจิตร', '66230'),
('เขาทอง', 'พยุหะคีรี', 'นครสวรรค์', '60130'),
('เขาทะลุ', 'สวี', 'ชุมพร', '86130'),
('เขาท่าพระ', 'เมืองชัยนาท', 'ชัยนาท', '17000'),
('เขานิพันธ์', 'เวียงสระ', 'สุราษฎร์ธานี', '84190'),
('เขานิเวศน์', 'เมืองระนอง', 'ระนอง', '85000'),
('เขาน้อย', 'ลำสนธิ', 'ลพบุรี', '15130'),
('เขาบางแกรก', 'หนองฉาง', 'อุทัยธานี', '61170'),
('เขาบายศรี', 'ท่าใหม่', 'จันทบุรี', '22120'),
('เขาปูน', 'ห้วยยอด', 'ตรัง', '92130'),
('เขาปู่', 'ศรีบรรพต', 'พัทลุง', '93190'),
('เขาพนม', 'เขาพนม', 'กระบี่', '81140'),
('เขาพระ', 'เมืองนครนายก', 'นครนายก', '26000'),
('เขาพระงาม', 'เมืองลพบุรี', 'ลพบุรี', '15160'),
('เขาพระทอง', 'ชะอวด', 'นครศรีธรรมราช', '80180'),
('เขาพระนอน', 'ยางตลาด', 'กาฬสินธุ์', '46120'),
('เขาพระบาท', 'เชียรใหญ่', 'นครศรีธรรมราช', '80190'),
('เขาพัง', 'บ้านตาขุน', 'สุราษฎร์ธานี', '84230'),
('เขาพังไกร', 'หัวไทร', 'นครศรีธรรมราช', '80170'),
('เขามีเกียรติ', 'สะเดา', 'สงขลา', '90170'),
('เขาย่า', 'ศรีบรรพต', 'พัทลุง', '93190'),
('เขาย้อย', 'เขาย้อย', 'เพชรบุรี', '76140'),
('เขารวก', 'ลำสนธิ', 'ลพบุรี', '15190'),
('เขารูปช้าง', 'เมืองสงขลา', 'สงขลา', '90000'),
('เขาล้าน', 'ทับสะแก', 'ประจวบคีรีขันธ์', '77130'),
('เขาวง', 'พระพุทธบาท', 'สระบุรี', '18120'),
('เขาวงกต', 'แก่งหางแมว', 'จันทบุรี', '22160'),
('เขาวัว', 'ท่าใหม่', 'จันทบุรี', '22120'),
('เขาวิเศษ', 'วังวิเศษ', 'ตรัง', '92220'),
('เขาสมอคอน', 'ท่าวุ้ง', 'ลพบุรี', '15180'),
('เขาสมิง', 'เขาสมิง', 'ตราด', '23130'),
('เขาสวนกวาง', 'เขาสวนกวาง', 'ขอนแก่น', '40280'),
('เขาสามยอด', 'เมืองลพบุรี', 'ลพบุรี', '15000'),
('เขาสามสิบ', 'เขาฉกรรจ์', 'สระแก้ว', '27000'),
('เขาสามสิบหาบ', 'ท่ามะกา', 'กาญจนบุรี', '71120'),
('เขาหลวง', 'วังสะพุง', 'เลย', '42130'),
('เขาหัวควาย', 'พุนพิน', 'สุราษฎร์ธานี', '84130'),
('เขาหินซ้อน', 'พนมสารคาม', 'ฉะเชิงเทรา', '24120'),
('เขาเขน', 'ปลายพระยา', 'กระบี่', '81160'),
('เขาเจียก', 'เมืองพัทลุง', 'พัทลุง', '93000'),
('เขาเจ็ดลูก', 'ทับคล้อ', 'พิจิตร', '66230'),
('เขาเพิ่ม', 'บ้านนา', 'นครนายก', '26110'),
('เขาแก้ว', 'สรรพยา', 'ชัยนาท', '17150'),
('เขาแก้วศรีสมบูรณ์', 'ทุ่งเสลี่ยม', 'สุโขทัย', '64230'),
('เขาแดง', 'กุยบุรี', 'ประจวบคีรีขันธ์', '77150'),
('เขาแร้ง', 'เมืองราชบุรี', 'ราชบุรี', '70000'),
('เขาแหลม', 'ชัยบาดาล', 'ลพบุรี', '15130'),
('เขาโจด', 'ศรีสวัสดิ์', 'กาญจนบุรี', '71220'),
('เขาโร', 'ทุ่งสง', 'นครศรีธรรมราช', '80110'),
('เขาใหญ่', 'ชะอำ', 'เพชรบุรี', '76120'),
('เขาไชยราช', 'ปะทิว', 'ชุมพร', '86210'),
('เขาไพร', 'รัษฎา', 'ตรัง', '92160'),
('เขาไม้แก้ว', 'บางละมุง', 'ชลบุรี', '20150'),
('เขิน', 'น้ำเกลี้ยง', 'ศรีสะเกษ', '33130'),
('เขือน้ำ', 'บ้านผือ', 'อุดรธานี', '41160'),
('เขื่องคำ', 'เมืองยโสธร', 'ยโสธร', '35000'),
('เขื่องใน', 'เขื่องใน', 'อุบลราชธานี', '34150'),
('เขื่อน', 'โกสุมพิสัย', 'มหาสารคาม', '44140'),
('เขื่อนบางลาง', 'บันนังสตา', 'ยะลา', '95130'),
('เขื่อนผาก', 'พร้าว', 'เชียงใหม่', '50190'),
('เขื่อนอุบลรัตน์', 'อุบลรัตน์', 'ขอนแก่น', '40250'),
('เข็กน้อย', 'เขาค้อ', 'เพชรบูรณ์', '67280'),
('เคร็ง', 'ชะอวด', 'นครศรีธรรมราช', '80180'),
('เคียนซา', 'เคียนซา', 'สุราษฎร์ธานี', '84260'),
('เค็งใหญ่', 'หัวตะพาน', 'อำนาจเจริญ', '37240'),
('เจดีย์', 'อู่ทอง', 'สุพรรณบุรี', '72160'),
('เจดีย์คำ', 'เชียงคำ', 'พะเยา', '56110'),
('เจดีย์ชัย', 'ปัว', 'น่าน', '55120'),
('เจดีย์หลวง', 'แม่สรวย', 'เชียงราย', '57180'),
('เจดีย์หัก', 'เมืองราชบุรี', 'ราชบุรี', '70000'),
('เจริญธรรม', 'วิหารแดง', 'สระบุรี', '18150'),
('เจริญผล', 'บรรพตพิสัย', 'นครสวรรค์', '60180'),
('เจริญราษฎร์', 'แม่ใจ', 'พะเยา', '56130'),
('เจริญศิลป์', 'เจริญศิลป์', 'สกลนคร', '47290'),
('เจริญสุข', 'เฉลิมพระเกียรติ', 'บุรีรัมย์', '31110'),
('เจริญเมือง', 'พาน', 'เชียงราย', '57120'),
('เจาทอง', 'ภักดีชุมพล', 'ชัยภูมิ', '36260'),
('เจียด', 'เขมราฐ', 'อุบลราชธานี', '34170'),
('เจ็ดริ้ว', 'บ้านแพ้ว', 'สมุทรสาคร', '74120'),
('เจ็ดเสมียน', 'โพธาราม', 'ราชบุรี', '70120'),
('เจ้าท่า', 'กมลาไสย', 'กาฬสินธุ์', '46130'),
('เจ้าปลุก', 'มหาราช', 'พระนครศรีอยุธยา', '13150'),
('เจ้าวัด', 'บ้านไร่', 'อุทัยธานี', '61140'),
('เจ้าเจ็ด', 'เสนา', 'พระนครศรีอยุธยา', '13110'),
('เจ้าเสด็จ', 'เสนา', 'พระนครศรีอยุธยา', '13110'),
('เจ๊ะบิลัง', 'เมืองสตูล', 'สตูล', '91000'),
('เจ๊ะเห', 'ตากใบ', 'นราธิวาส', '96110'),
('เฉนียง', 'เมืองสุรินทร์', 'สุรินทร์', '32000'),
('เฉลิม', 'ระแงะ', 'นราธิวาส', '96130'),
('เฉลียง', 'ครบุรี', 'นครราชสีมา', '30250'),
('เชิงกลัด', 'บางระจัน', 'สิงห์บุรี', '16130'),
('เชิงคีรี', 'ศรีสาคร', 'นราธิวาส', '96210'),
('เชิงชุม', 'พรรณานิคม', 'สกลนคร', '47130'),
('เชิงดอย', 'ดอยสะเก็ด', 'เชียงใหม่', '50220'),
('เชิงทะเล', 'ถลาง', 'ภูเก็ต', '83110'),
('เชิงเนิน', 'เมืองระยอง', 'ระยอง', '21000'),
('เชิงแส', 'กระแสสินธุ์', 'สงขลา', '90270'),
('เชียงกลม', 'ปากชม', 'เลย', '42150'),
('เชียงกลาง', 'เชียงกลาง', 'น่าน', '55160'),
('เชียงขวัญ', 'เชียงขวัญ', 'ร้อยเอ็ด', '45000'),
('เชียงของ', 'นาน้อย', 'น่าน', '55150'),
('เชียงคาน', 'เชียงคาน', 'เลย', '42110'),
('เชียงงา', 'บ้านหมี่', 'ลพบุรี', '15110'),
('เชียงดา', 'สร้างคอม', 'อุดรธานี', '41260'),
('เชียงดาว', 'เชียงดาว', 'เชียงใหม่', '50170'),
('เชียงทอง', 'วังเจ้า', 'ตาก', '63180'),
('เชียงบาน', 'เชียงคำ', 'พะเยา', '56110'),
('เชียงพิณ', 'เมืองอุดรธานี', 'อุดรธานี', '41000'),
('เชียงม่วน', 'เชียงม่วน', 'พะเยา', '56160'),
('เชียงยืน', 'เมืองอุดรธานี', 'อุดรธานี', '41000'),
('เชียงรากน้อย', 'สามโคก', 'ปทุมธานี', '12160'),
('เชียงรากใหญ่', 'สามโคก', 'ปทุมธานี', '12160'),
('เชียงสือ', 'โพนนาแก้ว', 'สกลนคร', '47230'),
('เชียงหวาง', 'เพ็ญ', 'อุดรธานี', '41150'),
('เชียงเครือ', 'เมืองกาฬสินธุ์', 'กาฬสินธุ์', '46000'),
('เชียงเคี่ยน', 'เทิง', 'เชียงราย', '57230'),
('เชียงเงิน', 'เมืองตาก', 'ตาก', '63000'),
('เชียงเพ็ง', 'ป่าติ้ว', 'ยโสธร', '35150'),
('เชียงแรง', 'ภูซาง', 'พะเยา', '56110'),
('เชียงแหว', 'กุมภวาปี', 'อุดรธานี', '41110'),
('เชียงใหม่', 'โพธิ์ชัย', 'ร้อยเอ็ด', '45230'),
('เชียรเขา', 'เฉลิมพระเกียรติ', 'นครศรีธรรมราช', '80190'),
('เชียรใหญ่', 'เชียรใหญ่', 'นครศรีธรรมราช', '80190'),
('เชี่ยวเหลียง', 'กะเปอร์', 'ระนอง', '85120'),
('เชื้อเพลิง', 'ปราสาท', 'สุรินทร์', '32140'),
('เซกา', 'เซกา', 'บึงกาฬ', '38150'),
('เซิม', 'โพนพิสัย', 'หนองคาย', '43120'),
('เซเป็ด', 'ตระการพืชผล', 'อุบลราชธานี', '34130'),
('เดิด', 'เมืองยโสธร', 'ยโสธร', '35000'),
('เดิมบาง', 'เดิมบางนางบวช', 'สุพรรณบุรี', '72120'),
('เดื่อศรีคันไชย', 'วานรนิวาส', 'สกลนคร', '47120'),
('เด่นชัย', 'เด่นชัย', 'แพร่', '54110'),
('เด่นราษฎร์', 'หนองฮี', 'ร้อยเอ็ด', '45140'),
('เด่นเหล็ก', 'น้ำปาด', 'อุตรดิตถ์', '53110'),
('เด่นใหญ่', 'หันคา', 'ชัยนาท', '17130'),
('เตย', 'ม่วงสามสิบ', 'อุบลราชธานี', '34140'),
('เตราะบอน', 'สายบุรี', 'ปัตตานี', '94110'),
('เตาปูน', 'แก่งคอย', 'สระบุรี', '18110'),
('เตาไห', 'เพ็ญ', 'อุดรธานี', '41150'),
('เต่างอย', 'เต่างอย', 'สกลนคร', '47260'),
('เต่าเล่า', 'บางซ้าย', 'พระนครศรีอยุธยา', '13270'),
('เถินบุรี', 'เถิน', 'ลำปาง', '52160'),
('เทนมีย์', 'เมืองสุรินทร์', 'สุรินทร์', '32000'),
('เทพกระษัตรี', 'ถลาง', 'ภูเก็ต', '83110'),
('เทพคีรี', 'นาวัง', 'หนองบัวลำภู', '39170'),
('เทพนคร', 'เมืองกำแพงเพชร', 'กำแพงเพชร', '62000'),
('เทพนิมิต', 'โป่งน้ำร้อน', 'จันทบุรี', '22140'),
('เทพมงคล', 'บางซ้าย', 'พระนครศรีอยุธยา', '13270'),
('เทพรักษา', 'สังขะ', 'สุรินทร์', '32150'),
('เทพราช', 'บ้านโพธิ์', 'ฉะเชิงเทรา', '24140'),
('เทพา', 'เทพา', 'สงขลา', '90150'),
('เทพารักษ์', 'เมืองสมุทรปราการ', 'สมุทรปราการ', '10270'),
('เทพาลัย', 'คง', 'นครราชสีมา', '30260'),
('เทพเสด็จ', 'ดอยสะเก็ด', 'เชียงใหม่', '50220'),
('เทวราช', 'ไชโย', 'อ่างทอง', '14140'),
('เทอดไทย', 'ทุ่งเขาหลวง', 'ร้อยเอ็ด', '45170'),
('เที่ยงแท้', 'สรรคบุรี', 'ชัยนาท', '17140'),
('เนินกว้าว', 'โกรกพระ', 'นครสวรรค์', '60170'),
('เนินกุ่ม', 'บางกระทุ่ม', 'พิษณุโลก', '65210'),
('เนินขาม', 'เนินขาม', 'ชัยนาท', '17130'),
('เนินขี้เหล็ก', 'ลาดยาว', 'นครสวรรค์', '60150'),
('เนินฆ้อ', 'แกลง', 'ระยอง', '21110'),
('เนินงาม', 'รามัน', 'ยะลา', '95140'),
('เนินทราย', 'เมืองตราด', 'ตราด', '23000'),
('เนินปอ', 'สามง่าม', 'พิจิตร', '66140'),
('เนินพระ', 'เมืองระยอง', 'ระยอง', '21000'),
('เนินพระปรางค์', 'สองพี่น้อง', 'สุพรรณบุรี', '72110'),
('เนินมะกอก', 'พยุหะคีรี', 'นครสวรรค์', '60130'),
('เนินมะปราง', 'เนินมะปราง', 'พิษณุโลก', '65190'),
('เนินยาง', 'คำม่วง', 'กาฬสินธุ์', '46180'),
('เนินศาลา', 'โกรกพระ', 'นครสวรรค์', '60170'),
('เนินสว่าง', 'โพธิ์ประทับช้าง', 'พิจิตร', '66190'),
('เนินหอม', 'เมืองปราจีนบุรี', 'ปราจีนบุรี', '25230'),
('เนินเพิ่ม', 'นครไทย', 'พิษณุโลก', '65120'),
('เนินแจง', 'เมืองอุทัยธานี', 'อุทัยธานี', '61000'),
('เบญจขร', 'คลองหาด', 'สระแก้ว', '27260'),
('เบตง', 'เบตง', 'ยะลา', '95110'),
('เบิกไพร', 'บ้านโป่ง', 'ราชบุรี', '70110'),
('เบิด', 'รัตนบุรี', 'สุรินทร์', '32130'),
('เปร็ง', 'บางบ่อ', 'สมุทรปราการ', '10560'),
('เปลี่ยน', 'สิชล', 'นครศรีธรรมราช', '80120'),
('เปาะเส้ง', 'เมืองยะลา', 'ยะลา', '95000'),
('เปียงหลวง', 'เวียงแหง', 'เชียงใหม่', '50350'),
('เปียน', 'สะบ้าย้อย', 'สงขลา', '90210'),
('เปือ', 'เชียงกลาง', 'น่าน', '55160'),
('เปือย', 'ลืออำนาจ', 'อำนาจเจริญ', '37120'),
('เปือยน้อย', 'เปือยน้อย', 'ขอนแก่น', '40340'),
('เปือยใหญ่', 'โนนศิลา', 'ขอนแก่น', '40110'),
('เป็นสุข', 'จอมพระ', 'สุรินทร์', '32180'),
('เป้า', 'ตระการพืชผล', 'อุบลราชธานี', '34130'),
('เป๊าะ', 'บึงบูรพ์', 'ศรีสะเกษ', '33220'),
('เฝ้าไร่', 'เฝ้าไร่', 'หนองคาย', '43230'),
('เพ', 'เมืองระยอง', 'ระยอง', '21160'),
('เพชรชมภู', 'โกสัมพีนคร', 'กำแพงเพชร', '62000'),
('เพชรละคร', 'หนองไผ่', 'เพชรบูรณ์', '67140'),
('เพนียด', 'โคกสำโรง', 'ลพบุรี', '15120'),
('เพหลา', 'คลองท่อม', 'กระบี่', '81120'),
('เพิ่มพูนทรัพย์', 'บ้านนาสาร', 'สุราษฎร์ธานี', '84120'),
('เพี้ยราม', 'เมืองสุรินทร์', 'สุรินทร์', '32000'),
('เพ็กใหญ่', 'พล', 'ขอนแก่น', '40120'),
('เพ็ญ', 'เพ็ญ', 'อุดรธานี', '41150'),
('เมยวดี', 'เมยวดี', 'ร้อยเอ็ด', '45250'),
('เมาะมาวี', 'ยะรัง', 'ปัตตานี', '94160'),
('เมือง', 'กันทรลักษ์', 'ศรีสะเกษ', '33110'),
('เมืองการุ้ง', 'บ้านไร่', 'อุทัยธานี', '61180'),
('เมืองก๋าย', 'แม่แตง', 'เชียงใหม่', '50150'),
('เมืองคง', 'คง', 'นครราชสีมา', '30260'),
('เมืองคอง', 'เชียงดาว', 'เชียงใหม่', '50170'),
('เมืองงาย', 'เชียงดาว', 'เชียงใหม่', '50170'),
('เมืองจัง', 'ภูเพียง', 'น่าน', '55000'),
('เมืองจันทร์', 'เมืองจันทร์', 'ศรีสะเกษ', '33120'),
('เมืองชุม', 'เวียงชัย', 'เชียงราย', '57210'),
('เมืองทอง', 'เมืองร้อยเอ็ด', 'ร้อยเอ็ด', '45000'),
('เมืองที', 'เมืองสุรินทร์', 'สุรินทร์', '32000'),
('เมืองทุ่ง', 'สุวรรณภูมิ', 'ร้อยเอ็ด', '45130'),
('เมืองนะ', 'เชียงดาว', 'เชียงใหม่', '50170'),
('เมืองนาท', 'ขามสะแกแสง', 'นครราชสีมา', '30290'),
('เมืองน้อย', 'กันทรารมย์', 'ศรีสะเกษ', '33130'),
('เมืองบัว', 'ชุมพลบุรี', 'สุรินทร์', '32190'),
('เมืองบางขลัง', 'สวรรคโลก', 'สุโขทัย', '64110'),
('เมืองบางยม', 'สวรรคโลก', 'สุโขทัย', '64110'),
('เมืองปราสาท', 'โนนสูง', 'นครราชสีมา', '30160'),
('เมืองปอน', 'ขุนยวม', 'แม่ฮ่องสอน', '58140'),
('เมืองปัก', 'ปักธงชัย', 'นครราชสีมา', '30150'),
('เมืองปาน', 'เมืองปาน', 'ลำปาง', '52240'),
('เมืองฝาง', 'เมืองบุรีรัมย์', 'บุรีรัมย์', '31000'),
('เมืองฝ้าย', 'หนองหงส์', 'บุรีรัมย์', '31240'),
('เมืองพล', 'พล', 'ขอนแก่น', '40120'),
('เมืองพลับพลา', 'ห้วยแถลง', 'นครราชสีมา', '30240'),
('เมืองพะไล', 'บัวลาย', 'นครราชสีมา', '30120'),
('เมืองพาน', 'บ้านผือ', 'อุดรธานี', '41160'),
('เมืองมาย', 'แจ้ห่ม', 'ลำปาง', '52120'),
('เมืองยาง', 'เมืองยาง', 'นครราชสีมา', '30270'),
('เมืองยาว', 'ห้างฉัตร', 'ลำปาง', '52190'),
('เมืองลี', 'นาหมื่น', 'น่าน', '55180'),
('เมืองลีง', 'จอมพระ', 'สุรินทร์', '32180'),
('เมืองศรีไค', 'วารินชำราบ', 'อุบลราชธานี', '34190'),
('เมืองสรวง', 'เมืองสรวง', 'ร้อยเอ็ด', '45220'),
('เมืองสวรรคโลก', 'สวรรคโลก', 'สุโขทัย', '64110'),
('เมืองหงส์', 'จตุรพักตรพิมาน', 'ร้อยเอ็ด', '45180'),
('เมืองหมี', 'เมืองหนองคาย', 'หนองคาย', '43000'),
('เมืองหลวง', 'ห้วยทับทัน', 'ศรีสะเกษ', '33210'),
('เมืองเกษตร', 'ขามสะแกแสง', 'นครราชสีมา', '30290'),
('เมืองเก่า', 'เสาไห้', 'สระบุรี', '18160'),
('เมืองเก่าพัฒนา', 'เวียงเก่า', 'ขอนแก่น', '40150'),
('เมืองเดช', 'เดชอุดม', 'อุบลราชธานี', '34160'),
('เมืองเตา', 'พยัคฆภูมิพิสัย', 'มหาสารคาม', '44110'),
('เมืองเปลือย', 'ศรีสมเด็จ', 'ร้อยเอ็ด', '45000'),
('เมืองเพีย', 'บ้านไผ่', 'ขอนแก่น', '40110'),
('เมืองเล็น', 'สันทราย', 'เชียงใหม่', '50210'),
('เมืองเสือ', 'พยัคฆภูมิพิสัย', 'มหาสารคาม', '44110'),
('เมืองเหนือ', 'เมืองศรีสะเกษ', 'ศรีสะเกษ', '33000'),
('เมืองแก', 'สตึก', 'บุรีรัมย์', '31150'),
('เมืองแคน', 'ราษีไศล', 'ศรีสะเกษ', '33160'),
('เมืองแปง', 'ปาย', 'แม่ฮ่องสอน', '58130'),
('เมืองแฝก', 'ลำปลายมาศ', 'บุรีรัมย์', '31130'),
('เมืองแหง', 'เวียงแหง', 'เชียงใหม่', '50350'),
('เมืองโดน', 'ประทาย', 'นครราชสีมา', '30180'),
('เมืองโพธิ์', 'ห้วยราช', 'บุรีรัมย์', '31000'),
('เมืองใต้', 'เมืองศรีสะเกษ', 'ศรีสะเกษ', '33000'),
('เมืองใหม่', 'ราชสาส์น', 'ฉะเชิงเทรา', '24120'),
('เมืองไผ่', 'อรัญประเทศ', 'สระแก้ว', '27120'),
('เมืองไพร', 'เสลภูมิ', 'ร้อยเอ็ด', '45120'),
('เม็กดำ', 'พยัคฆภูมิพิสัย', 'มหาสารคาม', '44110'),
('เม็งราย', 'พญาเม็งราย', 'เชียงราย', '57290'),
('เย้ยปราสาท', 'หนองกี่', 'บุรีรัมย์', '31210'),
('เรณู', 'เรณูนคร', 'นครพนม', '48170'),
('เรณูใต้', 'เรณูนคร', 'นครพนม', '48170'),
('เริงราง', 'เสาไห้', 'สระบุรี', '18160'),
('เรียง', 'รือเสาะ', 'นราธิวาส', '96150'),
('เรือง', 'เมืองน่าน', 'น่าน', '55000'),
('เลม็ด', 'ไชยา', 'สุราษฎร์ธานี', '84110'),
('เลยวังไสย์', 'ภูหลวง', 'เลย', '42230'),
('เลาขวัญ', 'เลาขวัญ', 'กาญจนบุรี', '71210'),
('เลิงแฝก', 'กุดรัง', 'มหาสารคาม', '44130'),
('เลิงใต้', 'โกสุมพิสัย', 'มหาสารคาม', '44140'),
('เวินพระบาท', 'ท่าอุเทน', 'นครพนม', '48120'),
('เวียง', 'ฝาง', 'เชียงใหม่', '50110'),
('เวียงกาหลง', 'เวียงป่าเป้า', 'เชียงราย', '57260'),
('เวียงคอย', 'เมืองเพชรบุรี', 'เพชรบุรี', '76000'),
('เวียงคำ', 'กุมภวาปี', 'อุดรธานี', '41110'),
('เวียงคุก', 'เมืองหนองคาย', 'หนองคาย', '43000'),
('เวียงชัย', 'พยัคฆภูมิพิสัย', 'มหาสารคาม', '44110'),
('เวียงตาล', 'ห้างฉัตร', 'ลำปาง', '52190'),
('เวียงต้า', 'ลอง', 'แพร่', '54150'),
('เวียงทอง', 'สูงเม่น', 'แพร่', '54000'),
('เวียงพางคำ', 'แม่สาย', 'เชียงราย', '57130'),
('เวียงมอก', 'เถิน', 'ลำปาง', '52160'),
('เวียงยอง', 'เมืองลำพูน', 'ลำพูน', '51000'),
('เวียงสระ', 'เวียงสระ', 'สุราษฎร์ธานี', '84190'),
('เวียงสะอาด', 'พยัคฆภูมิพิสัย', 'มหาสารคาม', '44110'),
('เวียงห้าว', 'พาน', 'เชียงราย', '57120'),
('เวียงเหนือ', 'กันทรลักษ์', 'ศรีสะเกษ', '33110'),
('เวียงใต้', 'ปาย', 'แม่ฮ่องสอน', '58130'),
('เว่อ', 'ยางตลาด', 'กาฬสินธุ์', '46120'),
('เสนา', 'เสนา', 'พระนครศรีอยุธยา', '13110'),
('เสนางคนิคม', 'เสนางคนิคม', 'อำนาจเจริญ', '37290'),
('เสนานิคม', 'จตุจักร', 'กรุงเทพมหานคร', '10900'),
('เสมา', 'สูงเนิน', 'นครราชสีมา', '30170'),
('เสมาใหญ่', 'บัวใหญ่', 'นครราชสีมา', '30120'),
('เสม็จ', 'สำโรงทาบ', 'สุรินทร์', '32170'),
('เสม็ด', 'เมืองชลบุรี', 'ชลบุรี', '20000'),
('เสม็ดเหนือ', 'บางคล้า', 'ฉะเชิงเทรา', '24110'),
('เสม็ดใต้', 'บางคล้า', 'ฉะเชิงเทรา', '24110'),
('เสริมกลาง', 'เสริมงาม', 'ลำปาง', '52210'),
('เสริมขวา', 'เสริมงาม', 'ลำปาง', '52210'),
('เสริมซ้าย', 'เสริมงาม', 'ลำปาง', '52210'),
('เสวียด', 'ท่าฉาง', 'สุราษฎร์ธานี', '84150'),
('เสอเพลอ', 'กุมภวาปี', 'อุดรธานี', '41370'),
('เสาชิงช้า', 'พระนคร', 'กรุงเทพมหานคร', '10200'),
('เสาธง', 'บางปะหัน', 'พระนครศรีอยุธยา', '13220'),
('เสาธงชัย', 'กันทรลักษ์', 'ศรีสะเกษ', '33110'),
('เสาธงหิน', 'บางใหญ่', 'นนทบุรี', '11140'),
('เสาหิน', 'แม่สะเรียง', 'แม่ฮ่องสอน', '58110'),
('เสาเดียว', 'หนองหงส์', 'บุรีรัมย์', '31240'),
('เสาเภา', 'สิชล', 'นครศรีธรรมราช', '80340'),
('เสาเล้า', 'หนองกุงศรี', 'กาฬสินธุ์', '46220'),
('เสาไห้', 'เสาไห้', 'สระบุรี', '18160'),
('เสิงสาง', 'เสิงสาง', 'นครราชสีมา', '30330'),
('เสียว', 'เบญจลักษ์', 'ศรีสะเกษ', '33110'),
('เสี้ยว', 'เมืองเลย', 'เลย', '42000'),
('เสือหึง', 'เชียรใหญ่', 'นครศรีธรรมราช', '80190'),
('เสือเฒ่า', 'เชียงยืน', 'มหาสารคาม', '44160'),
('เสือโก้ก', 'วาปีปทุม', 'มหาสารคาม', '44120'),
('เสือโฮก', 'เมืองชัยนาท', 'ชัยนาท', '17000'),
('เสื่องข้าว', 'ศรีรัตนะ', 'ศรีสะเกษ', '33240'),
('เหนือ', 'เมืองกาฬสินธุ์', 'กาฬสินธุ์', '46000'),
('เหนือคลอง', 'เหนือคลอง', 'กระบี่', '81130'),
('เหนือเมือง', 'เมืองร้อยเอ็ด', 'ร้อยเอ็ด', '45000'),
('เหมาะ', 'กะปง', 'พังงา', '82170'),
('เหมือง', 'เมืองชลบุรี', 'ชลบุรี', '20130'),
('เหมืองง่า', 'เมืองลำพูน', 'ลำพูน', '51000'),
('เหมืองจี้', 'เมืองลำพูน', 'ลำพูน', '51000'),
('เหมืองหม้อ', 'เมืองแพร่', 'แพร่', '54000'),
('เหมืองแก้ว', 'แม่ริม', 'เชียงใหม่', '50180'),
('เหมืองใหม่', 'อัมพวา', 'สมุทรสงคราม', '75110'),
('เหล', 'กะปง', 'พังงา', '82170'),
('เหล่า', 'โกสุมพิสัย', 'มหาสารคาม', '44140'),
('เหล่ากลาง', 'ฆ้องชัย', 'กาฬสินธุ์', '46130'),
('เหล่ากวาง', 'โนนคูณ', 'ศรีสะเกษ', '33250'),
('เหล่ากอหก', 'นาแห้ว', 'เลย', '42170'),
('เหล่างาม', 'โพธิ์ไทร', 'อุบลราชธานี', '34340'),
('เหล่าดอกไม้', 'ชื่นชม', 'มหาสารคาม', '44160'),
('เหล่าต่างคำ', 'โพนพิสัย', 'หนองคาย', '43120'),
('เหล่าทอง', 'โซ่พิสัย', 'บึงกาฬ', '38170'),
('เหล่าน้อย', 'เสลภูมิ', 'ร้อยเอ็ด', '45120'),
('เหล่าบก', 'ม่วงสามสิบ', 'อุบลราชธานี', '34140'),
('เหล่าบัวบาน', 'เชียงยืน', 'มหาสารคาม', '44160'),
('เหล่าปอแดง', 'เมืองสกลนคร', 'สกลนคร', '47000'),
('เหล่าพรวน', 'เมืองอำนาจเจริญ', 'อำนาจเจริญ', '37000'),
('เหล่าพัฒนา', 'นาหว้า', 'นครพนม', '48180'),
('เหล่ายาว', 'บ้านโฮ่ง', 'ลำพูน', '51130'),
('เหล่าสร้างถ่อ', 'คำชะอี', 'มุกดาหาร', '49110'),
('เหล่าหมี', 'ดอนตาล', 'มุกดาหาร', '49120'),
('เหล่าหลวง', 'เกษตรวิสัย', 'ร้อยเอ็ด', '45150'),
('เหล่าอ้อย', 'ร่องคำ', 'กาฬสินธุ์', '46210'),
('เหล่าเสือโก้ก', 'เหล่าเสือโก้ก', 'อุบลราชธานี', '34000'),
('เหล่าแดง', 'ดอนมดแดง', 'อุบลราชธานี', '34000'),
('เหล่าโพนค้อ', 'โคกศรีสุพรรณ', 'สกลนคร', '47280'),
('เหล่าใหญ่', 'กุฉินารายณ์', 'กาฬสินธุ์', '46110'),
('เหล่าไฮ', 'คำเขื่อนแก้ว', 'ยโสธร', '35110'),
('เหล่าไฮงาม', 'กุฉินารายณ์', 'กาฬสินธุ์', '46110'),
('เอกราช', 'ป่าโมก', 'อ่างทอง', '14130'),
('เอราวัณ', 'เอราวัณ', 'เลย', '42220'),
('เอือดใหญ่', 'ศรีเมืองใหม่', 'อุบลราชธานี', '34250'),
('แก', 'รัตนบุรี', 'สุรินทร์', '32130'),
('แกดำ', 'แกดำ', 'มหาสารคาม', '44190'),
('แกลง', 'เมืองระยอง', 'ระยอง', '21160'),
('แกใหญ่', 'เมืองสุรินทร์', 'สุรินทร์', '32000'),
('แก่งกระจาน', 'แก่งกระจาน', 'เพชรบุรี', '76170'),
('แก่งคอย', 'แก่งคอย', 'สระบุรี', '18110'),
('แก่งดินสอ', 'นาดี', 'ปราจีนบุรี', '25220'),
('แก่งผักกูด', 'ท่าหลวง', 'ลพบุรี', '15230'),
('แก่งศรีภูมิ', 'ภูหลวง', 'เลย', '42230'),
('แก่งหางแมว', 'แก่งหางแมว', 'จันทบุรี', '22160'),
('แก่งเค็ง', 'กุดข้าวปุ้น', 'อุบลราชธานี', '34270'),
('แก่งเลิงจาน', 'เมืองมหาสารคาม', 'มหาสารคาม', '44000'),
('แก่งเสี้ยน', 'เมืองกาญจนบุรี', 'กาญจนบุรี', '71000'),
('แก่งโดม', 'สว่างวีระวงศ์', 'อุบลราชธานี', '34190'),
('แก่งโสภา', 'วังทอง', 'พิษณุโลก', '65220'),
('แก่นมะกรูด', 'บ้านไร่', 'อุทัยธานี', '61140'),
('แก้ง', 'เดชอุดม', 'อุบลราชธานี', '34160'),
('แก้งกอก', 'ศรีเมืองใหม่', 'อุบลราชธานี', '34250'),
('แก้งสนามนาง', 'แก้งสนามนาง', 'นครราชสีมา', '30440'),
('แก้งเหนือ', 'เขมราฐ', 'อุบลราชธานี', '34170'),
('แก้งแก', 'โกสุมพิสัย', 'มหาสารคาม', '44140'),
('แก้งไก่', 'สังคม', 'หนองคาย', '43160'),
('แก้มอ้น', 'จอมบึง', 'ราชบุรี', '70150'),
('แก้วฟ้า', 'บางซ้าย', 'พระนครศรีอยุธยา', '13270'),
('แก้วแสน', 'นาบอน', 'นครศรีธรรมราช', '80220'),
('แขม', 'อุทุมพรพิสัย', 'ศรีสะเกษ', '33120'),
('แข้', 'อุทุมพรพิสัย', 'ศรีสะเกษ', '33120'),
('แค', 'จะนะ', 'สงขลา', '90130'),
('แคตก', 'บางไทร', 'พระนครศรีอยุธยา', '13190'),
('แคน', 'สนม', 'สุรินทร์', '32160'),
('แคนดง', 'แคนดง', 'บุรีรัมย์', '31150'),
('แคนน้อย', 'คำเขื่อนแก้ว', 'ยโสธร', '35180'),
('แคนเหนือ', 'บ้านไผ่', 'ขอนแก่น', '40110'),
('แคนใหญ่', 'เมืองร้อยเอ็ด', 'ร้อยเอ็ด', '45000'),
('แคมป์สน', 'เขาค้อ', 'เพชรบูรณ์', '67280'),
('แคราย', 'กระทุ่มแบน', 'สมุทรสาคร', '74110'),
('แควอ้อม', 'อัมพวา', 'สมุทรสงคราม', '75110'),
('แควใหญ่', 'เมืองนครสวรรค์', 'นครสวรรค์', '60000'),
('แคออก', 'บางไทร', 'พระนครศรีอยุธยา', '13190'),
('แงง', 'ปัว', 'น่าน', '55120'),
('แจงงาม', 'หนองหญ้าไซ', 'สุพรรณบุรี', '72240'),
('แจนแลน', 'กุฉินารายณ์', 'กาฬสินธุ์', '46110'),
('แจนแวน', 'ศรีณรงค์', 'สุรินทร์', '32150'),
('แจระแม', 'เมืองอุบลราชธานี', 'อุบลราชธานี', '34000'),
('แจ่มหลวง', 'กัลยาณิวัฒนา', 'เชียงใหม่', '58130'),
('แจ้ซ้อน', 'เมืองปาน', 'ลำปาง', '52240'),
('แจ้ห่ม', 'แจ้ห่ม', 'ลำปาง', '52120'),
('แชะ', 'ครบุรี', 'นครราชสีมา', '30250'),
('แชแล', 'กุมภวาปี', 'อุดรธานี', '41110'),
('แช่ช้าง', 'สันกำแพง', 'เชียงใหม่', '50130'),
('แซงบาดาล', 'สมเด็จ', 'กาฬสินธุ์', '46150'),
('แซร์ออ', 'วัฒนานคร', 'สระแก้ว', '27160'),
('แดงหม้อ', 'เขื่องใน', 'อุบลราชธานี', '34150'),
('แดงใหญ่', 'บ้านใหม่ไชยพจน์', 'บุรีรัมย์', '31120'),
('แดนชุมพล', 'สอง', 'แพร่', '54120'),
('แดนสงวน', 'ระโนด', 'สงขลา', '90140'),
('แตล', 'ศีขรภูมิ', 'สุรินทร์', '32110'),
('แต้', 'อุทุมพรพิสัย', 'ศรีสะเกษ', '33120'),
('แนงมุด', 'กาบเชิง', 'สุรินทร์', '32210'),
('แป-ระ', 'ท่าแพ', 'สตูล', '91150'),
('แปลงยาว', 'แปลงยาว', 'ฉะเชิงเทรา', '24190'),
('แป้น', 'สายบุรี', 'ปัตตานี', '94110'),
('แพง', 'โกสุมพิสัย', 'มหาสารคาม', '44140'),
('แพงพวย', 'ดำเนินสะดวก', 'ราชบุรี', '70130'),
('แพงใหญ่', 'เหล่าเสือโก้ก', 'อุบลราชธานี', '34000'),
('แพด', 'คำตากล้า', 'สกลนคร', '47250'),
('แพรกศรีราชา', 'สรรคบุรี', 'ชัยนาท', '17140'),
('แพรกษา', 'เมืองสมุทรปราการ', 'สมุทรปราการ', '10280'),
('แพรกษาใหม่', 'เมืองสมุทรปราการ', 'สมุทรปราการ', '10280'),
('แพรกหนามแดง', 'อัมพวา', 'สมุทรสงคราม', '75110'),
('แพรกหา', 'ควนขนุน', 'พัทลุง', '93110'),
('แมด', 'ลืออำนาจ', 'อำนาจเจริญ', '37120'),
('แมดนาท่ม', 'โคกศรีสุพรรณ', 'สกลนคร', '47280'),
('แม่กรณ์', 'เมืองเชียงราย', 'เชียงราย', '57000'),
('แม่กระบุง', 'ศรีสวัสดิ์', 'กาญจนบุรี', '71250'),
('แม่กลอง', 'อุ้มผาง', 'ตาก', '63170'),
('แม่กัวะ', 'สบปราบ', 'ลำปาง', '52170'),
('แม่กา', 'เมืองพะเยา', 'พะเยา', '56000'),
('แม่กาษา', 'แม่สอด', 'ตาก', '63110'),
('แม่กิ๊', 'ขุนยวม', 'แม่ฮ่องสอน', '58140'),
('แม่กุ', 'แม่สอด', 'ตาก', '63110'),
('แม่ก๊า', 'สันป่าตอง', 'เชียงใหม่', '50120'),
('แม่ขรี', 'ตะโหมด', 'พัทลุง', '93160'),
('แม่ขะนิง', 'เวียงสา', 'น่าน', '55110'),
('แม่ข่า', 'ฝาง', 'เชียงใหม่', '50320'),
('แม่ข้าวต้ม', 'เมืองเชียงราย', 'เชียงราย', '57100'),
('แม่คง', 'แม่สะเรียง', 'แม่ฮ่องสอน', '58110'),
('แม่คะ', 'ฝาง', 'เชียงใหม่', '50110'),
('แม่คะตวน', 'สบเมย', 'แม่ฮ่องสอน', '58110'),
('แม่คำ', 'แม่จัน', 'เชียงราย', '57240'),
('แม่คำมี', 'เมืองแพร่', 'แพร่', '54000'),
('แม่คือ', 'ดอยสะเก็ด', 'เชียงใหม่', '50220'),
('แม่งอน', 'ฝาง', 'เชียงใหม่', '50320'),
('แม่จริม', 'แม่จริม', 'น่าน', '55170'),
('แม่จะเรา', 'แม่ระมาด', 'ตาก', '63140'),
('แม่จัน', 'แม่จัน', 'เชียงราย', '57110'),
('แม่จั๊วะ', 'เด่นชัย', 'แพร่', '54110'),
('แม่ดง', 'แว้ง', 'นราธิวาส', '96160'),
('แม่ตาว', 'แม่สอด', 'ตาก', '63110'),
('แม่ตีบ', 'งาว', 'ลำปาง', '52110'),
('แม่ตืน', 'ลี้', 'ลำพูน', '51110'),
('แม่ตื่น', 'อมก๋อย', 'เชียงใหม่', '50310'),
('แม่ต้าน', 'ท่าสองยาง', 'ตาก', '63150'),
('แม่ต๋ำ', 'เมืองพะเยา', 'พะเยา', '56000'),
('แม่ถอด', 'เถิน', 'ลำปาง', '52160'),
('แม่ทราย', 'ร้องกวาง', 'แพร่', '54140'),
('แม่ทอม', 'บางกล่ำ', 'สงขลา', '90110'),
('แม่ทะ', 'แม่ทะ', 'ลำปาง', '52150'),
('แม่ทะลบ', 'ไชยปราการ', 'เชียงใหม่', '50320'),
('แม่ทา', 'แม่ออน', 'เชียงใหม่', '50130'),
('แม่ท้อ', 'เมืองตาก', 'ตาก', '63000'),
('แม่นะ', 'เชียงดาว', 'เชียงใหม่', '50170'),
('แม่นางขาว', 'คุระบุรี', 'พังงา', '82150'),
('แม่นาจร', 'แม่แจ่ม', 'เชียงใหม่', '50270'),
('แม่นาจาง', 'แม่ลาน้อย', 'แม่ฮ่องสอน', '58120'),
('แม่นาวาง', 'แม่อาย', 'เชียงใหม่', '50280'),
('แม่นาเติง', 'ปาย', 'แม่ฮ่องสอน', '58130'),
('แม่นาเรือ', 'เมืองพะเยา', 'พะเยา', '56000'),
('แม่น้ำ', 'เกาะสมุย', 'สุราษฎร์ธานี', '84330'),
('แม่น้ำคู้', 'ปลวกแดง', 'ระยอง', '21140'),
('แม่ปะ', 'เถิน', 'ลำปาง', '52160'),
('แม่ปั๋ง', 'พร้าว', 'เชียงใหม่', '50190'),
('แม่ปาน', 'ลอง', 'แพร่', '54150'),
('แม่ปืม', 'เมืองพะเยา', 'พะเยา', '56000'),
('แม่ปุ', 'แม่พริก', 'ลำปาง', '52180'),
('แม่ปูคา', 'สันกำแพง', 'เชียงใหม่', '50130'),
('แม่ป้าก', 'วังชิ้น', 'แพร่', '54160'),
('แม่พริก', 'แม่พริก', 'ลำปาง', '52180'),
('แม่พุง', 'วังชิ้น', 'แพร่', '54160'),
('แม่พูล', 'ลับแล', 'อุตรดิตถ์', '53130'),
('แม่ฟ้าหลวง', 'แม่ฟ้าหลวง', 'เชียงราย', '57240'),
('แม่มอก', 'เถิน', 'ลำปาง', '52160'),
('แม่ยม', 'เมืองแพร่', 'แพร่', '54000'),
('แม่ยวม', 'แม่สะเรียง', 'แม่ฮ่องสอน', '58110'),
('แม่ยวมน้อย', 'ขุนยวม', 'แม่ฮ่องสอน', '58140'),
('แม่ยางตาล', 'ร้องกวาง', 'แพร่', '54140'),
('แม่ยางร้อง', 'ร้องกวาง', 'แพร่', '54140'),
('แม่ยางฮ่อ', 'ร้องกวาง', 'แพร่', '54140'),
('แม่ยาว', 'เมืองเชียงราย', 'เชียงราย', '57100'),
('แม่ระกา', 'วังทอง', 'พิษณุโลก', '65130'),
('แม่ระมาด', 'แม่ระมาด', 'ตาก', '63140'),
('แม่รำพึง', 'บางสะพาน', 'ประจวบคีรีขันธ์', '77140'),
('แม่ลอย', 'เทิง', 'เชียงราย', '57230'),
('แม่ละมุ้ง', 'อุ้มผาง', 'ตาก', '63170'),
('แม่ลา', 'นครหลวง', 'พระนครศรีอยุธยา', '13260'),
('แม่ลาด', 'คลองขลุง', 'กำแพงเพชร', '62120'),
('แม่ลาน', 'ลี้', 'ลำพูน', '51110'),
('แม่ลาน้อย', 'แม่ลาน้อย', 'แม่ฮ่องสอน', '58120'),
('แม่ลาว', 'เชียงคำ', 'พะเยา', '56110'),
('แม่ลาหลวง', 'แม่ลาน้อย', 'แม่ฮ่องสอน', '58120'),
('แม่วงก์', 'แม่วงก์', 'นครสวรรค์', '60150'),
('แม่วะ', 'เถิน', 'ลำปาง', '52230'),
('แม่วะหลวง', 'ท่าสองยาง', 'ตาก', '63150'),
('แม่วิน', 'แม่วาง', 'เชียงใหม่', '50360'),
('แม่ศึก', 'แม่แจ่ม', 'เชียงใหม่', '50270'),
('แม่สรวย', 'แม่สรวย', 'เชียงราย', '57180'),
('แม่สลองนอก', 'แม่ฟ้าหลวง', 'เชียงราย', '57110'),
('แม่สลองใน', 'แม่ฟ้าหลวง', 'เชียงราย', '57110'),
('แม่สลิด', 'บ้านตาก', 'ตาก', '63120'),
('แม่สวด', 'สบเมย', 'แม่ฮ่องสอน', '58110'),
('แม่สอง', 'ท่าสองยาง', 'ตาก', '63150'),
('แม่สอด', 'แม่สอด', 'ตาก', '63110'),
('แม่สอย', 'จอมทอง', 'เชียงใหม่', '50240'),
('แม่สะเรียง', 'แม่สะเรียง', 'แม่ฮ่องสอน', '58110'),
('แม่สัน', 'ห้างฉัตร', 'ลำปาง', '52190'),
('แม่สา', 'แม่ริม', 'เชียงใหม่', '50180'),
('แม่สาคร', 'เวียงสา', 'น่าน', '55110'),
('แม่สาบ', 'สะเมิง', 'เชียงใหม่', '50250'),
('แม่สามแลบ', 'สบเมย', 'แม่ฮ่องสอน', '58110'),
('แม่สาย', 'แม่สาย', 'เชียงราย', '57130'),
('แม่สาว', 'แม่อาย', 'เชียงใหม่', '50280'),
('แม่สำ', 'ศรีสัชนาลัย', 'สุโขทัย', '64130'),
('แม่สิน', 'ศรีสัชนาลัย', 'สุโขทัย', '64130'),
('แม่สุก', 'แจ้ห่ม', 'ลำปาง', '52120'),
('แม่สูน', 'ฝาง', 'เชียงใหม่', '50110'),
('แม่หละ', 'ท่าสองยาง', 'ตาก', '63150'),
('แม่หล่าย', 'เมืองแพร่', 'แพร่', '54000'),
('แม่หวาด', 'ธารโต', 'ยะลา', '95170'),
('แม่หอพระ', 'แม่แตง', 'เชียงใหม่', '50150'),
('แม่อาย', 'แม่อาย', 'เชียงใหม่', '50280'),
('แม่อิง', 'ภูกามยาว', 'พะเยา', '56000'),
('แม่อุสุ', 'ท่าสองยาง', 'ตาก', '63150'),
('แม่อูคอ', 'ขุนยวม', 'แม่ฮ่องสอน', '58140'),
('แม่อ้อ', 'พาน', 'เชียงราย', '57120'),
('แม่ฮี้', 'ปาย', 'แม่ฮ่องสอน', '58130'),
('แม่ฮ้อยเงิน', 'ดอยสะเก็ด', 'เชียงใหม่', '50220'),
('แม่เกิ๋ง', 'วังชิ้น', 'แพร่', '54160'),
('แม่เงา', 'ขุนยวม', 'แม่ฮ่องสอน', '58140'),
('แม่เงิน', 'เชียงแสน', 'เชียงราย', '57150'),
('แม่เจดีย์', 'เวียงป่าเป้า', 'เชียงราย', '57260'),
('แม่เจดีย์ใหม่', 'เวียงป่าเป้า', 'เชียงราย', '57260'),
('แม่เจ้าอยู่หัว', 'เชียรใหญ่', 'นครศรีธรรมราช', '80190'),
('แม่เปา', 'พญาเม็งราย', 'เชียงราย', '57290'),
('แม่เปิน', 'แม่เปิน', 'นครสวรรค์', '60150'),
('แม่เมาะ', 'แม่เมาะ', 'ลำปาง', '52220'),
('แม่เย็น', 'พาน', 'เชียงราย', '57280'),
('แม่เล่ย์', 'แม่วงก์', 'นครสวรรค์', '60150'),
('แม่เหาะ', 'แม่สะเรียง', 'แม่ฮ่องสอน', '58110'),
('แม่เหียะ', 'เมืองเชียงใหม่', 'เชียงใหม่', '50100'),
('แม่แดด', 'กัลยาณิวัฒนา', 'เชียงใหม่', '58130'),
('แม่แตง', 'แม่แตง', 'เชียงใหม่', '50150'),
('แม่แฝก', 'สันทราย', 'เชียงใหม่', '50290'),
('แม่แฝกใหม่', 'สันทราย', 'เชียงใหม่', '50290'),
('แม่แรง', 'ป่าซาง', 'ลำพูน', '51120'),
('แม่แรม', 'แม่ริม', 'เชียงใหม่', '50180'),
('แม่แวน', 'พร้าว', 'เชียงใหม่', '50190'),
('แม่โถ', 'แม่ลาน้อย', 'แม่ฮ่องสอน', '58120'),
('แม่โป่ง', 'ดอยสะเก็ด', 'เชียงใหม่', '50220'),
('แม่ใจ', 'แม่ใจ', 'พะเยา', '56130'),
('แม่ใส', 'เมืองพะเยา', 'พะเยา', '56000'),
('แม่ไร่', 'แม่จัน', 'เชียงราย', '57240'),
('แร่', 'พังโคน', 'สกลนคร', '47160'),
('และ', 'ทุ่งช้าง', 'น่าน', '55130'),
('แวง', 'โพนทอง', 'ร้อยเอ็ด', '45110'),
('แวงดง', 'ยางสีสุราช', 'มหาสารคาม', '44210'),
('แวงน่าง', 'เมืองมหาสารคาม', 'มหาสารคาม', '44000'),
('แวงน้อย', 'แวงน้อย', 'ขอนแก่น', '40230'),
('แวงใหญ่', 'แวงใหญ่', 'ขอนแก่น', '40330'),
('แว้ง', 'แว้ง', 'นราธิวาส', '96160'),
('แสงภา', 'นาแห้ว', 'เลย', '42170'),
('แสงสว่าง', 'หนองแสง', 'อุดรธานี', '41340'),
('แสงอรุณ', 'ทับสะแก', 'ประจวบคีรีขันธ์', '77130'),
('แสนชาติ', 'จังหาร', 'ร้อยเอ็ด', '45000'),
('แสนตอ', 'เมืองอุตรดิตถ์', 'อุตรดิตถ์', '53000'),
('แสนตุ้ง', 'เขาสมิง', 'ตราด', '23150'),
('แสนทอง', 'ท่าวังผา', 'น่าน', '55140'),
('แสนพัน', 'ธาตุพนม', 'นครพนม', '48110'),
('แสนภูดาษ', 'บ้านโพธิ์', 'ฉะเชิงเทรา', '24140'),
('แสนสุข', 'เมืองชลบุรี', 'ชลบุรี', '20130'),
('แสนแสบ', 'มีนบุรี', 'กรุงเทพมหานคร', '10510'),
('แสนไห', 'เวียงแหง', 'เชียงใหม่', '50350'),
('แสมดำ', 'บางขุนเทียน', 'กรุงเทพมหานคร', '10150'),
('แสมสาร', 'สัตหีบ', 'ชลบุรี', '20180'),
('แสลง', 'เมืองจันทบุรี', 'จันทบุรี', '22000'),
('แสลงพัน', 'วังม่วง', 'สระบุรี', '18220'),
('แสลงพันธ์', 'เมืองสุรินทร์', 'สุรินทร์', '32000'),
('แสลงโทน', 'ประโคนชัย', 'บุรีรัมย์', '31140'),
('แสวงหา', 'แสวงหา', 'อ่างทอง', '14150'),
('แหลม', 'หัวไทร', 'นครศรีธรรมราช', '80170'),
('แหลมกลัด', 'เมืองตราด', 'ตราด', '23000'),
('แหลมงอบ', 'แหลมงอบ', 'ตราด', '23120'),
('แหลมตะลุมพุก', 'ปากพนัง', 'นครศรีธรรมราช', '80140'),
('แหลมทราย', 'หลังสวน', 'ชุมพร', '86110'),
('แหลมทอง', 'หนองบุญมาก', 'นครราชสีมา', '30410'),
('แหลมบัว', 'นครชัยศรี', 'นครปฐม', '73120'),
('แหลมประดู่', 'บ้านโพธิ์', 'ฉะเชิงเทรา', '24140'),
('แหลมผักเบี้ย', 'บ้านแหลม', 'เพชรบุรี', '76100'),
('แหลมฟ้าผ่า', 'พระสมุทรเจดีย์', 'สมุทรปราการ', '10290'),
('แหลมรัง', 'บึงนาราง', 'พิจิตร', '66130'),
('แหลมสน', 'ละงู', 'สตูล', '91110'),
('แหลมสอม', 'ปะเหลียน', 'ตรัง', '92180'),
('แหลมสัก', 'อ่าวลึก', 'กระบี่', '81110'),
('แหลมโตนด', 'ควนขนุน', 'พัทลุง', '93110'),
('แหลมโพธิ์', 'ยะหริ่ง', 'ปัตตานี', '94150'),
('แหลมใหญ่', 'เมืองสมุทรสงคราม', 'สมุทรสงคราม', '75000'),
('แห่ใต้', 'โกสุมพิสัย', 'มหาสารคาม', '44140'),
('โกตาบารู', 'รามัน', 'ยะลา', '95140'),
('โกรกกราก', 'เมืองสมุทรสาคร', 'สมุทรสาคร', '74000'),
('โกรกพระ', 'โกรกพระ', 'นครสวรรค์', '60170'),
('โกรกแก้ว', 'โนนสุวรรณ', 'บุรีรัมย์', '31110'),
('โกสัมพี', 'โกสัมพีนคร', 'กำแพงเพชร', '62000'),
('โก่งธนู', 'เมืองลพบุรี', 'ลพบุรี', '13240'),
('โขงเจียม', 'โขงเจียม', 'อุบลราชธานี', '34220'),
('โขมง', 'ท่าใหม่', 'จันทบุรี', '22170'),
('โคกกกม่วง', 'โพนทอง', 'ร้อยเอ็ด', '45110'),
('โคกกรวด', 'ปากพลี', 'นครนายก', '26130'),
('โคกกระชาย', 'ครบุรี', 'นครราชสีมา', '30250'),
('โคกกระเบื้อง', 'บ้านเหลื่อม', 'นครราชสีมา', '30350'),
('โคกกลอย', 'ตะกั่วทุ่ง', 'พังงา', '82140'),
('โคกกลาง', 'ประทาย', 'นครราชสีมา', '30180'),
('โคกกว้าง', 'บุ่งคล้า', 'บึงกาฬ', '38000'),
('โคกกะเทียม', 'เมืองลพบุรี', 'ลพบุรี', '15160'),
('โคกกุง', 'แก้งคร้อ', 'ชัยภูมิ', '36150'),
('โคกก่ง', 'ชานุมาน', 'อำนาจเจริญ', '37210'),
('โคกก่อ', 'เมืองมหาสารคาม', 'มหาสารคาม', '44000'),
('โคกก่อง', 'สำโรง', 'อุบลราชธานี', '34360'),
('โคกขมิ้น', 'พลับพลาชัย', 'บุรีรัมย์', '31250'),
('โคกขาม', 'เมืองสมุทรสาคร', 'สมุทรสาคร', '74000'),
('โคกขี้หนอน', 'พานทอง', 'ชลบุรี', '20160'),
('โคกคราม', 'บางปลาม้า', 'สุพรรณบุรี', '72150'),
('โคกคอน', 'ท่าบ่อ', 'หนองคาย', '43110'),
('โคกงาม', 'บ้านฝาง', 'ขอนแก่น', '40270'),
('โคกจาน', 'อุทุมพรพิสัย', 'ศรีสะเกษ', '33120'),
('โคกชะงาย', 'เมืองพัทลุง', 'พัทลุง', '93000'),
('โคกชำแระ', 'ทุ่งศรีอุดม', 'อุบลราชธานี', '34160'),
('โคกช้าง', 'ผักไห่', 'พระนครศรีอยุธยา', '13120'),
('โคกตะบอง', 'ท่ามะกา', 'กาญจนบุรี', '71120'),
('โคกตะเคียน', 'กาบเชิง', 'สุรินทร์', '32210'),
('โคกตาล', 'ภูสิงห์', 'ศรีสะเกษ', '33140'),
('โคกตูม', 'เมืองลพบุรี', 'ลพบุรี', '15210'),
('โคกทราย', 'ป่าบอน', 'พัทลุง', '93170'),
('โคกนาโก', 'ป่าติ้ว', 'ยโสธร', '35150'),
('โคกปรง', 'วิเชียรบุรี', 'เพชรบูรณ์', '67130'),
('โคกปีบ', 'ศรีมโหสถ', 'ปราจีนบุรี', '25190'),
('โคกปี่ฆ้อง', 'เมืองสระแก้ว', 'สระแก้ว', '27000'),
('โคกพระ', 'กันทรวิชัย', 'มหาสารคาม', '44150'),
('โคกพระเจดีย์', 'นครชัยศรี', 'นครปฐม', '73120'),
('โคกพุทรา', 'โพธิ์ทอง', 'อ่างทอง', '14120'),
('โคกภู', 'ภูพาน', 'สกลนคร', '47180'),
('โคกมน', 'น้ำหนาว', 'เพชรบูรณ์', '67260'),
('โคกมะขาม', 'ประโคนชัย', 'บุรีรัมย์', '31140'),
('โคกมะม่วง', 'ปะคำ', 'บุรีรัมย์', '31220'),
('โคกมั่งงอย', 'คอนสวรรค์', 'ชัยภูมิ', '36140'),
('โคกม่วง', 'ภาชี', 'พระนครศรีอยุธยา', '13140'),
('โคกม้า', 'ประโคนชัย', 'บุรีรัมย์', '31140'),
('โคกยาง', 'ปราสาท', 'สุรินทร์', '32140'),
('โคกย่าง', 'ประโคนชัย', 'บุรีรัมย์', '31140'),
('โคกลำพาน', 'เมืองลพบุรี', 'ลพบุรี', '15000'),
('โคกล่าม', 'ลำปลายมาศ', 'บุรีรัมย์', '31130'),
('โคกว่าน', 'ละหานทราย', 'บุรีรัมย์', '31170'),
('โคกศิลา', 'เจริญศิลป์', 'สกลนคร', '47290'),
('โคกสง่า', 'พล', 'ขอนแก่น', '40120'),
('โคกสนวน', 'ชำนิ', 'บุรีรัมย์', '31110'),
('โคกสมบูรณ์', 'กมลาไสย', 'กาฬสินธุ์', '46130'),
('โคกสลุง', 'พัฒนานิคม', 'ลพบุรี', '15140'),
('โคกสลุด', 'ท่าวุ้ง', 'ลพบุรี', '15150'),
('โคกสว่าง', 'เมืองสระบุรี', 'สระบุรี', '18000'),
('โคกสะตอ', 'รือเสาะ', 'นราธิวาส', '96150'),
('โคกสะบ้า', 'นาโยง', 'ตรัง', '92170'),
('โคกสะอาด', 'หนองแซง', 'สระบุรี', '18170'),
('โคกสัก', 'บางแก้ว', 'พัทลุง', '93140'),
('โคกสาร', 'ชานุมาน', 'อำนาจเจริญ', '37210'),
('โคกสำราญ', 'เลิงนกทา', 'ยโสธร', '35120'),
('โคกสำโรง', 'โคกสำโรง', 'ลพบุรี', '15120'),
('โคกสี', 'เมืองขอนแก่น', 'ขอนแก่น', '40000'),
('โคกสีทองหลาง', 'วาปีปทุม', 'มหาสารคาม', '44120'),
('โคกสูง', 'โคกสูง', 'สระแก้ว', '27120'),
('โคกหม้อ', 'ชุมแสง', 'นครสวรรค์', '60120'),
('โคกหล่อ', 'เมืองตรัง', 'ตรัง', '92000'),
('โคกหล่าม', 'อุทุมพรพิสัย', 'ศรีสะเกษ', '33120'),
('โคกหาร', 'เขาพนม', 'กระบี่', '80240'),
('โคกหินแฮ่', 'เรณูนคร', 'นครพนม', '48170'),
('โคกเครือ', 'หนองกุงศรี', 'กาฬสินธุ์', '46220'),
('โคกเคียน', 'ตะกั่วป่า', 'พังงา', '82110'),
('โคกเจริญ', 'โคกเจริญ', 'ลพบุรี', '15250'),
('โคกเดื่อ', 'ไพศาลี', 'นครสวรรค์', '60220'),
('โคกเพชร', 'ขุขันธ์', 'ศรีสะเกษ', '33140'),
('โคกเพชรพัฒนา', 'บำเหน็จณรงค์', 'ชัยภูมิ', '36160'),
('โคกเพลาะ', 'พนัสนิคม', 'ชลบุรี', '20140'),
('โคกเริงรมย์', 'บำเหน็จณรงค์', 'ชัยภูมิ', '36160'),
('โคกเหล็ก', 'ห้วยราช', 'บุรีรัมย์', '31000'),
('โคกแฝด', 'หนองจอก', 'กรุงเทพมหานคร', '10530'),
('โคกแย้', 'หนองแค', 'สระบุรี', '18230'),
('โคกแสมสาร', 'โคกเจริญ', 'ลพบุรี', '15250'),
('โคกโคเฒ่า', 'เมืองสุพรรณบุรี', 'สุพรรณบุรี', '72000'),
('โคกโพธิ์', 'โคกโพธิ์', 'ปัตตานี', '94120'),
('โคกใหญ่', 'บ้านหมอ', 'สระบุรี', '18130'),
('โคกไทย', 'ศรีมโหสถ', 'ปราจีนบุรี', '25190'),
('โคกไม้ลาย', 'เมืองปราจีนบุรี', 'ปราจีนบุรี', '25230'),
('โคคลาน', 'ตาพระยา', 'สระแก้ว', '27180'),
('โคราช', 'สูงเนิน', 'นครราชสีมา', '30170'),
('โค้งยาง', 'สูงเนิน', 'นครราชสีมา', '30170'),
('โค้งไผ่', 'ขาณุวรลักษบุรี', 'กำแพงเพชร', '62140'),
('โฆษิต', 'ตากใบ', 'นราธิวาส', '96110'),
('โจดม่วง', 'ศิลาลาด', 'ศรีสะเกษ', '33160'),
('โจดหนองแก', 'พล', 'ขอนแก่น', '40120'),
('โชคชัย', 'โชคชัย', 'นครราชสีมา', '30190'),
('โชคนาสาม', 'ปราสาท', 'สุรินทร์', '32140'),
('โชคเหนือ', 'ลำดวน', 'สุรินทร์', '32220'),
('โซง', 'น้ำยืน', 'อุบลราชธานี', '34260'),
('โซ่', 'โซ่พิสัย', 'บึงกาฬ', '38170'),
('โดด', 'โพธิ์ศรีสุวรรณ', 'ศรีสะเกษ', '33120'),
('โดมประดิษฐ์', 'น้ำยืน', 'อุบลราชธานี', '34260'),
('โตนด', 'โนนสูง', 'นครราชสีมา', '30160'),
('โตนดด้วน', 'ควนขนุน', 'พัทลุง', '93110'),
('โต๊ะเด็ง', 'สุไหงปาดี', 'นราธิวาส', '96140'),
('โนน', 'โนนนารายณ์', 'สุรินทร์', '32130'),
('โนนกลาง', 'พิบูลมังสาหาร', 'อุบลราชธานี', '34110'),
('โนนกอก', 'เกษตรสมบูรณ์', 'ชัยภูมิ', '36120'),
('โนนกาหลง', 'พิบูลมังสาหาร', 'อุบลราชธานี', '34110'),
('โนนกาเล็น', 'สำโรง', 'อุบลราชธานี', '34360'),
('โนนกุง', 'ตระการพืชผล', 'อุบลราชธานี', '34130'),
('โนนก่อ', 'สิรินธร', 'อุบลราชธานี', '34350'),
('โนนขมิ้น', 'เมืองหนองบัวลำภู', 'หนองบัวลำภู', '39000'),
('โนนขวาง', 'บ้านด่าน', 'บุรีรัมย์', '31000'),
('โนนข่า', 'พล', 'ขอนแก่น', '40120'),
('โนนคอม', 'ภูผาม่าน', 'ขอนแก่น', '40350'),
('โนนคูณ', 'ยางชุมน้อย', 'ศรีสะเกษ', '33190'),
('โนนค่า', 'สูงเนิน', 'นครราชสีมา', '30170'),
('โนนค้อ', 'โนนคูณ', 'ศรีสะเกษ', '33250'),
('โนนฆ้อง', 'บ้านฝาง', 'ขอนแก่น', '40270'),
('โนนงาม', 'ปทุมราชวงศา', 'อำนาจเจริญ', '37110'),
('โนนจาน', 'บัวลาย', 'นครราชสีมา', '30120'),
('โนนชัยศรี', 'โพนทอง', 'ร้อยเอ็ด', '45110'),
('โนนดินแดง', 'โนนดินแดง', 'บุรีรัมย์', '31260'),
('โนนตาล', 'เมืองร้อยเอ็ด', 'ร้อยเอ็ด', '45000'),
('โนนตาเถร', 'โนนแดง', 'นครราชสีมา', '30360'),
('โนนตูม', 'ชุมพวง', 'นครราชสีมา', '30270'),
('โนนทราย', 'มหาชนะชัย', 'ยโสธร', '35130'),
('โนนทอง', 'เกษตรสมบูรณ์', 'ชัยภูมิ', '36120'),
('โนนทองหลาง', 'บัวใหญ่', 'นครราชสีมา', '30120'),
('โนนทองอินทร์', 'กู่แก้ว', 'อุดรธานี', '41130'),
('โนนทัน', 'เมืองหนองบัวลำภู', 'หนองบัวลำภู', '39000'),
('โนนท่อน', 'เมืองขอนแก่น', 'ขอนแก่น', '40000');
INSERT INTO `p_district` (`District`, `Amphurs`, `Province`, `Zipcode`) VALUES
('โนนธาตุ', 'หนองสองห้อง', 'ขอนแก่น', '40190'),
('โนนนาจาน', 'นาคู', 'กาฬสินธุ์', '46160'),
('โนนน้ำเกลี้ยง', 'สหัสขันธ์', 'กาฬสินธุ์', '46140'),
('โนนบุรี', 'สหัสขันธ์', 'กาฬสินธุ์', '46140'),
('โนนประดู่', 'สีดา', 'นครราชสีมา', '30430'),
('โนนปอแดง', 'ผาขาว', 'เลย', '42240'),
('โนนปูน', 'ไพรบึง', 'ศรีสะเกษ', '33180'),
('โนนป่าซาง', 'ผาขาว', 'เลย', '42240'),
('โนนผึ้ง', 'วารินชำราบ', 'อุบลราชธานี', '34190'),
('โนนพลวง', 'ลานกระบือ', 'กำแพงเพชร', '62170'),
('โนนพะยอม', 'ชนบท', 'ขอนแก่น', '40180'),
('โนนภิบาล', 'แกดำ', 'มหาสารคาม', '44190'),
('โนนม่วง', 'ศรีบุญเรือง', 'หนองบัวลำภู', '39180'),
('โนนยอ', 'ชุมพวง', 'นครราชสีมา', '30270'),
('โนนยาง', 'หนองสูง', 'มุกดาหาร', '49160'),
('โนนรัง', 'ชุมพวง', 'นครราชสีมา', '30270'),
('โนนราษี', 'บรบือ', 'มหาสารคาม', '44130'),
('โนนศิลา', 'ปากคาด', 'บึงกาฬ', '38190'),
('โนนศิลาเลิง', 'ฆ้องชัย', 'กาฬสินธุ์', '46130'),
('โนนสง่า', 'ปทุมรัตต์', 'ร้อยเอ็ด', '45190'),
('โนนสมบูรณ์', 'เสิงสาง', 'นครราชสีมา', '30330'),
('โนนสวรรค์', 'นาจะหลวย', 'อุบลราชธานี', '34280'),
('โนนสวาง', 'กุดข้าวปุ้น', 'อุบลราชธานี', '34270'),
('โนนสว่าง', 'เมืองบึงกาฬ', 'บึงกาฬ', '38000'),
('โนนสะอาด', 'คอนสวรรค์', 'ชัยภูมิ', '36140'),
('โนนสัง', 'กันทรารมย์', 'ศรีสะเกษ', '33130'),
('โนนสำราญ', 'แก้งสนามนาง', 'นครราชสีมา', '30440'),
('โนนสุวรรณ', 'โนนสุวรรณ', 'บุรีรัมย์', '31110'),
('โนนสูง', 'โนนสูง', 'นครราชสีมา', '30160'),
('โนนหนามแท่ง', 'เมืองอำนาจเจริญ', 'อำนาจเจริญ', '37000'),
('โนนหมากมุ่น', 'โคกสูง', 'สระแก้ว', '27120'),
('โนนหมากเค็ง', 'วัฒนานคร', 'สระแก้ว', '27160'),
('โนนหวาย', 'หนองวัวซอ', 'อุดรธานี', '41220'),
('โนนหอม', 'เมืองสกลนคร', 'สกลนคร', '47000'),
('โนนหัน', 'ชุมแพ', 'ขอนแก่น', '40290'),
('โนนห้อม', 'เมืองปราจีนบุรี', 'ปราจีนบุรี', '25000'),
('โนนอุดม', 'เมืองยาง', 'นครราชสีมา', '30270'),
('โนนเจริญ', 'บ้านกรวด', 'บุรีรัมย์', '31180'),
('โนนเต็ง', 'คง', 'นครราชสีมา', '30260'),
('โนนเปือย', 'กุดชุม', 'ยโสธร', '35140'),
('โนนเพ็ก', 'พยุห์', 'ศรีสะเกษ', '33230'),
('โนนเพ็ด', 'ประทาย', 'นครราชสีมา', '30180'),
('โนนเมือง', 'ขามสะแกแสง', 'นครราชสีมา', '30290'),
('โนนเมืองพัฒนา', 'ด่านขุนทด', 'นครราชสีมา', '30210'),
('โนนเหล็ก', 'เมืองอุทัยธานี', 'อุทัยธานี', '61000'),
('โนนแดง', 'โนนแดง', 'นครราชสีมา', '30360'),
('โนนแหลมทอง', 'สหัสขันธ์', 'กาฬสินธุ์', '46140'),
('โนนโพธิ์', 'เมืองอำนาจเจริญ', 'อำนาจเจริญ', '37000'),
('โนนโหนน', 'วารินชำราบ', 'อุบลราชธานี', '34190'),
('โนนไทย', 'โนนไทย', 'นครราชสีมา', '30220'),
('โบสถ์', 'พิมาย', 'นครราชสีมา', '30110'),
('โปงทุ่ง', 'ดอยเต่า', 'เชียงใหม่', '50260'),
('โป่ง', 'บางละมุง', 'ชลบุรี', '20150'),
('โป่งงาม', 'แม่สาย', 'เชียงราย', '57130'),
('โป่งตาลอง', 'ปากช่อง', 'นครราชสีมา', '30130'),
('โป่งนก', 'เทพสถิต', 'ชัยภูมิ', '36230'),
('โป่งน้ำร้อน', 'โป่งน้ำร้อน', 'จันทบุรี', '22140'),
('โป่งผา', 'แม่สาย', 'เชียงราย', '57130'),
('โป่งสา', 'ปาย', 'แม่ฮ่องสอน', '58130'),
('โป่งเปือย', 'เมืองบึงกาฬ', 'บึงกาฬ', '38000'),
('โป่งแดง', 'ขามทะเลสอ', 'นครราชสีมา', '30280'),
('โป่งแพร่', 'แม่ลาว', 'เชียงราย', '57000'),
('โป่งแยง', 'แม่ริม', 'เชียงใหม่', '50180'),
('โผงเผง', 'ป่าโมก', 'อ่างทอง', '14130'),
('โพกรวม', 'เมืองสิงห์บุรี', 'สิงห์บุรี', '16000'),
('โพงาม', 'สรรคบุรี', 'ชัยนาท', '17140'),
('โพชนไก่', 'บางระจัน', 'สิงห์บุรี', '16130'),
('โพตลาดแก้ว', 'ท่าวุ้ง', 'ลพบุรี', '15150'),
('โพทะเล', 'ค่ายบางระจัน', 'สิงห์บุรี', '16150'),
('โพธาราม', 'โพธาราม', 'ราชบุรี', '70120'),
('โพธิไพศาล', 'กุสุมาลย์', 'สกลนคร', '47210'),
('โพธิ์', 'เมืองศรีสะเกษ', 'ศรีสะเกษ', '33000'),
('โพธิ์กระสังข์', 'ขุนหาญ', 'ศรีสะเกษ', '33150'),
('โพธิ์กลาง', 'เมืองนครราชสีมา', 'นครราชสีมา', '30000'),
('โพธิ์งาม', 'ประจันตคาม', 'ปราจีนบุรี', '25130'),
('โพธิ์ชัย', 'อินทร์บุรี', 'สิงห์บุรี', '16110'),
('โพธิ์ตรุ', 'เมืองลพบุรี', 'ลพบุรี', '15000'),
('โพธิ์ตาก', 'โพธิ์ตาก', 'หนองคาย', '43130'),
('โพธิ์ทอง', 'ศรีสมเด็จ', 'ร้อยเอ็ด', '45000'),
('โพธิ์ประทับช้าง', 'โพธิ์ประทับช้าง', 'พิจิตร', '66190'),
('โพธิ์ประสาท', 'ไพศาลี', 'นครสวรรค์', '60220'),
('โพธิ์พระยา', 'เมืองสุพรรณบุรี', 'สุพรรณบุรี', '72000'),
('โพธิ์ม่วงพันธ์', 'สามโก้', 'อ่างทอง', '14160'),
('โพธิ์รังนก', 'โพธิ์ทอง', 'อ่างทอง', '14120'),
('โพธิ์วงศ์', 'ขุนหาญ', 'ศรีสะเกษ', '33150'),
('โพธิ์ศรี', 'ปรางค์กู่', 'ศรีสะเกษ', '33170'),
('โพธิ์ศรีสว่าง', 'โพนทอง', 'ร้อยเอ็ด', '45110'),
('โพธิ์ศรีสำราญ', 'โนนสะอาด', 'อุดรธานี', '41240'),
('โพธิ์สัย', 'ศรีสมเด็จ', 'ร้อยเอ็ด', '45280'),
('โพธิ์สามต้น', 'บางปะหัน', 'พระนครศรีอยุธยา', '13220'),
('โพธิ์หมากแข้ง', 'บึงโขงหลง', 'บึงกาฬ', '38220'),
('โพธิ์เก้าต้น', 'เมืองลพบุรี', 'ลพบุรี', '15000'),
('โพธิ์เสด็จ', 'เมืองนครศรีธรรมราช', 'นครศรีธรรมราช', '80000'),
('โพธิ์เอน', 'ท่าเรือ', 'พระนครศรีอยุธยา', '13130'),
('โพธิ์แทน', 'องครักษ์', 'นครนายก', '26120'),
('โพธิ์ใหญ่', 'วารินชำราบ', 'อุบลราชธานี', '34190'),
('โพธิ์ไชย', 'โคกโพธิ์ไชย', 'ขอนแก่น', '40160'),
('โพธิ์ไทร', 'พิบูลมังสาหาร', 'อุบลราชธานี', '34110'),
('โพธิ์ไทรงาม', 'บึงนาราง', 'พิจิตร', '66130'),
('โพน', 'คำม่วง', 'กาฬสินธุ์', '46180'),
('โพนข่า', 'เมืองศรีสะเกษ', 'ศรีสะเกษ', '33000'),
('โพนครก', 'ท่าตูม', 'สุรินทร์', '32120'),
('โพนค้อ', 'เมืองศรีสะเกษ', 'ศรีสะเกษ', '33000'),
('โพนงาม', 'เดชอุดม', 'อุบลราชธานี', '34160'),
('โพนจาน', 'โพนสวรรค์', 'นครพนม', '48190'),
('โพนทราย', 'โพนทราย', 'ร้อยเอ็ด', '45240'),
('โพนทอง', 'บ้านหมี่', 'ลพบุรี', '15110'),
('โพนทัน', 'คำเขื่อนแก้ว', 'ยโสธร', '35110'),
('โพนบก', 'โพนสวรรค์', 'นครพนม', '48190'),
('โพนยาง', 'วังหิน', 'ศรีสะเกษ', '33270'),
('โพนสวรรค์', 'โพนสวรรค์', 'นครพนม', '48190'),
('โพนสว่าง', 'เมืองหนองคาย', 'หนองคาย', '43100'),
('โพนสา', 'ท่าบ่อ', 'หนองคาย', '43110'),
('โพนสูง', 'บ้านดุง', 'อุดรธานี', '41190'),
('โพนางดำตก', 'สรรพยา', 'ชัยนาท', '17150'),
('โพนางดำออก', 'สรรพยา', 'ชัยนาท', '17150'),
('โพนเขวา', 'เมืองศรีสะเกษ', 'ศรีสะเกษ', '33000'),
('โพนเพ็ก', 'มัญจาคีรี', 'ขอนแก่น', '40160'),
('โพนเมือง', 'เหล่าเสือโก้ก', 'อุบลราชธานี', '34000'),
('โพนเมืองน้อย', 'หัวตะพาน', 'อำนาจเจริญ', '37240'),
('โพนแพง', 'ม่วงสามสิบ', 'อุบลราชธานี', '34140'),
('โพนโก', 'สนม', 'สุรินทร์', '32160'),
('โพประจักษ์', 'ท่าช้าง', 'สิงห์บุรี', '16140'),
('โพพระ', 'เมืองเพชรบุรี', 'เพชรบุรี', '76000'),
('โพรงจระเข้', 'ย่านตาขาว', 'ตรัง', '92140'),
('โพรงมะเดื่อ', 'เมืองนครปฐม', 'นครปฐม', '73000'),
('โพรงอากาศ', 'บางน้ำเปรี้ยว', 'ฉะเชิงเทรา', '24150'),
('โพสะ', 'เมืองอ่างทอง', 'อ่างทอง', '14000'),
('โพสังโฆ', 'ค่ายบางระจัน', 'สิงห์บุรี', '16150'),
('โพสาวหาญ', 'อุทัย', 'พระนครศรีอยุธยา', '13210'),
('โพหัก', 'บางแพ', 'ราชบุรี', '70160'),
('โพแตง', 'บางไทร', 'พระนครศรีอยุธยา', '13290'),
('โพไร่หวาน', 'เมืองเพชรบุรี', 'เพชรบุรี', '76000'),
('โมคลาน', 'ท่าศาลา', 'นครศรีธรรมราช', '80160'),
('โมถ่าย', 'ไชยา', 'สุราษฎร์ธานี', '84110'),
('โมโกร', 'อุ้มผาง', 'ตาก', '63170'),
('โยธะกา', 'บางน้ำเปรี้ยว', 'ฉะเชิงเทรา', '24150'),
('โยนก', 'เชียงแสน', 'เชียงราย', '57150'),
('โรง', 'กระแสสินธุ์', 'สงขลา', '90270'),
('โรงช้าง', 'มหาราช', 'พระนครศรีอยุธยา', '13150'),
('โรงหีบ', 'บางคนที', 'สมุทรสงคราม', '75120'),
('โรงเข้', 'บ้านแพ้ว', 'สมุทรสาคร', '74120'),
('โละจูด', 'แว้ง', 'นราธิวาส', '96160'),
('โสกก่าม', 'เซกา', 'บึงกาฬ', '38150'),
('โสกนกเต็น', 'พล', 'ขอนแก่น', '40120'),
('โสกปลาดุก', 'หนองบัวระเหว', 'ชัยภูมิ', '36250'),
('โสกแสง', 'นาจะหลวย', 'อุบลราชธานี', '34280'),
('โสธร', 'เมืองฉะเชิงเทรา', 'ฉะเชิงเทรา', '24000'),
('โสน', 'ขุขันธ์', 'ศรีสะเกษ', '33140'),
('โสนลอย', 'บางบัวทอง', 'นนทบุรี', '11110'),
('โสมเยี่ยม', 'น้ำโสม', 'อุดรธานี', '41210'),
('โหรา', 'อาจสามารถ', 'ร้อยเอ็ด', '45160'),
('โหล่งขอด', 'พร้าว', 'เชียงใหม่', '50190'),
('โอโล', 'ภูเขียว', 'ชัยภูมิ', '36110'),
('ใจดี', 'ขุขันธ์', 'ศรีสะเกษ', '33140'),
('ในคลองบางปลากด', 'พระสมุทรเจดีย์', 'สมุทรปราการ', '10290'),
('ในควน', 'ย่านตาขาว', 'ตรัง', '92140'),
('ในวงเหนือ', 'ละอุ่น', 'ระนอง', '85130'),
('ในวงใต้', 'ละอุ่น', 'ระนอง', '85130'),
('ในเตา', 'ห้วยยอด', 'ตรัง', '92130'),
('ในเมือง', 'เมืองชัยนาท', 'ชัยนาท', '17000'),
('ในเวียง', 'เมืองแพร่', 'แพร่', '54000'),
('ใหม่', 'โนนสูง', 'นครราชสีมา', '30160'),
('ใหม่นาเพียง', 'แวงใหญ่', 'ขอนแก่น', '40330'),
('ใหม่พัฒนา', 'เกาะคา', 'ลำปาง', '52130'),
('ไกรกลาง', 'กงไกรลาศ', 'สุโขทัย', '64170'),
('ไกรนอก', 'กงไกรลาศ', 'สุโขทัย', '64170'),
('ไกรใน', 'กงไกรลาศ', 'สุโขทัย', '64170'),
('ไก่คำ', 'เมืองอำนาจเจริญ', 'อำนาจเจริญ', '37000'),
('ไก่เส่า', 'หนองแซง', 'สระบุรี', '18170'),
('ไคสี', 'เมืองบึงกาฬ', 'บึงกาฬ', '38000'),
('ไค้นุ่น', 'ห้วยผึ้ง', 'กาฬสินธุ์', '46240'),
('ไชยคราม', 'ดอนสัก', 'สุราษฎร์ธานี', '84220'),
('ไชยบุรี', 'ท่าอุเทน', 'นครพนม', '48120'),
('ไชยภูมิ', 'ไชโย', 'อ่างทอง', '14140'),
('ไชยมงคล', 'เมืองนครราชสีมา', 'นครราชสีมา', '30000'),
('ไชยมนตรี', 'เมืองนครศรีธรรมราช', 'นครศรีธรรมราช', '80000'),
('ไชยราช', 'บางสะพานน้อย', 'ประจวบคีรีขันธ์', '77170'),
('ไชยวัฒนา', 'ปัว', 'น่าน', '55120'),
('ไชยวาน', 'ไชยวาน', 'อุดรธานี', '41290'),
('ไชยสถาน', 'สารภี', 'เชียงใหม่', '50140'),
('ไชยสอ', 'ชุมแพ', 'ขอนแก่น', '40130'),
('ไชโย', 'ไชโย', 'อ่างทอง', '14140'),
('ไตรตรึงษ์', 'เมืองกำแพงเพชร', 'กำแพงเพชร', '62160'),
('ไทยชนะศึก', 'ทุ่งเสลี่ยม', 'สุโขทัย', '64150'),
('ไทยบุรี', 'ท่าศาลา', 'นครศรีธรรมราช', '80160'),
('ไทยสามัคคี', 'วังน้ำเขียว', 'นครราชสีมา', '30370'),
('ไทยอุดม', 'คลองหาด', 'สระแก้ว', '27260'),
('ไทยาวาส', 'นครชัยศรี', 'นครปฐม', '73120'),
('ไทยเจริญ', 'หนองบุญมาก', 'นครราชสีมา', '30410'),
('ไทรขึง', 'พระแสง', 'สุราษฎร์ธานี', '84210'),
('ไทรงาม', 'ไทรงาม', 'กำแพงเพชร', '62150'),
('ไทรทอง', 'คลองหาด', 'สระแก้ว', '27260'),
('ไทรน้อย', 'ไทรน้อย', 'นนทบุรี', '11150'),
('ไทรม้า', 'เมืองนนทบุรี', 'นนทบุรี', '11000'),
('ไทรย้อย', 'เด่นชัย', 'แพร่', '54110'),
('ไทรเดี่ยว', 'คลองหาด', 'สระแก้ว', '27260'),
('ไทรโยค', 'ไทรโยค', 'กาญจนบุรี', '71150'),
('ไทรโรงโขน', 'ตะพานหิน', 'พิจิตร', '66110'),
('ไทรโสภา', 'พระแสง', 'สุราษฎร์ธานี', '84210'),
('ไทรใหญ่', 'ไทรน้อย', 'นนทบุรี', '11150'),
('ไผ่', 'รัตนบุรี', 'สุรินทร์', '32130'),
('ไผ่กองดิน', 'บางปลาม้า', 'สุพรรณบุรี', '72150'),
('ไผ่ขวาง', 'บ้านหมอ', 'สระบุรี', '18130'),
('ไผ่ขอดอน', 'เมืองพิษณุโลก', 'พิษณุโลก', '65000'),
('ไผ่จำศีล', 'วิเศษชัยชาญ', 'อ่างทอง', '14110'),
('ไผ่ชะเลือด', 'ศรีมโหสถ', 'ปราจีนบุรี', '25190'),
('ไผ่ดำพัฒนา', 'วิเศษชัยชาญ', 'อ่างทอง', '14110'),
('ไผ่ต่ำ', 'หนองแค', 'สระบุรี', '18140'),
('ไผ่ท่าโพ', 'โพธิ์ประทับช้าง', 'พิจิตร', '66190'),
('ไผ่พระ', 'บางไทร', 'พระนครศรีอยุธยา', '13190'),
('ไผ่รอบ', 'โพธิ์ประทับช้าง', 'พิจิตร', '66190'),
('ไผ่ลิง', 'พระนครศรีอยุธยา', 'พระนครศรีอยุธยา', '13000'),
('ไผ่ล้อม', 'ภาชี', 'พระนครศรีอยุธยา', '13140'),
('ไผ่วง', 'วิเศษชัยชาญ', 'อ่างทอง', '14110'),
('ไผ่สิงห์', 'ชุมแสง', 'นครสวรรค์', '60120'),
('ไผ่หลวง', 'ตะพานหิน', 'พิจิตร', '66110'),
('ไผ่หลิ่ว', 'ดอนพุด', 'สระบุรี', '18210'),
('ไผ่หูช้าง', 'บางเลน', 'นครปฐม', '73130'),
('ไผ่เขียว', 'สว่างอารมณ์', 'อุทัยธานี', '61150'),
('ไผ่โทน', 'ร้องกวาง', 'แพร่', '54140'),
('ไผ่ใหญ่', 'บ้านหมี่', 'ลพบุรี', '15110'),
('ไพบูลย์', 'น้ำขุ่น', 'อุบลราชธานี', '34260'),
('ไพร', 'ขุนหาญ', 'ศรีสะเกษ', '33150'),
('ไพรขลา', 'ชุมพลบุรี', 'สุรินทร์', '32190'),
('ไพรนกยูง', 'หันคา', 'ชัยนาท', '17130'),
('ไพรบึง', 'ไพรบึง', 'ศรีสะเกษ', '33180'),
('ไพรพัฒนา', 'ภูสิงห์', 'ศรีสะเกษ', '33140'),
('ไพรวัน', 'ตากใบ', 'นราธิวาส', '96110'),
('ไพล', 'ลำทะเมนชัย', 'นครราชสีมา', '30270'),
('ไพศาล', 'ประโคนชัย', 'บุรีรัมย์', '31140'),
('ไพศาลี', 'ไพศาลี', 'นครสวรรค์', '60220'),
('ไม้กลอน', 'พนา', 'อำนาจเจริญ', '37180'),
('ไม้ขาว', 'ถลาง', 'ภูเก็ต', '83110'),
('ไม้งาม', 'เมืองตาก', 'ตาก', '63000'),
('ไม้ดัด', 'บางระจัน', 'สิงห์บุรี', '16130'),
('ไม้ตรา', 'บางไทร', 'พระนครศรีอยุธยา', '13190'),
('ไม้ฝาด', 'สิเกา', 'ตรัง', '92150'),
('ไม้ยา', 'พญาเม็งราย', 'เชียงราย', '57290'),
('ไม้รูด', 'คลองใหญ่', 'ตราด', '23110'),
('ไม้เค็ด', 'เมืองปราจีนบุรี', 'ปราจีนบุรี', '25230'),
('ไม้เรียง', 'ฉวาง', 'นครศรีธรรมราช', '80260'),
('ไม้แก่น', 'ไม้แก่น', 'ปัตตานี', '94220'),
('ไร่', 'พรรณานิคม', 'สกลนคร', '47130'),
('ไร่ขิง', 'สามพราน', 'นครปฐม', '73210'),
('ไร่ขี', 'ลืออำนาจ', 'อำนาจเจริญ', '37120'),
('ไร่น้อย', 'เมืองอุบลราชธานี', 'อุบลราชธานี', '34000'),
('ไร่พัฒนา', 'มโนรมย์', 'ชัยนาท', '17170'),
('ไร่มะขาม', 'บ้านลาด', 'เพชรบุรี', '76150'),
('ไร่รถ', 'ดอนเจดีย์', 'สุพรรณบุรี', '72170'),
('ไร่สะท้อน', 'บ้านลาด', 'เพชรบุรี', '76150'),
('ไร่สีสุก', 'เสนางคนิคม', 'อำนาจเจริญ', '37290'),
('ไร่ส้ม', 'เมืองเพชรบุรี', 'เพชรบุรี', '76000'),
('ไร่หลักทอง', 'พนัสนิคม', 'ชลบุรี', '20140'),
('ไร่อ้อย', 'พิชัย', 'อุตรดิตถ์', '53120'),
('ไร่เก่า', 'สามร้อยยอด', 'ประจวบคีรีขันธ์', '77180'),
('ไร่โคก', 'บ้านลาด', 'เพชรบุรี', '76150'),
('ไร่ใต้', 'พิบูลมังสาหาร', 'อุบลราชธานี', '34110'),
('ไร่ใหม่', 'สามร้อยยอด', 'ประจวบคีรีขันธ์', '77180'),
('ไร่ใหม่พัฒนา', 'ชะอำ', 'เพชรบุรี', '76120'),
('ไล่โว่', 'สังขละบุรี', 'กาญจนบุรี', '71240'),
('ไสหมาก', 'เชียรใหญ่', 'นครศรีธรรมราช', '80190'),
('ไสหร้า', 'ฉวาง', 'นครศรีธรรมราช', '80150'),
('ไสไทย', 'เมืองกระบี่', 'กระบี่', '81000'),
('ไหล่ทุ่ง', 'ตระการพืชผล', 'อุบลราชธานี', '34130'),
('ไหล่น่าน', 'เวียงสา', 'น่าน', '55110'),
('ไหล่หิน', 'เกาะคา', 'ลำปาง', '52130'),
('ไฮหย่อง', 'พังโคน', 'สกลนคร', '47160'),
('﻿คลองมหานาค', 'ป้อมปราบศัตรูพ่าย', 'กรุงเทพมหานคร', '10100');

-- --------------------------------------------------------

--
-- Table structure for table `p_tel`
--

CREATE TABLE `p_tel` (
  `Tel` varchar(10) NOT NULL,
  `ID` varchar(13) NOT NULL
) ENGINE=InnoDB DEFAULT CHARSET=utf8mb4;

--
-- Dumping data for table `p_tel`
--

INSERT INTO `p_tel` (`Tel`, `ID`) VALUES
('0802350772', '1500000000003'),
('0808540443', '1139600108126'),
('0818021380', '1500000000001'),
('0828719876', '1139400124857'),
('0834265995', '1139600423166'),
('0837583922', '3004266217422'),
('0839325893', '6990032970211'),
('0843225657', '3200185600329'),
('0843263390', '1500000000004'),
('0845921376', '1133450108126'),
('0847275926', '3240100573148'),
('0870808547', '1233567890123'),
('0890908767', '1500000000002'),
('0899991303', '3340100323251'),
('0952850731', '1500000000005');

-- --------------------------------------------------------

--
-- Table structure for table `review`
--

CREATE TABLE `review` (
  `mID` varchar(13) NOT NULL,
  `FilmID` int(3) NOT NULL,
  `rating` float DEFAULT NULL,
  `comment` varchar(500) DEFAULT NULL
) ENGINE=InnoDB DEFAULT CHARSET=utf8mb4;

--
-- Dumping data for table `review`
--

INSERT INTO `review` (`mID`, `FilmID`, `rating`, `comment`) VALUES
('1139400124857', 50, 1, 'This is a silent film with a few \"sound effects\" as sound pictures were just coming into their own. A treasure of a film.'),
('1500000000001', 50, 4, 'It\'s a biopic of a ruthless but human fictional plutocrat, told in flashback but hopping around time.'),
('1500000000002', 50, 3, 'This short film that inspired the soon-to-be full length feature - Spatula Madness - is a hilarious piece that contends against similar cartoons yielding multiple writers.'),
('1500000000004', 50, 2, 'Usually I\'m a bit of a fan of the bad eighties & early nineties film featuring now has beens...but this film is so incredibly terrible that it was a real endurance test to sit through.'),
('1500000000005', 50, 4, 'I sure would like to see a resurrection of a up dated Seahunt series with the tech they have today it would bring back the kid excitement in me.'),
('3340100323251', 50, 4, '\"A bored television director is introduced to the black arts and astral projection by his girlfriend. Learning the ability to separate his spirit from his body, the man finds a renewed interest in his life and a sense of wellbeing.'),
('1133450108126', 51, 5, 'สนุกมากๆๆๆๆ'),
('1139400124857', 51, 4, 'It is easy to tell early in this movie exactly what will happen, and who will die. It is about 4 women and a man who on a vacation. Totally crap and totally depressing.'),
('1139600423166', 51, 3, 'I guess I have to do what I should have done from the start and buy a copy of the book if i\'m to make any sense out of this. All in all, very disappointed in something I\'ve waited for years to watch.'),
('1500000000001', 51, 5, 'This is the best version (so far) that you will see and the most true to the Bronte work. Dalton is a little tough to imagine as Rochester who Jane Eyre declared \"not handsome\".'),
('1500000000004', 51, 4, 'I have now seen quite a few films by Pedro Almodóvar, but this would have to be the most disappointing so far.'),
('1500000000005', 51, 4, 'This show was an amazing, fresh & innovative idea in the 70\'s'),
('3340100323251', 51, 3, 'Ah yes the 1980s , a time of Reaganomics and Sly , Chuck and a host of other action stars hiding in a remote jungle blowing away commies.'),
('1500000000001', 52, 1, 'Apparently, the people that wrote the back of the box did not bother to watch this so-called \"movie.\" They described \"blindingly choreographed intrigue and violence. I was not blinded by the choreography.'),
('1500000000002', 52, 5, 'I bought this game on an impulse buy from walmart. I am glad I did. It was very entertaining listening to Sean Connery and playing the game. I think the developers did a good job.'),
('1500000000004', 52, 4, 'I greatly enjoyed Margaret Atwood\'s novel \'The Robber Bride\', and I was thrilled to see there was a movie version.'),
('1500000000005', 52, 3, 'Encouraged by the positive comments about this film on here I was looking forward to watching this film.'),
('3340100323251', 52, 4, 'This tale based on two Edgar Allen Poe pieces (\"The Fall of the House of Usher\", \"Dance of Death\" (poem) ) is actually quite creepy from beginning to end. Watch it with plenty of popcorn and soda in a darkened room. Dan Basinger 8/10'),
('1139400124857', 54, 2, 'No, this hilariously horrible 70\'s made-for-TV horror clinker isn\'t about a deadly demonically possessed dessert cake.'),
('1233567890123', 54, 5, 'สนุกมากๆๆๆๆๆ'),
('1500000000004', 54, 5, 'this movie gets a 10 because there is a lot of gore in it.who cares about the plot or the acting.this is an Italian horror movie people so you know you can\'t expect much from the acting or the plot.'),
('1500000000005', 54, 4, 'Probably my all-time favorite movie, a story of selflessness, sacrifice and dedication to a noble cause, but it\'s not preachy or boring.'),
('1139600423166', 55, 1, 'All in all, a very disappointing film, especially seeing as how it comes from the director of Suzhou He. 2/10'),
('1500000000005', 55, 5, 'I have been a Mario fan for as long as I can remember, I have very fond memories of playing Super Mario World as a kid, this game has brought back many of those memories while adding something new. A perfect 10 out of 10!'),
('3004266217422', 55, 3, 'Only the slightly dodgy escape sequence from the court spoils what would otherwise be a great film but I guess is in line with the caper tag the film goes with.'),
('3340100323251', 55, 3, 'Ingrid Bergman, playing dentist Walter Matthau\'s faithful receptionist who harbors a little crush on her boss, is absolutely wonderful in this film.'),
('6990032970211', 55, 5, 'I am so happy and surprised that there is so much interest in this movie! Jack Frost was my introduction into the films produced and distributed.'),
('6990032970211', 56, 3, '\"Revolt of the Zombies\" proves that having the same director revamp and recycle an idea doesn\'t necessarily make lightning strike twice.'),
('1139600108126', 58, 4, 'A few movie execs are having a meeting & the caption reads: \"Let\'s remake a classic with worse everything!\"'),
('1500000000002', 58, 4, 'Okay, last night, August 18th, 2004, I had the distinct displeasure of meeting Mr. Van Bebble at a showing of the film The Manson Family at the Three Penny in Chicago as part of the Chicago Underground Film Festival.'),
('3004266217422', 58, 4, 'Two hours ago I was watching this brilliant movie which overwhelmed me with its imprisoning photography. It is quite understandable how it won the prize of Best Camera in Cannes 2000. Close ups predominated it.'),
('6990032970211', 58, 4, 'I am okay with these night time soaps, like Grey\'s Anatomy, or Ugly Betty, or West Wing, because there are stories that are interesting even with the given that they will never end.'),
('6990032970211', 59, 5, 'This movie was one of the best movies that I have seen this year. I didn\'t see any cameos in the movie, but it is still pretty good.  Steve did a wonderful job of portraying the person that he did in this movie and yet, it is still funny.'),
('1139400124857', 60, 3, 'The performance of every actor and actress (in the film) are excellently NATURAL which is what movie acting should be; and the directing skill is so brilliantly handled on every details that I am never tired of seeing it over and over again.'),
('1139600108126', 60, 5, 'This movie is hard to come by. Netflix does not have it. Facets does, though.'),
('1500000000001', 60, 4, 'While Star Trek the Motion Picture was mostly boring, Star Trek The Final Frontier is plain bad.'),
('1500000000003', 60, 0, 'It\'s terrific when a funny movie doesn\'t make smile you. What a pity!! This film is very boring and so long. It\'s simply painfull. The story is staggering without goal and no fun.cYou feel better when it\'s finished.'),
('3004266217422', 60, 5, 'Just be warned..... avoid the sequels!!!! Especially the one with Corey Feldman!! 8 of 10 stars.'),
('1500000000003', 61, 5, 'So well made, no CGI crap. Has anyone else been on the \"Jumping Crocs\" tour of Darwin\'s Adelaide River before? Black Water was WAY realistic; Rogue was a bit cringeworthy. Loved it!'),
('3240100573148', 61, 2, '\"The Danish Bladerunner\" is boldly stated on the box. Are you kidding me?! This film is a complete drag.'),
('1500000000001', 62, 4, 'I liked Boyle\'s performance, but that\'s about the only positive thing I can say. Everything was overdone to the point of absurdity.'),
('3240100573148', 62, 1, 'TThis movie should be removed from the public. The person who made this movie needs psychological help.'),
('3240100573148', 63, 2, 'I would tell you what the plot was, but that would be one more sentence fragment to this article, plus my mind drifted many times during the movie anyway, so I barely paid attention.'),
('1500000000003', 65, 4, 'Set in the 1794, the second year of the French republic formed after the execution of Louis XVI, this film portrays the power struggle between the revolutionary leaders Danton (Gerard Depardieu, at his finest) and Robespierre (a commanding performance by the Polish actor Wojciech Pszoniak).'),
('1139600108126', 66, 5, 'You can clearly see the folds in the paper ! Every expense spared or what !'),
('1139600423166', 67, 3, 'I actually think that \"Spike of Bensonhurst\" is a better acted film than this...and I walked out half way through that film!'),
('1139600108126', 68, 4, 'Not a great masterpiece by any means (I would have liked to have seen a tad more about Pam Dawber), but definitely watchable, especially for those Robin Williams and \"Mork & Mindy\" fans out there. Nanoo, nanoo!'),
('1500000000003', 68, 3, 'The Assignment is an outstanding thriller with several plot twists driven by character, rather than star turns, the need to stage special effects, obligatory romance, and endless car chases.'),
('1139600423166', 70, 4, 'Before I begin, let me get something off my chest: I\'m a huge fan of John Eyres\' first film PROJECT: SHADOWCHASER. The film, a B-grade cross of both THE TERMINATOR & DIE HARD'),
('1500000000003', 70, 5, 'Of course the end where despite themselves the perfect meal mellows them back to friendship is the only ending there could be..this is a 10 out of 10 film and should be seen by anyone with enough brain and taste to understand it');

-- --------------------------------------------------------

--
-- Table structure for table `showtime`
--

CREATE TABLE `showtime` (
  `TheatreID` int(2) NOT NULL,
  `FilmID` int(3) NOT NULL,
  `ShowTime` timestamp NOT NULL DEFAULT current_timestamp(),
  `Price` int(10) NOT NULL,
  `RemainingSeat` int(4) NOT NULL
) ENGINE=InnoDB DEFAULT CHARSET=utf8mb4;

--
-- Dumping data for table `showtime`
--

INSERT INTO `showtime` (`TheatreID`, `FilmID`, `ShowTime`, `Price`, `RemainingSeat`) VALUES
(1, 50, '2022-05-02 00:00:00', 210, 3),
(1, 50, '2022-05-10 11:10:00', 210, 117),
(1, 50, '2022-05-10 14:50:00', 210, 120),
(1, 51, '2022-05-11 02:00:00', 240, 117),
(1, 51, '2022-05-11 08:20:00', 240, 120),
(1, 51, '2022-05-12 02:40:00', 240, 120),
(1, 51, '2022-05-12 06:00:00', 240, 120),
(1, 51, '2022-05-12 09:30:00', 260, 120),
(1, 52, '2022-05-07 02:30:00', 190, 120),
(1, 52, '2022-05-07 06:00:00', 190, 120),
(1, 52, '2022-05-07 09:00:00', 200, 120),
(1, 52, '2022-05-12 12:30:00', 220, 120),
(1, 52, '2022-05-12 15:00:00', 220, 120),
(1, 54, '2022-05-07 12:30:00', 210, 116),
(1, 54, '2022-05-07 15:30:00', 210, 120),
(1, 59, '2022-05-01 19:15:23', 220, 116),
(1, 59, '2022-05-08 05:45:00', 220, 120),
(1, 59, '2022-05-08 08:30:00', 200, 120),
(1, 60, '2022-05-08 11:45:00', 220, 120),
(1, 60, '2022-05-08 15:15:00', 220, 120),
(1, 63, '2022-05-01 18:59:38', 220, 117),
(1, 63, '2022-05-11 11:30:00', 240, 120),
(1, 63, '2022-05-11 14:00:00', 240, 120),
(1, 67, '2022-05-01 19:04:31', 180, 119),
(1, 67, '2022-05-09 03:30:00', 150, 120),
(1, 67, '2022-05-09 06:00:00', 150, 120),
(1, 68, '2022-05-09 11:00:00', 220, 120),
(1, 68, '2022-05-09 14:00:00', 220, 120),
(2, 50, '2022-05-05 01:00:00', 190, 150),
(2, 50, '2022-05-05 05:50:00', 190, 150),
(2, 50, '2022-05-07 07:00:00', 190, 150),
(2, 51, '2022-05-07 04:10:00', 200, 150),
(2, 51, '2022-05-07 11:10:00', 200, 150),
(2, 51, '2022-05-07 15:00:00', 200, 150),
(2, 54, '2022-05-12 03:00:00', 220, 150),
(2, 54, '2022-05-12 06:00:00', 220, 150),
(2, 54, '2022-05-12 09:00:00', 240, 150),
(2, 55, '2022-05-10 03:00:00', 200, 150),
(2, 55, '2022-05-10 06:00:00', 200, 150),
(2, 55, '2022-05-10 08:00:00', 220, 150),
(2, 55, '2022-05-12 12:00:00', 260, 150),
(2, 55, '2022-05-12 15:00:00', 260, 150),
(2, 56, '2022-05-10 11:00:00', 200, 150),
(2, 56, '2022-05-10 14:00:00', 220, 150),
(2, 61, '2022-05-08 03:15:00', 250, 150),
(2, 61, '2022-05-08 06:45:00', 220, 150),
(2, 61, '2022-05-08 08:45:00', 220, 150),
(2, 62, '2022-05-08 12:00:00', 250, 150),
(2, 62, '2022-05-08 14:45:00', 250, 150),
(2, 64, '2022-05-11 03:00:00', 180, 150),
(2, 64, '2022-05-11 06:00:00', 200, 150),
(2, 64, '2022-05-11 09:00:00', 220, 150),
(2, 65, '2022-05-11 12:00:00', 240, 150),
(2, 65, '2022-05-11 15:00:00', 240, 150),
(2, 69, '2022-05-09 02:45:00', 170, 150),
(2, 69, '2022-05-09 05:00:00', 170, 150),
(2, 69, '2022-05-09 08:45:00', 190, 150),
(2, 70, '2022-05-09 11:00:00', 220, 150),
(2, 70, '2022-05-09 14:45:00', 220, 150),
(3, 50, '2022-05-07 01:00:00', 240, 120),
(3, 50, '2022-05-07 06:15:00', 240, 120),
(3, 50, '2022-05-07 14:00:00', 240, 120),
(3, 50, '2022-05-09 02:45:00', 180, 120),
(3, 50, '2022-05-09 05:30:00', 180, 120),
(3, 50, '2022-05-09 08:20:00', 200, 120),
(3, 51, '2022-05-09 11:00:00', 220, 120),
(3, 51, '2022-05-09 14:30:00', 220, 120),
(3, 56, '2022-05-12 03:00:00', 180, 120),
(3, 56, '2022-05-12 06:00:00', 180, 120),
(3, 56, '2022-05-12 09:00:00', 200, 120),
(3, 57, '2022-05-10 03:00:00', 170, 120),
(3, 57, '2022-05-10 06:00:00', 170, 120),
(3, 57, '2022-05-10 08:00:00', 190, 120),
(3, 57, '2022-05-12 12:00:00', 200, 120),
(3, 57, '2022-05-12 15:00:00', 200, 120),
(3, 58, '2022-05-10 11:00:00', 220, 120),
(3, 58, '2022-05-10 13:00:00', 220, 120),
(3, 63, '2022-05-08 02:45:00', 150, 120),
(3, 63, '2022-05-08 06:00:00', 150, 120),
(3, 63, '2022-05-08 08:45:00', 200, 120),
(3, 64, '2022-05-08 12:00:00', 220, 120),
(3, 64, '2022-05-08 14:15:00', 220, 120),
(3, 66, '2022-05-11 02:30:00', 180, 120),
(3, 66, '2022-05-11 05:30:00', 180, 120),
(3, 66, '2022-05-11 09:20:00', 220, 120),
(3, 67, '2022-05-11 12:00:00', 240, 120),
(3, 67, '2022-05-11 15:00:00', 240, 120),
(4, 51, '2022-05-08 01:15:00', 230, 100),
(4, 51, '2022-05-08 08:15:00', 230, 100),
(4, 51, '2022-05-08 13:40:00', 230, 100),
(4, 52, '2022-05-09 03:00:00', 180, 100),
(4, 52, '2022-05-09 06:00:00', 180, 100),
(4, 52, '2022-05-09 08:00:00', 200, 100),
(4, 54, '2022-05-09 11:00:00', 220, 100),
(4, 54, '2022-05-09 14:10:00', 220, 100),
(4, 56, '2022-05-01 05:45:00', 190, 100),
(4, 56, '2022-05-07 03:15:00', 190, 100),
(4, 57, '2022-05-07 09:10:00', 210, 100),
(4, 57, '2022-05-07 12:30:00', 210, 100),
(4, 57, '2022-05-07 15:15:00', 210, 100),
(4, 58, '2022-05-12 03:30:00', 180, 100),
(4, 58, '2022-05-12 06:00:00', 200, 100),
(4, 58, '2022-05-12 08:30:00', 220, 100),
(4, 58, '2022-05-19 11:45:00', 220, 100),
(4, 59, '2022-05-10 03:00:00', 180, 100),
(4, 59, '2022-05-10 06:00:00', 180, 100),
(4, 59, '2022-05-10 08:00:00', 200, 100),
(4, 59, '2022-05-12 15:00:00', 240, 100),
(4, 60, '2022-05-10 11:00:00', 220, 100),
(4, 60, '2022-05-10 14:00:00', 220, 100),
(4, 68, '2022-05-11 03:30:00', 200, 100),
(4, 68, '2022-05-11 06:00:00', 200, 100),
(4, 68, '2022-05-11 08:30:00', 220, 100),
(4, 69, '2022-05-11 11:30:00', 200, 100),
(4, 69, '2022-05-11 14:30:00', 200, 100),
(5, 50, '2022-05-09 04:00:00', 230, 150),
(5, 50, '2022-05-09 14:00:00', 230, 150),
(5, 50, '2022-05-09 15:58:00', 230, 150),
(5, 50, '2022-05-11 12:00:00', 240, 150),
(5, 50, '2022-05-11 15:00:00', 240, 150),
(5, 51, '2022-05-06 09:15:00', 210, 150),
(5, 51, '2022-05-06 11:10:00', 210, 150),
(5, 51, '2022-05-07 11:45:00', 210, 150),
(5, 51, '2022-05-07 15:00:00', 210, 150),
(5, 58, '2022-05-01 19:11:54', 190, 149),
(5, 58, '2022-05-07 05:35:00', 190, 150),
(5, 58, '2022-05-07 09:00:00', 200, 150),
(5, 59, '2022-05-12 03:30:00', 180, 150),
(5, 59, '2022-05-12 06:00:00', 200, 150),
(5, 60, '2022-05-12 09:00:00', 220, 150),
(5, 60, '2022-05-12 12:00:00', 240, 150),
(5, 60, '2022-05-12 15:00:00', 240, 150),
(5, 61, '2022-05-10 03:00:00', 180, 150),
(5, 61, '2022-05-10 06:00:00', 180, 150),
(5, 61, '2022-05-10 08:00:00', 200, 150),
(5, 62, '2022-05-10 11:00:00', 220, 150),
(5, 62, '2022-05-10 14:20:00', 220, 150),
(5, 65, '2022-05-08 02:45:00', 180, 150),
(5, 65, '2022-05-08 05:30:00', 180, 150),
(5, 66, '2022-05-08 08:45:00', 180, 150),
(5, 66, '2022-05-08 11:30:00', 200, 150),
(5, 66, '2022-05-08 14:15:00', 220, 150),
(5, 70, '2022-05-11 03:00:00', 180, 150),
(5, 70, '2022-05-11 06:00:00', 180, 150),
(5, 70, '2022-05-11 09:00:00', 200, 150);

-- --------------------------------------------------------

--
-- Table structure for table `show_in`
--

CREATE TABLE `show_in` (
  `TheatreID` int(2) NOT NULL,
  `FilmID` int(3) NOT NULL
) ENGINE=InnoDB DEFAULT CHARSET=utf8mb4;

--
-- Dumping data for table `show_in`
--

INSERT INTO `show_in` (`TheatreID`, `FilmID`) VALUES
(1, 50),
(1, 51),
(1, 52),
(1, 54),
(1, 59),
(1, 60),
(1, 63),
(1, 67),
(1, 68),
(2, 50),
(2, 51),
(2, 54),
(2, 55),
(2, 56),
(2, 61),
(2, 62),
(2, 64),
(2, 65),
(2, 69),
(2, 70),
(3, 50),
(3, 51),
(3, 56),
(3, 57),
(3, 58),
(3, 63),
(3, 64),
(3, 66),
(3, 67),
(4, 51),
(4, 52),
(4, 54),
(4, 56),
(4, 57),
(4, 58),
(4, 59),
(4, 60),
(4, 68),
(4, 69),
(5, 50),
(5, 51),
(5, 58),
(5, 59),
(5, 60),
(5, 61),
(5, 62),
(5, 65),
(5, 66),
(5, 70);

-- --------------------------------------------------------

--
-- Table structure for table `theatre`
--

CREATE TABLE `theatre` (
  `TheatreID` int(2) NOT NULL,
  `TheatreName` varchar(100) NOT NULL,
  `TheatreAddress` varchar(500) DEFAULT NULL,
  `TheatreTel` varchar(10) DEFAULT NULL,
  `ManagerID` varchar(13) NOT NULL,
  `TotalSeat` int(4) NOT NULL
) ENGINE=InnoDB DEFAULT CHARSET=utf8mb4;

--
-- Dumping data for table `theatre`
--

INSERT INTO `theatre` (`TheatreID`, `TheatreName`, `TheatreAddress`, `TheatreTel`, `ManagerID`, `TotalSeat`) VALUES
(1, 'TU DOME Theatre', 'TU Dome Plaza 98/16 หมู่ 18 คลองหนึ่ง อำเภอคลองหลวง ปทุมธานี 12120', '025111111', '3004266217422', 120),
(2, 'Fashion Island Theatre', 'ถ. รามอินทรา แขวง คันนายาว เขตคันนายาว กรุงเทพมหานคร 10230', '029144444', '3200185600329', 150),
(3, 'The Promenade Theatre', '7, 9 ถ. รามอินทรา แขวง คันนายาว เขตคันนายาว กรุงเทพมหานคร 10230', '029458989', '1500000000003', 120),
(4, 'The mall Thapra Theatre', '129 ถนน รัชดาภิเษก แขวง บุคคโล เขตธนบุรี กรุงเทพมหานคร 10600', '025432101', '1500000000004', 100),
(5, 'Central Pinklao Theatre', '7/1 ถนน บรมราชชนนี แขวง อรุณอมรินทร์ เขตบางกอกน้อย กรุงเทพมหานคร 10700', '028005555', '1500000000005', 150);

-- --------------------------------------------------------

--
-- Table structure for table `ticket`
--

CREATE TABLE `ticket` (
  `TicketID` int(5) NOT NULL,
  `mID` varchar(13) NOT NULL,
  `FilmID` int(3) NOT NULL,
  `TheatreID` int(2) NOT NULL,
  `T_Showtime` timestamp NOT NULL DEFAULT '0000-00-00 00:00:00'
) ENGINE=InnoDB DEFAULT CHARSET=utf8mb4;

--
-- Dumping data for table `ticket`
--

INSERT INTO `ticket` (`TicketID`, `mID`, `FilmID`, `TheatreID`, `T_Showtime`) VALUES
(58, '1500000000001', 50, 1, '2022-05-10 11:10:00'),
(59, '1500000000001', 50, 1, '2022-05-10 11:10:00'),
(60, '1500000000001', 50, 1, '2022-05-10 11:10:00'),
(61, '1233567890123', 54, 1, '2022-05-07 12:30:00'),
(62, '1233567890123', 54, 1, '2022-05-07 12:30:00'),
(63, '1233567890123', 54, 1, '2022-05-07 12:30:00'),
(64, '1233567890123', 54, 1, '2022-05-07 12:30:00'),
(65, '1133450108126', 51, 1, '2022-05-11 02:00:00'),
(66, '1133450108126', 51, 1, '2022-05-11 02:00:00'),
(67, '1133450108126', 51, 1, '2022-05-11 02:00:00');

-- --------------------------------------------------------

--
-- Table structure for table `user_account`
--

CREATE TABLE `user_account` (
  `ID` varchar(13) NOT NULL,
  `Password` varchar(50) NOT NULL,
  `FirstName` varchar(50) NOT NULL,
  `LastName` varchar(50) NOT NULL,
  `BirthDay` date DEFAULT NULL,
  `Gender` varchar(1) DEFAULT NULL,
  `Email` varchar(100) NOT NULL,
  `HouseNo` varchar(6) DEFAULT NULL,
  `MO` varchar(3) DEFAULT NULL,
  `District` varchar(50) NOT NULL
) ENGINE=InnoDB DEFAULT CHARSET=utf8mb4;

--
-- Dumping data for table `user_account`
--

INSERT INTO `user_account` (`ID`, `Password`, `FirstName`, `LastName`, `BirthDay`, `Gender`, `Email`, `HouseNo`, `MO`, `District`) VALUES
('1133450108126', '1bbd886460827015e5d605ed44252251', 'Chanikarn', 'Thongdi', '2000-05-06', 'F', 'cnky20@gmail.com', '11/23', '1', 'กกโพธิ์'),
('1139400124857', 'e7579203fe04e8d95dd705666e274fe2', 'Atip', 'Boonyooong', '1970-06-04', 'M', 'atip12@hotmail.com', '10/1', '5', 'โพธาราม'),
('1139600108126', '1bbd886460827015e5d605ed44252251', 'Rungruch', 'Ruangrong', '2000-10-28', 'M', 'rungruch2543@gmail.com', '11/23', '1', 'ดอนเมือง'),
('1139600423166', 'a09a6dfcbf236951a25fdcb14e136f2c', 'Atjima', 'Bhoonphol', '2000-12-14', 'N', 'artjima43@gmail.com', '198/2', '11', 'ดอนเมือง'),
('1233567890123', '1bbd886460827015e5d605ed44252251', 'fah', 'bhoon', '2000-05-06', 'F', 'fah1@gmail.com', '1', '2', 'กกโพธิ์'),
('1500000000001', '8545dec656571011bc8551b78b0a4e4f', 'Thoranin', 'Kaewfu', '2001-10-01', 'M', 'test01@gmail.com', '10', '1', 'คลองหนึ่ง'),
('1500000000002', 'a64c756d71fdf8698b7f2f52f70528da', 'Thana', 'Softer', '1998-11-11', 'M', 'thana21@gmail.com', '10', '11', 'กกกุง'),
('1500000000003', '5b1de399cde577a0e2400b6ca7dc2e25', 'Sarada', 'Livijid', '2003-01-01', 'F', 'test03@gmail.com', '32', '2', 'ปากช่อง'),
('1500000000004', 'abe6524c032d681175d1dcad29a98e26', 'Nutida', 'Konka', '2012-09-23', 'F', 'test04@gmail.com', '12/1', '1', 'สุเทพ'),
('1500000000005', '6c5332bc253766709e71212f41eded47', 'Pathama', 'Wanda', '2022-07-30', 'F', 'test05@gmail.com', '6', '10', 'คำน้ำแซบ'),
('3004266217422', '4cb475915a32bd58e9191b4cea4146bc', 'Chatachai', 'Pimonnok', '1955-03-11', 'M', 'idwtt233@live.co.th', '1', '5', 'บ้านพระ'),
('3200185600329', 'c79246cf62dd4cf679482dc06bb21339', 'Chanikarn', 'Yamwonse', '2001-01-05', 'F', 'newji32@gmail.com', '3', '1', 'สีกัน'),
('3240100573148', '6977deb2865471c256db3bf2597773f3', 'Sarayut', 'Pueak', '1960-10-30', 'M', 'saralovevgn@hotmail.com', '9/9', '6', 'บุ่ง'),
('3340100323251', '8a4254f975552c567897039a17b7991d', 'Taylor', 'Swift', '1989-12-13', 'F', 'ts13@gmail.com', '13/03', '8', 'ถนนพญาไท'),
('6990032970211', '40e06353d002c5d4d3aba190dd6e867a', 'Kanticha', 'Ohnnorm', '1980-10-01', 'F', 'ticha44@gmail.com', '56', '2', 'ไผ่ลิง');

--
-- Indexes for dumped tables
--

--
-- Indexes for table `employee`
--
ALTER TABLE `employee`
  ADD PRIMARY KEY (`eID`);

--
-- Indexes for table `emp_theatre`
--
ALTER TABLE `emp_theatre`
  ADD UNIQUE KEY `eID` (`eID`,`TheatreID`),
  ADD KEY `TheatreID` (`TheatreID`);

--
-- Indexes for table `film`
--
ALTER TABLE `film`
  ADD PRIMARY KEY (`FilmID`);

--
-- Indexes for table `filmgenre`
--
ALTER TABLE `filmgenre`
  ADD UNIQUE KEY `FilmID` (`FilmID`,`FilmGenre`);

--
-- Indexes for table `member`
--
ALTER TABLE `member`
  ADD PRIMARY KEY (`mID`),
  ADD KEY `MemberType` (`MemberType`);

--
-- Indexes for table `membertype`
--
ALTER TABLE `membertype`
  ADD PRIMARY KEY (`MemberType`);

--
-- Indexes for table `p_district`
--
ALTER TABLE `p_district`
  ADD PRIMARY KEY (`District`);

--
-- Indexes for table `p_tel`
--
ALTER TABLE `p_tel`
  ADD UNIQUE KEY `Tel` (`Tel`,`ID`),
  ADD KEY `ID` (`ID`);

--
-- Indexes for table `review`
--
ALTER TABLE `review`
  ADD UNIQUE KEY `FilmID` (`FilmID`,`mID`),
  ADD KEY `mID` (`mID`);

--
-- Indexes for table `showtime`
--
ALTER TABLE `showtime`
  ADD UNIQUE KEY `TheatreID` (`TheatreID`,`FilmID`,`ShowTime`),
  ADD KEY `FilmID` (`FilmID`);

--
-- Indexes for table `show_in`
--
ALTER TABLE `show_in`
  ADD UNIQUE KEY `TheatreID` (`TheatreID`,`FilmID`),
  ADD KEY `FilmID` (`FilmID`);

--
-- Indexes for table `theatre`
--
ALTER TABLE `theatre`
  ADD PRIMARY KEY (`TheatreID`),
  ADD UNIQUE KEY `ManagerID` (`ManagerID`);

--
-- Indexes for table `ticket`
--
ALTER TABLE `ticket`
  ADD UNIQUE KEY `TicketID` (`TicketID`,`mID`,`FilmID`,`TheatreID`),
  ADD KEY `ticket_ibfk_2` (`FilmID`),
  ADD KEY `ticket_ibfk_1` (`mID`),
  ADD KEY `ticket_ibfk_3` (`TheatreID`);

--
-- Indexes for table `user_account`
--
ALTER TABLE `user_account`
  ADD PRIMARY KEY (`ID`),
  ADD KEY `District` (`District`);

--
-- AUTO_INCREMENT for dumped tables
--

--
-- AUTO_INCREMENT for table `film`
--
ALTER TABLE `film`
  MODIFY `FilmID` int(3) NOT NULL AUTO_INCREMENT, AUTO_INCREMENT=73;

--
-- AUTO_INCREMENT for table `ticket`
--
ALTER TABLE `ticket`
  MODIFY `TicketID` int(5) NOT NULL AUTO_INCREMENT, AUTO_INCREMENT=68;

--
-- Constraints for dumped tables
--

--
-- Constraints for table `employee`
--
ALTER TABLE `employee`
  ADD CONSTRAINT `employee_ibfk_1` FOREIGN KEY (`eID`) REFERENCES `user_account` (`ID`);

--
-- Constraints for table `emp_theatre`
--
ALTER TABLE `emp_theatre`
  ADD CONSTRAINT `emp_theatre_ibfk_3` FOREIGN KEY (`eID`) REFERENCES `employee` (`eID`),
  ADD CONSTRAINT `emp_theatre_ibfk_4` FOREIGN KEY (`TheatreID`) REFERENCES `theatre` (`TheatreID`);

--
-- Constraints for table `filmgenre`
--
ALTER TABLE `filmgenre`
  ADD CONSTRAINT `filmgenre_ibfk_1` FOREIGN KEY (`FilmID`) REFERENCES `film` (`FilmID`) ON DELETE CASCADE ON UPDATE CASCADE;

--
-- Constraints for table `member`
--
ALTER TABLE `member`
  ADD CONSTRAINT `member_ibfk_1` FOREIGN KEY (`MemberType`) REFERENCES `membertype` (`MemberType`),
  ADD CONSTRAINT `member_ibfk_2` FOREIGN KEY (`mID`) REFERENCES `user_account` (`ID`);

--
-- Constraints for table `p_tel`
--
ALTER TABLE `p_tel`
  ADD CONSTRAINT `p_tel_ibfk_1` FOREIGN KEY (`ID`) REFERENCES `user_account` (`ID`);

--
-- Constraints for table `review`
--
ALTER TABLE `review`
  ADD CONSTRAINT `review_ibfk_3` FOREIGN KEY (`mID`) REFERENCES `member` (`mID`),
  ADD CONSTRAINT `review_ibfk_4` FOREIGN KEY (`FilmID`) REFERENCES `film` (`FilmID`) ON DELETE CASCADE ON UPDATE CASCADE;

--
-- Constraints for table `showtime`
--
ALTER TABLE `showtime`
  ADD CONSTRAINT `showtime_ibfk_1` FOREIGN KEY (`TheatreID`) REFERENCES `show_in` (`TheatreID`) ON DELETE CASCADE,
  ADD CONSTRAINT `showtime_ibfk_2` FOREIGN KEY (`FilmID`) REFERENCES `show_in` (`FilmID`) ON UPDATE CASCADE;

--
-- Constraints for table `show_in`
--
ALTER TABLE `show_in`
  ADD CONSTRAINT `show_in_ibfk_1` FOREIGN KEY (`TheatreID`) REFERENCES `theatre` (`TheatreID`) ON DELETE CASCADE,
  ADD CONSTRAINT `show_in_ibfk_2` FOREIGN KEY (`FilmID`) REFERENCES `film` (`FilmID`) ON DELETE CASCADE ON UPDATE CASCADE;

--
-- Constraints for table `theatre`
--
ALTER TABLE `theatre`
  ADD CONSTRAINT `theatre_ibfk_1` FOREIGN KEY (`ManagerID`) REFERENCES `employee` (`eID`);

--
-- Constraints for table `ticket`
--
ALTER TABLE `ticket`
  ADD CONSTRAINT `ticket_ibfk_1` FOREIGN KEY (`mID`) REFERENCES `member` (`mID`) ON DELETE CASCADE,
  ADD CONSTRAINT `ticket_ibfk_2` FOREIGN KEY (`FilmID`) REFERENCES `film` (`FilmID`) ON DELETE CASCADE,
  ADD CONSTRAINT `ticket_ibfk_3` FOREIGN KEY (`TheatreID`) REFERENCES `theatre` (`TheatreID`) ON DELETE CASCADE;

--
-- Constraints for table `user_account`
--
ALTER TABLE `user_account`
  ADD CONSTRAINT `user_account_ibfk_1` FOREIGN KEY (`District`) REFERENCES `p_district` (`District`);
COMMIT;

/*!40101 SET CHARACTER_SET_CLIENT=@OLD_CHARACTER_SET_CLIENT */;
/*!40101 SET CHARACTER_SET_RESULTS=@OLD_CHARACTER_SET_RESULTS */;
/*!40101 SET COLLATION_CONNECTION=@OLD_COLLATION_CONNECTION */;
